date,index_all_shortage,energy_shortage,food_shortage,industry_shortage,labor_shortage
1900m1,41.202171,11.692508,16.703585,8.9085779,3.8975029
1900m2,38.298439,9.1186771,14.589883,7.2949414,7.2949414
1900m3,28.235422,4.4290857,15.5018,6.0899925,2.2145429
1900m4,29.773914,7.0056267,11.092242,7.5894289,4.0866156
1900m5,20.115383,1.7241757,12.06923,3.4483514,2.8736262
1900m6,27.544777,4.2847433,15.91476,3.6726367,3.6726367
1900m7,34.7878,2.281167,21.100796,5.7029176,5.7029176
1900m8,32.596035,3.4311614,18.871387,6.290463,4.0030217
1900m9,74.489288,20.528542,26.393841,14.663244,12.903656
1900m10,45.902885,5.2294426,24.985113,10.458885,5.2294426
1900m11,29.915657,5.8658152,10.558467,8.7987232,4.6926522
1900m12,13.651898,3.4129746,6.8259492,3.4129746,0
1901m1,22.132053,4.0769572,10.483604,5.2418022,2.32969
1901m2,24.736849,1.2368425,11.750004,9.8947401,1.8552636
1901m3,39.492157,1.1124551,11.680779,21.692875,5.0060482
1901m4,21.347813,2.3078716,8.6545191,8.0775509,2.3078716
1901m5,15.409764,.570732,7.9902482,4.565856,2.282928
1901m6,29.610521,2.193372,13.708575,3.8384011,9.8701744
1901m7,48.867874,1.1635208,29.08802,9.3081665,9.3081665
1901m8,64.009834,1.7145492,28.575821,20.003075,13.716393
1901m9,39.043388,2.4026701,18.020027,10.812016,7.8086777
1901m10,59.724995,12.634133,23.545429,20.674036,2.8713939
1901m11,76.478088,4.565856,25.112209,41.663437,5.1365881
1901m12,93.072762,18.28215,24.3762,43.212353,7.2020588
1902m1,45.193825,4.2535367,12.760609,23.926144,4.2535367
1902m2,25.153101,3.5933001,10.7799,7.7854838,2.9944167
1902m3,21.892092,2.6697674,6.4074421,9.6111622,3.203721
1902m4,32.344677,1.7642552,17.054466,9.9974461,3.5285103
1902m5,41.769447,9.467741,20.049334,5.5692592,6.6831112
1902m6,34.665077,8.403656,13.130712,7.353199,5.777513
1902m7,41.310833,9.1801853,13.770278,12.750257,5.6101131
1902m8,55.878094,16.917221,15.379292,17.429865,6.1517167
1902m9,70.425873,26.409702,12.654649,22.558289,8.8032341
1902m10,94.667061,48.109489,12.932658,21.726866,11.898046
1902m11,69.511925,20.636353,15.205732,27.696156,5.973681
1902m12,108.1209,64.456696,11.435864,27.030226,5.1981201
1903m1,173.98665,110.07318,17.75374,36.014729,10.144993
1903m2,63.190243,26.517334,7.8987803,20.875349,7.8987803
1903m3,29.230234,2.4771385,6.4405599,18.330824,1.9817108
1903m4,32.445641,5.0346684,5.5940757,18.460451,3.3564456
1903m5,21.517382,3.148885,5.7729564,6.29777,6.29777
1903m6,27.635254,3.7930744,9.7536192,7.0442805,7.0442805
1903m7,36.895081,1.0851494,18.44754,8.6811953,8.6811953
1903m8,43.409859,4.6510563,19.637793,13.436384,5.6846242
1903m9,42.023865,3.3176734,13.270694,18.247204,7.1882925
1903m10,45.038361,3.844738,8.7879725,28.560911,3.844738
1903m11,26.045712,4.8835707,8.1392851,8.6819038,4.3409519
1903m12,32.261112,4.6830645,14.049194,8.325448,5.2034049
1904m1,36.513,5.1426759,16.456564,10.285352,4.6284084
1904m2,38.749947,3.9889653,19.374973,10.257339,5.1286693
1904m3,44.636726,3.2661021,14.153109,20.140963,7.0765543
1904m4,25.878283,1.7252188,9.2011671,9.7762403,5.1756568
1904m5,19.100704,1.0914688,10.368954,2.1829376,5.4573441
1904m6,22.003746,2.8209929,11.283972,5.6419859,2.2567945
1904m7,34.37505,.5055154,22.748194,4.5496387,6.5717006
1904m8,32.155701,1.5814279,22.139992,3.1628559,5.2714262
1904m9,38.382912,1.6688223,18.357044,12.794304,5.5627408
1904m10,25.201019,3.1501274,7.350297,9.9754038,4.7251911
1904m11,31.086081,1.1730596,14.076715,12.317125,3.5191789
1904m12,46.708843,4.8319492,19.864681,17.180264,4.8319492
1905m1,40.011002,5.8839707,10.00275,20.005501,4.1187797
1905m2,24.464174,4.6283574,10.579103,7.9343266,1.3223878
1905m3,23.562971,0,7.6579657,12.370561,3.5344458
1905m4,33.096779,3.4238045,10.842049,9.7007799,9.1301451
1905m5,22.063614,1.6972011,9.6174726,4.5258694,6.2230706
1905m6,12.839143,.58359742,5.8359742,2.9179871,3.5015845
1905m7,18.479187,1.6305164,7.609077,3.2610328,5.9785604
1905m8,38.466526,1.1149718,14.494634,13.937146,8.9197741
1905m9,30.991302,2.9799328,12.515718,9.5357847,5.9598656
1905m10,53.870892,4.8483806,16.161268,26.396738,6.4645071
1905m11,51.468185,7.6906486,13.014944,27.213064,3.54953
1905m12,30.770607,1.0989503,5.4947515,20.880054,3.2968507
1906m1,42.534393,6.0763421,11.047894,17.124237,8.2859201
1906m2,27.672863,3.4591079,6.3416982,13.836432,4.0356259
1906m3,28.436295,4.9888234,8.9798822,7.4832354,6.9843531
1906m4,51.682583,8.6137629,13.997366,16.689167,12.382285
1906m5,49.52914,4.845242,11.843925,18.842607,13.997366
1906m6,44.793743,2.8713939,11.485576,20.099758,10.337018
1906m7,53.978096,3.1751821,12.700728,20.109486,17.992697
1906m8,90.094917,2.7979789,22.383831,34.135345,30.777767
1906m9,95.508873,5.7190943,13.725826,45.180843,30.883108
1906m10,94.182083,3.1746771,14.815159,51.853058,24.339191
1906m11,108.1974,14.20774,19.125805,48.634186,26.229675
1906m12,190.72461,31.614677,22.285757,119.20288,17.621296
1907m1,159.11742,28.840031,17.403467,97.459419,15.414499
1907m2,60.803799,10.502475,5.5276179,35.376755,9.3969517
1907m3,55.767773,4.0805688,5.894155,34.458138,11.334912
1907m4,43.594391,2.9723449,7.9262528,22.787975,9.9078159
1907m5,43.554714,3.4256516,14.681364,20.064529,5.3831663
1907m6,36.381981,2.8722618,18.19099,8.1380749,7.1806545
1907m7,38.816273,4.3668303,14.070899,15.526509,4.8520341
1907m8,49.239849,10.039192,15.775873,13.38559,10.039192
1907m9,72.593582,12.26243,19.129391,25.505852,15.69591
1907m10,70.782913,9.3394127,17.695728,31.459074,12.2887
1907m11,44.715691,2.5121174,12.560588,19.594515,10.04847
1907m12,28.79928,2.3999403,9.1197729,13.439664,3.8399043
1908m1,17.861998,1.9846665,3.9693329,8.9309988,2.9769998
1908m2,15.829328,1.5829327,3.1658654,8.4423084,2.6382213
1908m3,23.387812,1.4319068,10.50065,7.6368365,3.8184183
1908m4,24.925915,2.7093387,7.5861483,10.295487,4.3349419
1908m5,19.667286,.50428939,8.5729198,8.0686302,2.5214469
1908m6,29.880598,.54328358,13.582089,11.952238,3.802985
1908m7,25.807129,0,11.871279,9.2905664,4.6452832
1908m8,33.512875,3.6090786,10.311653,14.951898,4.6402435
1908m9,24.762566,1.0766333,13.457916,8.6130667,1.6149499
1908m10,29.914997,2.4929163,8.4759159,16.453247,2.4929163
1908m11,17.92001,.52705908,3.1623545,10.541182,3.6894138
1908m12,17.906635,.5116182,8.1858912,6.6510363,2.5580907
1909m1,17.995192,2.0565934,7.7122254,7.1980772,1.0282967
1909m2,20.778442,1.1231591,7.3005338,7.862113,4.4926362
1909m3,24.375938,2.074548,13.484562,5.7050071,3.1118219
1909m4,33.437771,1.5673954,27.690655,2.0898607,2.0898607
1909m5,21.281208,0,12.372796,3.4643826,5.4440303
1909m6,21.062342,.52655858,13.163964,4.739027,2.6327927
1909m7,26.195251,2.568162,10.272648,10.78628,2.568162
1909m8,56.012527,1.9827442,20.32313,22.801559,10.905093
1909m9,49.027626,3.8132598,17.976795,21.245306,5.9922652
1909m10,67.183258,5.3942761,18.634771,38.740711,4.4134989
1909m11,49.094479,5.6846242,12.9196,26.872766,3.6174879
1909m12,48.357628,8.8395662,9.8795156,19.759031,9.8795156
1910m1,55.18816,17.787918,16.875717,15.507417,5.0171056
1910m2,22.141743,6.0386572,8.0515432,5.5354357,2.5161071
1910m3,29.399384,3.7332551,7.933167,10.733109,6.9998536
1910m4,26.392677,6.8620963,8.4456568,5.8063893,5.2785354
1910m5,27.725233,1.3862616,14.786792,4.6208725,6.9313083
1910m6,28.408604,.99679315,14.951898,5.4823623,6.9775519
1910m7,39.86964,3.2452033,22.716423,7.8812079,6.0268064
1910m8,42.907097,2.4945989,21.453548,11.475154,7.4837961
1910m9,39.562458,3.550477,21.810074,8.6225872,5.5793209
1910m10,41.453861,4.994441,17.480545,15.482767,3.4961088
1910m11,37.196892,6.7161055,12.398964,12.915587,5.166235
1910m12,30.119949,7.2870851,12.630946,8.2586966,1.9432225
1911m1,16.12155,1.8424628,5.5273881,6.4486198,2.3030784
1911m2,16.481655,3.9955528,5.493885,4.9944406,1.9977764
1911m3,14.207289,.45829964,9.6242924,2.7497978,1.3748989
1911m4,12.109299,0,7.9176183,3.2601957,.93148452
1911m5,25.674589,.9688524,14.532786,4.3598361,5.8131146
1911m6,18.001095,.97303212,9.7303219,5.8381925,1.4595481
1911m7,44.457096,1.3609315,34.930573,4.9900823,3.1755068
1911m8,45.665363,4.0145373,27.599945,6.0218062,8.0290747
1911m9,28.85384,.5062077,18.729687,6.5807004,3.0372465
1911m10,33.749763,2.4456348,20.054205,7.8260322,3.4238889
1911m11,32.6255,4.0154462,14.054062,12.046339,2.5096538
1911m12,31.353024,1.9294169,11.094148,13.988273,4.3411884
1912m1,33.238205,3.9687409,14.386686,12.402315,2.4804633
1912m2,31.157078,5.7121305,7.2699847,14.539969,3.6349924
1912m3,62.37466,20.940065,10.6928,28.068596,2.6731999
1912m4,34.128716,6.5246081,10.539751,10.037858,7.0265007
1912m5,38.631382,1.5875909,14.288319,15.87591,6.8795609
1912m6,32.741043,0,7.1621037,12.277891,13.301049
1912m7,69.641869,4.5750132,20.333393,21.35006,23.3834
1912m8,108.00786,8.2685442,24.288849,49.094479,26.355984
1912m9,112.82245,9.279768,22.466808,59.097473,21.978399
1912m10,115.06624,9.8769302,9.3830843,64.693893,31.112331
1912m11,115.10396,16.095045,15.607317,67.306557,16.095045
1912m12,82.223427,7.8971648,12.542556,44.131218,17.652487
1913m1,32.093636,4.8626719,5.3489394,16.046818,5.835207
1913m2,34.928333,14.680023,9.6179466,5.0620766,5.568285
1913m3,37.197807,2.1881065,15.754366,12.253396,7.0019407
1913m4,33.582508,4.256938,10.405848,14.189793,4.7299309
1913m5,26.947033,4.6460404,3.7168322,10.221289,8.3628731
1913m6,28.897259,3.8529677,12.040525,7.7059355,5.2978306
1913m7,27.181734,.98842669,11.366907,10.872693,3.9537067
1913m8,60.830616,2.9434171,29.43417,21.094488,7.3585424
1913m9,56.55328,3.53458,27.26676,21.71242,4.0395198
1913m10,43.063801,3.7858288,15.616544,18.929144,4.732286
1913m11,35.4361,5.5951738,13.987934,13.055405,2.7975869
1913m12,27.43165,5.2025542,13.715825,5.6755137,2.8377569
1914m1,25.201273,2.7492297,6.8730745,9.1640997,6.4148693
1914m2,29.823145,8.0876322,12.131449,7.0766783,2.5273852
1914m3,20.315628,1.8058337,10.835002,4.966043,2.7087505
1914m4,16.526562,1.88875,8.4993753,4.7218752,1.4165624
1914m5,17.444424,1.453702,7.753077,7.2685094,.96913463
1914m6,23.822575,3.0411794,10.137266,8.1098118,2.5343165
1914m7,39.289906,2.0148668,13.096635,17.630085,6.5483174
1914m8,59.942287,5.7087893,32.349804,15.69917,6.1845217
1914m9,42.933254,5.3004017,22.791727,10.600803,4.2403212
1914m10,38.654873,5.9469037,13.876108,13.380533,5.4513288
1914m11,40.819595,6.0994797,15.483294,11.260577,7.9762425
1914m12,32.308228,3.3258469,11.878025,15.203872,1.900484
1915m1,47.371864,4.3065333,15.312118,21.532665,6.2205477
1915m2,82.240768,3.6902907,49.555332,20.033007,8.9621344
1915m3,63.055836,7.2201338,27.91785,17.809664,10.108188
1915m4,43.564327,1.9579471,19.579472,14.684604,7.3423018
1915m5,47.759789,7.4917316,18.261097,10.30113,11.70583
1915m6,60.868519,3.069001,24.552008,16.879505,16.368006
1915m7,75.978233,6.9979954,31.990835,19.994272,16.995131
1915m8,48.905506,6.8467708,15.160707,21.029367,5.8686604
1915m9,56.939762,7.8357468,12.014812,30.298222,6.7909808
1915m10,62.77853,7.9054441,12.555706,36.272038,6.0453396
1915m11,89.79689,4.0586166,21.307735,51.240032,13.190503
1915m12,83.236465,15.001922,15.001922,44.037899,9.194726
1916m1,90.929047,12.52594,18.556948,48.248066,11.598092
1916m2,94.508438,8.5007591,19.001698,55.004913,12.001072
1916m3,106.52132,7.9773679,22.055075,64.2882,12.20068
1916m4,81.412689,7.5732737,22.246492,34.553062,17.039865
1916m5,75.260178,3.961062,26.242037,28.222567,16.834515
1916m6,72.910553,5.5695558,28.354101,23.797192,15.189698
1916m7,82.068542,6.5453439,36.754623,23.160446,15.608128
1916m8,134.62173,13.009664,41.857174,52.60429,27.1506
1916m9,122.32552,9.145833,35.440105,50.302086,27.4375
1916m10,130.48335,16.376453,38.035629,54.412086,21.65918
1916m11,235.27249,47.27438,28.584507,122.03386,37.379742
1916m12,173.03108,27.18313,30.842398,88.345177,26.660378
1917m1,126.68969,21.733377,27.564283,61.489555,15.902471
1917m2,222.97795,44.255169,65.815376,88.510338,24.397079
1917m3,167.81212,12.507735,71.398323,58.890591,25.015471
1917m4,202.1595,15.071016,107.57587,41.575218,37.937389
1917m5,212.14671,24.415863,86.269379,60.225796,41.23568
1917m6,166.8364,28.941008,52.207306,49.937424,35.750656
1917m7,174.1971,24.660433,47.222103,66.110939,36.203613
1917m8,178.68596,41.635563,49.731365,56.670624,30.648399
1917m9,167.89891,31.447733,49.037144,53.834255,33.579781
1917m10,224.57784,67.427727,47.308163,64.708862,45.133076
1917m11,232.06384,64.736488,47.729443,75.708771,43.889141
1917m12,366.39529,146.97212,60.030869,96.256393,63.135914
1918m1,577.80109,260.68967,114.4109,121.20241,81.498169
1918m2,389.5751,138.96783,102.33614,82.566666,65.70446
1918m3,259.82269,53.806564,75.620033,79.497986,50.898106
1918m4,231.96786,49.332531,47.758087,86.069527,48.807716
1918m5,189.13239,36.050098,43.887074,59.038567,50.156658
1918m6,210.35593,37.874306,51.181492,54.764194,66.535942
1918m7,199.47701,30.521072,56.681992,52.866859,59.407085
1918m8,205.88708,36.226463,39.245338,52.528378,77.886902
1918m9,188.25906,40.578808,44.570168,41.909264,61.200825
1918m10,140.60173,29.986153,25.32164,46.645126,38.648815
1918m11,120.14459,21.478363,27.519152,30.203947,40.94313
1918m12,102.60378,17.970154,22.607611,28.984118,33.041893
1919m1,122.84391,26.516968,30.305105,32.469753,33.552078
1919m2,98.929649,9.7779312,28.183447,27.033102,33.935169
1919m3,83.226669,13.114506,23.706991,25.724607,20.680567
1919m4,74.846695,10.533979,24.394478,19.959118,19.959118
1919m5,96.764252,11.569639,20.509813,29.975882,34.708916
1919m6,87.712166,8.8756351,18.795464,29.759483,30.28158
1919m7,145.17709,34.159317,24.552008,42.165405,44.300362
1919m8,171.8387,32.781536,35.425209,66.620544,37.01141
1919m9,169.3112,40.926216,31.395454,63.912174,33.077354
1919m10,155.41393,33.377491,34.420536,54.759941,32.855965
1919m11,257.61505,112.91213,25.213388,79.47699,40.01255
1919m12,299.65634,150.10614,23.905792,82.836357,42.808052
1920m1,189.10779,45.53587,24.642941,82.500282,36.428696
1920m2,205.00957,55.302311,34.075161,82.115547,33.516552
1920m3,172.23961,40.263805,26.283318,74.376198,31.316294
1920m4,239.20261,39.965054,70.526566,63.473911,65.237076
1920m5,284.74976,51.879875,56.59623,103.1702,73.103462
1920m6,251.42833,62.707779,58.52726,82.415939,47.777359
1920m7,317.37183,118.87426,47.661846,98.688057,52.147667
1920m8,185.59695,62.055424,29.604422,61.486107,32.451
1920m9,150.25803,45.258442,24.137835,51.2929,29.568848
1920m10,129.20103,42.548134,19.198547,38.397095,29.057261
1920m11,108.30939,37.164986,11.149496,45.128914,14.865994
1920m12,84.844833,21.728556,18.10713,25.867329,19.141823
1921m1,77.477097,23.839108,13.906146,28.308939,11.422905
1921m2,40.003925,11.177567,8.2361021,12.354154,8.2361021
1921m3,62.523987,13.546864,10.941697,21.883394,16.152029
1921m4,70.058899,23.019354,13.010939,21.01767,13.010939
1921m5,51.289089,10.879504,17.614433,9.3252888,13.469862
1921m6,65.958168,14.316502,19.429537,17.384325,14.827805
1921m7,65.136711,9.167388,20.264753,24.607201,11.097364
1921m8,68.272003,7.8025146,28.771772,17.068001,14.629715
1921m9,50.038902,7.3741536,17.381933,14.748307,10.534506
1921m10,50.492626,13.337674,16.672092,12.384983,8.0978737
1921m11,40.897461,7.0512862,13.632486,15.51283,4.7008576
1921m12,24.380409,4.5148907,7.6753139,7.6753139,4.5148907
1922m1,38.219078,7.8175387,9.1204624,13.029231,8.2518463
1922m2,45.259197,14.266486,13.282591,10.330904,7.3792171
1922m3,51.653542,17.65933,11.037082,11.037082,11.920048
1922m4,66.168808,29.455793,6.8303285,17.929613,11.953074
1922m5,70.953651,19.427784,10.558578,23.651217,17.316069
1922m6,91.05603,23.414408,13.875204,23.848007,29.918409
1922m7,216.96989,96.62989,17.447063,49.209667,53.683273
1922m8,280.8277,141.98648,19.770269,68.74662,50.324318
1922m9,228.16473,84.774582,21.314754,84.774582,37.300819
1922m10,188.17697,32.116745,21.260378,97.707275,37.092579
1922m11,184.75575,35.327972,21.960632,91.661766,35.805378
1922m12,151.99332,39.725525,17.271967,60.020088,34.975735
1923m1,140.42424,40.240978,15.92872,43.594395,40.660156
1923m2,185.4133,67.165024,24.122648,51.556252,42.569378
1923m3,145.03398,32.942822,14.118352,51.339462,46.633343
1923m4,156.46188,16.272038,25.868366,43.392097,70.92939
1923m5,141.30359,18.048122,21.569706,38.737431,62.948322
1923m6,117.17419,14.92953,22.168091,31.21629,48.860279
1923m7,118.74651,13.895867,29.476084,30.739344,44.635212
1923m8,133.92654,29.957256,32.159996,33.041088,38.768211
1923m9,88.892677,25.792692,21.647438,21.186855,20.265688
1923m10,93.186386,15.030063,31.348415,33.066139,13.741771
1923m11,62.684113,6.052259,18.156776,21.182905,17.292168
1923m12,46.806709,5.3848429,17.397184,14.911871,9.1128101
1924m1,44.749454,9.0220671,11.548246,15.157072,9.0220671
1924m2,41.52317,5.140964,15.422893,13.841057,7.118258
1924m3,46.207909,7.5863733,13.448571,12.758901,12.414065
1924m4,36.972626,6.6550727,9.2431564,11.461514,9.6128826
1924m5,42.587151,5.1845226,13.331631,12.961307,11.109692
1924m6,51.581169,7.1535926,22.966797,10.165631,11.295147
1924m7,63.206787,8.2443638,31.407101,16.096138,7.4591861
1924m8,71.129913,12.968437,33.796532,16.505283,7.8596587
1924m9,43.681465,5.3571606,18.544018,13.186858,6.5934291
1924m10,47.382172,4.5486884,25.396845,12.88795,4.5486884
1924m11,40.905636,4.2853522,20.647606,8.9602823,7.0123949
1924m12,37.514454,5.8012042,12.762649,12.375901,6.5746975
1925m1,43.19445,5.9351149,21.102633,8.5729446,7.5837584
1925m2,42.100159,4.2453942,20.165623,11.674834,6.0143085
1925m3,33.233154,3.4815686,13.609768,12.027237,4.1145811
1925m4,37.781513,3.7106843,17.87875,11.806723,4.385354
1925m5,22.469427,3.965193,10.573848,4.6260586,3.3043275
1925m6,36.948772,6.334075,15.835189,11.260578,3.5189307
1925m7,45.898937,9.4600868,15.76681,11.912701,8.7593393
1925m8,58.290539,15.928229,16.606026,13.217041,12.539244
1925m9,61.190559,18.638502,15.825145,19.341843,7.3850675
1925m10,55.38316,18.345671,12.115066,14.538079,10.384342
1925m11,57.389317,17.832838,10.699703,17.832838,11.023937
1925m12,47.681969,7.1849546,16.329441,15.349675,8.8178988
1926m1,46.339184,13.901755,12.119479,13.188845,7.1291051
1926m2,41.485439,15.085614,8.799942,11.314211,6.2856727
1926m3,35.398701,4.7652097,15.657118,9.1900473,5.7863264
1926m4,27.303997,3.1204569,12.481828,7.8011422,3.9005711
1926m5,49.598949,13.622247,18.512283,8.0336323,9.4307861
1926m6,29.22258,7.0415854,9.5061398,5.6332684,7.0415854
1926m7,50.545982,6.2746735,15.686685,18.475428,10.109197
1926m8,52.341255,8.8881378,18.105467,15.142753,10.204899
1926m9,49.449898,5.1664071,18.820482,16.606308,8.856698
1926m10,53.477863,8.8001547,17.261843,16.923374,10.492492
1926m11,50.20388,10.883359,14.043044,13.691967,11.585511
1926m12,40.236332,11.394361,10.326138,12.106507,6.4093275
1927m1,23.54228,4.0943098,9.2121964,6.1414642,4.0943098
1927m2,35.580715,5.1353612,13.205215,8.8034763,8.4366646
1927m3,25.889471,5.7158575,4.3709497,9.0781269,6.7245378
1927m4,28.185637,8.205945,9.9898462,5.3517027,4.6381426
1927m5,22.507866,5.0390744,8.3984575,4.3671975,4.703136
1927m6,26.43392,9.1637592,9.8686638,4.2294273,3.1720703
1927m7,25.477079,6.1144991,8.4923592,3.0572495,7.8129711
1927m8,23.208525,5.0768647,10.153729,2.5384324,5.4394979
1927m9,18.202621,3.2122276,8.2090263,3.5691416,3.2122276
1927m10,19.397276,1.9726043,5.5890455,9.2054863,2.6301391
1927m11,36.532429,7.0383577,19.439274,6.0328779,4.0219188
1927m12,19.517927,2.6921279,4.0381923,7.7398677,5.04774
1928m1,19.298317,2.6618369,8.6509695,4.3254848,3.6600256
1928m2,25.609039,2.9267473,9.8777723,7.3168683,5.4876513
1928m3,22.323025,2.665436,8.6626663,7.6631279,3.3317947
1928m4,23.951021,3.4215746,11.633354,5.8166771,3.079417
1928m5,19.539633,2.7913761,9.0719719,6.6295185,1.046766
1928m6,20.094988,2.5118735,7.5356207,6.8179426,3.2295518
1928m7,24.33972,1.8439182,14.013778,4.7941871,3.6878364
1928m8,24.64856,4.5505033,9.1010065,5.6881289,5.3089204
1928m9,24.971201,3.8687773,8.792676,6.3307266,5.9790196
1928m10,35.611847,2.3969512,14.381706,13.696863,5.1363239
1928m11,22.979334,2.5133648,8.9763031,6.4629374,5.0267296
1928m12,22.99514,1.9995774,7.6650467,6.6652579,6.6652579
1929m1,20.878775,1.0102633,10.439387,6.7350883,2.6940353
1929m2,38.150501,7.7034669,18.341587,8.43713,3.6683176
1929m3,38.327515,5.0265594,15.079679,15.079679,3.1415997
1929m4,28.755341,4.9014788,3.9211829,14.37767,5.5550094
1929m5,25.023415,1.9755328,9.5484085,9.8776636,3.62181
1929m6,29.710913,2.310849,14.855456,9.2433958,3.3012125
1929m7,53.256783,5.2556033,30.4825,14.365315,3.153362
1929m8,38.257034,2.4345386,26.084343,4.521286,5.2168684
1929m9,43.248032,1.6506883,23.769911,8.5835791,9.2438536
1929m10,39.285332,5.1102872,13.733897,10.220574,10.220574
1929m11,21.698647,3.2876737,11.506859,3.9452083,2.9589064
1929m12,30.34029,6.2557297,14.388178,5.630157,4.0662246
1930m1,29.951656,4.3263507,15.641421,3.9935541,5.9903312
1930m2,26.701899,4.0794568,10.75493,5.5628958,6.304615
1930m3,24.824499,1.2569367,11.626664,5.3419805,6.5989175
1930m4,24.871338,1.7035164,13.287428,4.4291425,5.4512525
1930m5,31.996616,6.467401,14.63675,6.8077908,4.0846744
1930m6,23.60169,6.9416738,9.0241756,5.5533385,2.0825021
1930m7,24.713671,.7488991,17.224678,4.8678441,1.8722477
1930m8,93.256897,4.9483256,74.98616,7.6128078,5.7096062
1930m9,46.841827,1.6435728,32.460564,9.0396509,3.6980391
1930m10,49.852619,1.7309939,29.773092,9.0011683,9.3473663
1930m11,31.900082,3.4674003,16.643522,5.8945804,5.8945804
1930m12,19.970053,2.1396484,7.8453784,4.9925132,4.9925132
1931m1,30.443821,2.914834,12.307076,7.1251493,8.0967607
1931m2,43.411243,4.012804,19.334419,10.21441,9.8496103
1931m3,38.509346,4.4191051,18.623371,8.2069092,7.2599583
1931m4,32.325428,2.7221413,17.693918,6.1248183,5.7845502
1931m5,31.194193,1.9098486,15.915404,6.3661618,7.0027781
1931m6,26.345377,2.0798981,14.559287,4.5064459,5.1997452
1931m7,27.329138,1.7518679,16.81793,4.2044826,4.5548563
1931m8,44.567848,5.6148472,27.372379,4.2111354,7.3694868
1931m9,53.534256,3.9258454,32.477448,8.2085857,8.9223757
1931m10,26.254688,2.9536524,12.142793,4.9227543,6.2354884
1931m11,33.512745,.98566896,18.399153,7.5567951,6.571126
1931m12,28.240206,2.3533504,13.447717,5.7152801,6.7238584
1932m1,16.331375,.32022303,5.4437914,6.0842381,4.4831228
1932m2,23.714073,3.9523458,11.857037,5.3895621,2.5151291
1932m3,18.805899,2.3507373,8.7313099,5.0372939,2.6865568
1932m4,26.21834,1.3799126,14.144104,6.2096071,4.4847159
1932m5,25.227215,3.6999915,13.454515,5.3818059,2.6909029
1932m6,20.30414,2.9005911,10.514644,4.7134609,2.1754436
1932m7,30.668703,3.0290077,21.960304,3.7862594,1.8931297
1932m8,38.285366,5.2390504,21.359205,7.657074,4.0300388
1932m9,41.309731,1.1691432,25.331436,7.4045739,7.4045739
1932m10,18.485111,.69755137,7.3242898,5.9291868,4.5340843
1932m11,24.944559,.36683175,15.406933,5.869308,3.3014855
1932m12,24.667124,1.4510072,14.872825,4.7157736,3.6275184
1933m1,20.036854,2.0376463,11.207054,5.7733307,1.0188231
1933m2,20.952536,1.5520397,11.252288,5.0441289,3.1040795
1933m3,29.681461,1.4134029,18.727589,5.300261,4.2402086
1933m4,22.13999,1.7571421,7.0285683,7.3799968,5.9742827
1933m5,21.372492,.74991196,10.498768,6.749208,3.374604
1933m6,27.459032,1.1602408,10.442167,7.3481917,8.5084324
1933m7,46.931534,2.2893431,24.038103,12.972944,7.631144
1933m8,71.27475,10.402261,40.838501,10.402261,9.6317225
1933m9,50.650459,2.6263201,32.266216,7.5037718,8.2541485
1933m10,28.186087,3.0199378,13.086397,7.0465217,5.0332298
1933m11,25.557083,1.7504852,12.253396,3.1508732,8.4023285
1933m12,22.529478,1.6813043,10.424087,5.7164345,4.7076521
1934m1,38.277641,2.0146127,16.452671,9.7372952,10.073064
1934m2,46.874931,4.9143071,19.657228,12.852803,9.4505911
1934m3,39.009964,3.0797341,11.63455,12.318936,11.976744
1934m4,36.274784,2.3295732,15.641421,9.3182926,8.9854975
1934m5,57.961021,3.6432643,38.419876,7.9489403,7.9489403
1934m6,78.289749,2.0693326,57.251534,9.3119974,9.6568851
1934m7,133.62981,18.253557,79.213547,20.664404,15.498303
1934m8,108.42142,1.8130671,83.401093,17.768057,5.4392014
1934m9,60.105698,1.066965,33.431572,17.07144,8.5357199
1934m10,37.533615,1.6907034,20.288439,9.4679384,6.0865316
1934m11,34.286057,1.3994309,21.691179,6.6472964,4.5481501
1934m12,52.967987,4.0744605,23.767687,15.279226,9.8466139
1935m1,40.314373,4.1348076,22.396873,6.5467787,7.2359133
1935m2,25.704145,1.1340065,13.230075,5.670032,5.670032
1935m3,35.218002,1.6304631,19.891649,5.8696671,7.8262229
1935m4,37.10638,1.7503011,18.903252,8.0513849,8.4014444
1935m5,51.294605,4.1035686,22.569626,14.020525,10.600884
1935m6,31.414188,0,15.879699,8.2850609,7.2494278
1935m7,52.075089,1.4566458,25.127142,11.289005,14.202297
1935m8,47.931244,4.0557208,24.703024,11.429758,7.7427392
1935m9,49.172565,4.3708944,22.947197,11.655719,10.198753
1935m10,69.311996,4.644618,33.58416,14.648412,16.434803
1935m11,45.13826,6.0900826,18.628489,12.180165,8.2395239
1935m12,47.532845,3.6821218,21.423254,10.711627,11.715842
1936m1,51.753605,7.1975212,23.648998,11.31039,9.5966949
1936m2,85.198914,33.0513,27.542751,11.017101,13.587758
1936m3,60.439697,4.2471137,40.184231,8.1675262,7.8408256
1936m4,24.063631,2.4063632,6.1877913,5.1564922,10.312984
1936m5,38.617878,1.9974765,12.650683,9.9873819,13.982334
1936m6,56.296932,3.5185583,26.741043,6.6852608,19.352072
1936m7,108.55576,4.007092,77.591866,10.928432,16.028368
1936m8,125.31721,3.2132616,83.901833,17.137396,21.064716
1936m9,90.203423,9.456811,37.099792,27.642984,16.003834
1936m10,82.084267,3.0653875,34.059864,23.501305,21.457714
1936m11,81.874138,2.3109634,31.693214,23.109634,24.760323
1936m12,109.90421,4.2135801,40.029011,35.464298,30.197323
1937m1,128.32292,13.135417,47.826389,36.375,30.986113
1937m2,95.509789,4.2024307,29.417015,42.024307,19.866035
1937m3,83.20829,4.0922108,23.530212,32.396671,23.189196
1937m4,66.501488,2.0674038,20.32947,29.288219,14.816394
1937m5,46.68721,3.3348007,13.339203,18.674885,11.338322
1937m6,64.800484,5.5862484,13.406997,26.813993,18.993246
1937m7,82.295059,8.4602404,33.071846,23.457937,17.305037
1937m8,60.794643,3.7996652,29.63739,14.058762,13.298829
1937m9,68.076408,3.5010724,21.784451,23.72949,19.061394
1937m10,58.07906,2.4789844,27.977108,14.873906,12.749062
1937m11,41.507835,1.4957778,15.331724,10.84439,13.835945
1937m12,35.902702,2.6179056,18.699324,6.7317572,7.8537164
1938m1,38.846806,1.4387705,14.028013,12.948935,10.431086
1938m2,30.703226,3.2750108,12.690667,9.8250332,4.9125166
1938m3,33.879269,3.6825292,14.730117,6.9968057,8.4698172
1938m4,32.135395,1.5675802,13.324432,10.973061,6.2703209
1938m5,33.723232,2.6229181,11.990482,10.11697,8.9928627
1938m6,32.236404,3.6265955,13.297518,8.4620562,6.8502359
1938m7,36.240505,2.4431801,15.880672,13.844687,4.0719666
1938m8,42.86557,3.4292455,12.431015,15.431605,11.573705
1938m9,52.675659,5.3498716,20.576429,18.518785,8.2305717
1938m10,44.620056,3.3465042,16.360687,13.386017,11.526848
1938m11,37.496773,6.0600848,9.4688816,12.498924,9.4688816
1938m12,38.029228,4.1832156,14.451107,10.648184,8.7467232
1939m1,51.149666,5.2654066,20.309425,12.787416,12.787416
1939m2,36.289978,3.4561882,10.800589,10.368565,11.664636
1939m3,33.310951,3.9400051,8.9545565,8.5963745,11.820015
1939m4,67.251846,31.456507,9.4007959,15.909039,10.485503
1939m5,69.0308,29.263056,12.005357,13.506027,14.256361
1939m6,55.693699,1.6026963,29.649881,7.6128073,16.828312
1939m7,68.835968,3.2975314,22.670528,19.372997,23.494911
1939m8,84.751411,13.381802,34.468277,17.436893,19.464439
1939m9,152.01465,25.2045,52.771919,47.258442,26.779781
1939m10,100.18411,18.739473,26.667713,36.397823,18.379099
1939m11,75.948227,16.625483,23.426817,23.804668,12.09126
1939m12,82.980911,16.964987,31.71715,24.709871,9.5889053
1940m1,115.09754,32.727417,41.552788,26.47611,14.341228
1940m2,99.742065,24.337065,38.300957,26.331907,10.772143
1940m3,62.391373,15.083628,20.568583,17.826107,8.9130535
1940m4,78.0448,14.289893,26.38134,23.816488,13.557077
1940m5,86.649445,10.831181,25.633795,30.327305,19.857162
1940m6,77.318108,10.238471,16.946436,26.831856,23.301348
1940m7,103.6701,12.471591,34.686615,31.178978,25.33292
1940m8,126.24361,14.688723,46.845112,36.9203,27.789474
1940m9,101.84262,12.637405,32.70858,34.938709,21.557926
1940m10,97.040367,8.0866976,29.534025,36.91753,22.502113
1940m11,103.5549,12.273173,25.696957,37.586594,27.998177
1940m12,159.53357,19.086409,41.774029,59.780075,38.893059
1941m1,199.68591,20.080147,47.597385,84.782845,47.225533
1941m2,153.52238,7.7992654,38.585842,68.140945,38.996326
1941m3,211.72791,13.166273,40.922203,103.19511,54.444317
1941m4,256.31519,59.819496,29.531145,116.98876,49.97578
1941m5,313.49539,49.097305,50.915722,150.20139,63.280972
1941m6,381.2453,97.792908,44.1171,176.83604,62.499229
1941m7,381.52737,85.640724,59.258507,174.93436,61.69379
1941m8,515.79523,169.19398,50.922455,228.74039,66.938393
1941m9,414.26135,103.26282,45.580853,207.73573,57.681961
1941m10,368.29965,88.860794,54.829002,170.91524,53.694611
1941m11,249.39241,35.305553,36.432323,130.70566,46.948872
1941m12,266.15839,35.097809,39.485035,144.04726,47.528282
1942m1,416.10852,58.368164,67.782387,209.74883,80.20916
1942m2,403.79718,72.476418,63.416866,175.15134,92.752556
1942m3,454.63498,95.986763,67.711594,194.20578,96.730843
1942m4,490.91592,100.61036,64.202721,227.84137,98.261482
1942m5,777.30682,341.02432,79.254814,243.86096,113.16673
1942m6,667.06769,307.07614,69.99836,188.74557,101.24762
1942m7,698.13507,251.0388,94.192833,242.08836,110.81509
1942m8,726.2536,240.01189,118.14056,244.15717,123.94396
1942m9,815.69299,263.16702,165.88252,200.80518,185.83832
1942m10,712.77515,196.28258,140.86162,164.7234,210.90755
1942m11,809.41028,290.04843,145.6082,178.31165,195.44203
1942m12,1029.303,382.38126,230.8717,213.63649,202.41356
1943m1,1084.8579,332.44257,287.16827,238.44453,226.80258
1943m2,968.61005,154.48326,329.5643,207.00758,277.55493
1943m3,953.07886,120.88683,428.79788,179.14029,224.25385
1943m4,641.40192,119.15371,243.80032,125.06915,153.37872
1943m5,610.38116,162.47557,191.8968,126.02835,129.98045
1943m6,727.69995,182.16093,235.95976,138.74434,170.83488
1943m7,681.69214,163.82523,229.05653,122.49545,166.31497
1943m8,596.97412,145.8141,142.76573,125.99964,182.39465
1943m9,562.82196,109.84351,142.09114,109.33964,201.54771
1943m10,495.06186,95.07811,129.73712,103.04031,167.20633
1943m11,431.50925,88.673347,115.99711,95.375397,131.46338
1943m12,414.564,75.950661,92.828583,110.23394,135.55083
1944m1,438.60754,77.239067,94.893707,113.65177,152.82301
1944m2,341.47339,57.415882,96.096054,79.173485,108.78798
1944m3,372.22513,68.287918,99.073456,85.639763,119.22398
1944m4,391.5452,68.466919,82.909157,94.67691,145.4922
1944m5,393.58334,60.507782,114.79514,90.478928,127.80149
1944m6,340.08667,52.454048,73.781517,79.545692,134.30542
1944m7,400.84116,56.031563,72.656311,118.22043,153.93286
1944m8,363.37451,62.039551,71.493202,75.038315,154.80345
1944m9,305.00742,57.73563,66.483452,79.896782,100.89155
1944m10,276.06961,44.782288,50.577641,81.134964,99.57473
1944m11,291.21237,34.879047,64.221741,81.93808,110.17351
1944m12,366.33582,53.700893,78.690414,97.831337,136.11316
1945m1,563.32904,105.18593,121.54818,134.40424,202.19072
1945m2,507.02521,108.64825,99.117706,134.69844,164.56082
1945m3,477.73633,46.836895,167.51077,126.73513,136.65352
1945m4,391.25714,41.68222,150.61177,107.81802,91.145126
1945m5,418.31546,57.82914,154.57135,104.30864,101.60634
1945m6,459.26648,48.465309,190.97639,109.04694,110.77785
1945m7,488.43207,58.03722,170.08928,143.08186,117.2237
1945m8,555.80939,153.9592,126.16872,150.06853,125.61292
1945m9,462.21637,99.724762,131.91106,119.77525,110.8053
1945m10,357.06525,79.566116,64.340508,115.41999,97.738632
1945m11,325.55811,33.19836,82.460442,107.62694,102.27236
1945m12,390.32352,48.596569,75.996765,156.12941,109.60077
1946m1,417.80658,37.671085,106.16396,151.66281,122.30872
1946m2,469.33194,62.472595,157.49394,146.99434,102.37106
1946m3,427.53473,31.535755,145.06447,149.11908,101.81544
1946m4,485.50192,52.371925,178.34766,155.70033,99.082031
1946m5,589.07941,132.60062,191.73958,144.1512,120.58802
1946m6,473.68225,37.988377,175.87213,157.58142,102.24033
1946m7,380.97391,28.365192,112.48267,144.7603,95.365738
1946m8,406.73642,33.574944,98.806252,176.50826,97.84697
1946m9,492.93243,20.373215,189.32182,168.45171,114.78568
1946m10,558.62329,33.884476,243.30939,183.07031,98.359108
1946m11,409.4444,94.147697,73.552887,146.61542,95.128403
1946m12,348.18521,79.821106,59.636463,115.14425,93.583374
1947m1,316.51169,54.301075,63.595856,121.81052,76.80423
1947m2,432.77109,135.8943,75.787209,141.121,79.968575
1947m3,351.93799,40.716228,70.200401,170.82097,70.200401
1947m4,301.60522,39.096973,65.500122,134.55452,62.453606
1947m5,356.36993,42.195011,102.1831,145.39487,66.596947
1947m6,322.57034,89.241364,67.395821,124.56607,41.367088
1947m7,277.99261,53.167988,58.737968,118.99502,47.091648
1947m8,321.91711,57.176323,59.098213,135.97394,69.668633
1947m9,413.9993,59.210972,148.02742,144.68488,62.076015
1947m10,352.10626,56.660778,117.81844,124.11408,53.512955
1947m11,339.11838,66.907135,104.02686,118.23316,49.951221
1947m12,359.57953,86.006302,91.038589,124.89213,57.642525
1948m1,459.72977,126.72631,135.5139,136.90141,60.588127
1948m2,331.6077,115.30038,77.184555,96.718918,42.403862
1948m3,234.49591,59.07843,47.71719,85.436493,42.263798
1948m4,236.91379,60.024223,46.382355,92.309975,38.197235
1948m5,182.51974,37.91473,36.592121,67.893814,40.119072
1948m6,177.75237,33.216351,37.256176,74.512352,32.767479
1948m7,203.62035,40.539795,59.427658,66.337852,37.315037
1948m8,209.65492,24.95892,53.094429,93.482491,38.119076
1948m9,211.1476,38.228828,45.78569,80.458351,46.674732
1948m10,162.74863,26.262615,30.639719,73.614906,32.231392
1948m11,132.34462,21.141314,33.826099,49.470673,27.906534
1948m12,131.29124,18.873116,22.975967,57.850204,31.591955
1949m1,167.95798,18.844067,31.543327,87.665871,29.904713
1949m2,126.20046,18.862703,24.252047,60.181004,22.904711
1949m3,102.83515,13.950505,22.719395,45.040203,21.125051
1949m4,75.474869,9.6978874,12.227772,32.045193,21.504011
1949m5,77.038757,10.452495,14.32379,33.293133,18.969343
1949m6,90.493591,12.627013,28.200329,29.46303,20.203222
1949m7,94.156639,12.781444,33.231754,28.971273,19.172167
1949m8,90.787193,16.828846,25.686134,27.900455,20.371761
1949m9,68.496498,13.125077,18.45714,18.867298,18.046982
1949m10,133.49939,23.999889,18.374916,57.749733,33.374847
1949m11,123.01238,21.446238,25.088051,48.962166,27.515928
1949m12,177.25925,35.529087,76.85096,39.77713,25.102072
1950m1,196.4621,68.216003,60.419891,38.200962,29.625237
1950m2,226.36075,116.93099,49.861137,30.44618,29.122435
1950m3,128.66721,48.546215,34.337566,22.102341,23.681082
1950m4,74.746498,11.173446,26.585094,22.346891,14.641067
1950m5,96.642159,17.896696,31.020941,33.00946,14.715061
1950m6,97.120636,14.111546,31.543455,34.448772,17.016863
1950m7,170.99184,14.668417,40.233372,79.628548,36.461494
1950m8,190.65565,17.294897,34.589794,91.415878,47.355072
1950m9,180.52998,16.16098,24.044386,91.841675,48.482941
1950m10,156.13194,13.350949,30.039637,77.509682,35.231674
1950m11,160.92148,19.147617,22.814184,81.071831,37.88784
1950m12,198.99553,20.017303,30.2222,106.36645,42.38958
1951m1,285.51633,25.770098,46.631603,136.62242,76.492188
1951m2,278.92188,38.351761,47.503883,133.35953,59.706715
1951m3,198.62068,19.105797,35.823368,107.47011,36.221405
1951m4,221.47452,14.037118,48.73999,119.70542,38.991993
1951m5,190.76263,11.151052,39.825188,96.376953,43.409451
1951m6,205.72029,21.543604,40.552662,102.64893,40.97509
1951m7,223.00127,39.914623,32.10524,111.06678,39.914623
1951m8,188.64497,30.011702,27.868008,91.32132,39.443951
1951m9,208.98592,21.019859,36.380524,122.88533,28.700191
1951m10,205.44966,24.525303,30.556114,107.34846,43.019791
1951m11,164.08418,14.372337,23.155432,89.028641,37.527771
1951m12,188.71162,14.485327,22.130363,111.85892,40.237019
1952m1,271.42776,19.674498,44.56876,154.98686,52.197647
1952m2,178.93262,14.802211,46.148071,86.636475,31.34586
1952m3,129.39716,6.2548475,35.574448,60.202908,27.364958
1952m4,107.57213,5.9541769,27.389214,53.190647,21.038092
1952m5,166.22084,51.968803,31.339968,50.778683,32.133385
1952m6,142.4368,10.44258,28.403816,68.503319,35.087067
1952m7,163.77151,8.5969296,27.08033,88.978226,39.116028
1952m8,169.20229,11.025713,36.893734,83.965042,37.317799
1952m9,112.19312,11.261019,18.768364,50.883121,31.280607
1952m10,94.627136,7.1267295,21.776119,39.988873,25.735415
1952m11,89.193443,9.8665314,22.495691,31.967562,24.863659
1952m12,81.07148,10.64575,23.338758,32.346703,14.740269
1953m1,90.058189,10.315035,23.010462,38.086281,18.646408
1953m2,87.55899,11.556008,24.00094,31.112331,20.889709
1953m3,71.877579,6.8094554,16.645334,28.751034,19.671759
1953m4,66.088753,1.5829641,20.182793,24.535942,19.78705
1953m5,59.828465,3.7160535,17.837057,15.979031,22.296322
1953m6,73.138992,5.3416114,27.940739,23.420914,16.435728
1953m7,92.284065,6.9648352,45.706734,21.329807,18.282694
1953m8,71.809013,6.7984867,25.06942,22.519987,17.421124
1953m9,68.142761,4.2063432,24.396791,24.817427,14.722202
1953m10,61.162136,5.0006776,22.695383,18.079372,15.386701
1953m11,49.961571,1.1354902,23.088301,14.761373,10.976405
1953m12,46.972519,3.3854067,16.080683,12.695275,14.811154
1954m1,50.232224,1.9776465,18.985407,14.634584,14.634584
1954m2,56.497471,4.0678177,25.310867,13.107413,14.011373
1954m3,41.577396,2.0183201,16.550224,13.724576,9.2842722
1954m4,48.354607,3.4815316,25.531233,11.218269,8.1235743
1954m5,39.651005,1.9436767,15.549414,7.7747068,14.383208
1954m6,49.557209,6.0330515,11.635171,13.3589,18.530087
1954m7,63.709949,5.0057817,34.130329,11.376777,13.197061
1954m8,51.970966,1.7469233,26.640581,8.7346163,14.848847
1954m9,59.139301,9.2933187,23.233297,10.560589,16.052095
1954m10,63.249237,8.2826385,18.447693,18.824179,17.694727
1954m11,36.842052,3.6041136,10.812342,9.6109695,12.814626
1954m12,39.356266,6.3606086,11.528604,11.131065,10.335989
1955m1,55.466713,5.2251253,16.077309,14.87151,19.292768
1955m2,55.100418,3.0611343,17.054892,16.180281,18.804111
1955m3,62.605694,5.4103684,18.936291,21.641474,16.617559
1955m4,45.771297,2.4520338,18.390253,13.894858,11.034152
1955m5,50.918381,5.052969,15.158907,12.438077,18.268425
1955m6,73.55307,7.1862197,15.640596,26.208567,24.517691
1955m7,70.975105,7.7427392,17.206087,28.820196,17.206087
1955m8,88.626839,4.8262134,34.660992,31.151016,17.988615
1955m9,63.550354,3.4120996,20.046085,22.60516,17.487011
1955m10,60.1329,3.3407168,9.2797689,24.127398,23.385015
1955m11,54.688168,1.1975511,8.7820415,23.152655,21.55592
1955m12,60.901512,7.4573283,8.7002163,22.786282,21.957687
1956m1,72.497726,10.411907,11.954412,23.523197,26.608206
1956m2,69.079109,12.319841,18.039766,15.399802,23.3197
1956m3,62.777111,5.0689597,14.816958,27.684317,15.206879
1956m4,54.969582,3.4119048,14.784922,18.196827,18.575928
1956m5,54.343575,3.4935153,13.197725,18.632082,19.02025
1956m6,49.956787,2.8430691,13.809193,13.40304,19.901484
1956m7,87.442696,8.3468027,19.475872,38.554279,21.065741
1956m8,77.139641,6.3949962,15.587803,31.575294,23.581549
1956m9,85.139503,9.2459192,25.041029,25.811522,25.041029
1956m10,75.005112,7.5382023,12.814944,32.037357,22.614605
1956m11,154.11411,79.688271,15.035522,34.581699,24.808611
1956m12,171.60233,89.2332,16.397554,36.608494,29.363064
1957m1,137.41814,59.920696,16.378325,34.754002,26.365107
1957m2,111.02898,53.156734,18.0047,18.433384,21.434166
1957m3,64.454964,23.940414,6.9979672,15.469191,18.04739
1957m4,61.539684,12.307938,17.308037,16.53879,15.384921
1957m5,57.606873,10.990785,18.949629,13.643733,14.022725
1957m6,64.430931,9.2044182,24.011528,16.407877,14.807108
1957m7,68.127037,7.0324678,24.174109,12.746348,24.174109
1957m8,69.861542,7.6560588,20.097157,15.790622,26.317701
1957m9,54.193237,2.7489321,16.886299,16.886299,17.671707
1957m10,52.359966,4.2663674,15.901915,11.247696,20.943987
1957m11,47.094402,4.0251627,15.698134,8.0503254,19.320782
1957m12,53.686882,5.5675287,17.497946,13.52114,17.100267
1958m1,51.151226,5.9020643,15.738839,10.230245,19.280079
1958m2,43.269779,7.7885604,10.384747,12.115539,12.980933
1958m3,31.065008,2.2730494,10.607563,4.5460987,13.638295
1958m4,27.003546,3.1768878,4.7653317,7.1479969,11.913328
1958m5,26.294138,3.1395984,8.6338959,7.0640965,7.4565463
1958m6,32.790287,4.4530015,8.0963669,8.5011845,11.739732
1958m7,42.548962,12.853333,12.853333,8.4211483,8.4211483
1958m8,42.092518,4.2517695,14.456017,12.330132,11.054601
1958m9,56.834953,4.7724009,15.184911,18.655748,18.221891
1958m10,47.758781,2.387939,7.5618067,20.297482,17.511553
1958m11,42.958874,1.9350845,11.997524,13.932608,15.093659
1958m12,53.665955,4.4311342,9.8469639,20.678625,18.709232
1959m1,53.026588,3.7284319,16.985079,15.327998,16.985079
1959m2,43.075191,4.7861323,10.442471,11.312676,16.533913
1959m3,39.875992,2.2786281,8.7347422,12.532454,16.33017
1959m4,40.410412,3.923341,13.339359,12.55469,10.59302
1959m5,32.68195,2.2539277,7.8887467,10.893983,11.645293
1959m6,49.869987,2.131196,13.639655,20.033243,14.065894
1959m7,46.584473,2.6619699,16.415482,17.746466,9.7605562
1959m8,60.37822,1.7128572,14.131072,25.69286,18.841429
1959m9,94.918762,2.9530282,18.561892,46.404728,26.999115
1959m10,131.33916,2.7691989,14.241596,78.724373,35.603989
1959m11,131.90382,2.3838041,14.302824,85.419647,29.79755
1959m12,112.95806,5.263279,14.980102,61.135006,31.579672
1960m1,78.54673,2.6690636,9.5323696,38.510777,27.834522
1960m2,40.78606,2.5228491,7.9890218,15.978044,14.296144
1960m3,36.244965,1.1326551,8.6836901,12.459208,13.969414
1960m4,40.03825,4.1944828,13.346083,9.9142323,12.583449
1960m5,36.929878,4.0220661,14.260053,8.4097748,10.237987
1960m6,38.342339,0,13.180179,8.3873863,16.774773
1960m7,58.13456,9.3765421,19.503208,15.002467,14.252344
1960m8,43.773643,3.6478035,17.023085,8.1062298,14.996527
1960m9,53.498444,3.6642768,20.886379,13.924253,15.023536
1960m10,44.292995,2.500411,16.788475,7.1440315,17.860079
1960m11,33.519367,1.1427057,10.665253,12.569763,9.1416454
1960m12,38.390594,1.9389189,13.184649,9.6945944,13.572433
1961m1,64.211052,2.5832033,27.308149,11.4399,22.879801
1961m2,55.082317,4.8087735,20.109417,10.491869,19.672256
1961m3,34.770115,1.9533774,9.7668867,7.8135095,15.236343
1961m4,35.884552,3.3641768,14.204302,4.8593664,13.456707
1961m5,37.21423,2.7135375,15.893577,6.5900197,12.017095
1961m6,63.29121,3.7974727,24.472601,15.189891,19.831245
1961m7,85.434776,1.238185,44.987392,18.572777,20.636419
1961m8,68.576401,2.5242848,31.132845,15.566422,19.35285
1961m9,70.433807,2.8013449,22.010567,24.411718,21.210182
1961m10,50.000168,2.5000086,20.714355,10.000034,16.785772
1961m11,48.666286,5.7030807,15.58842,11.786366,15.58842
1961m12,47.982651,3.0465176,14.851772,15.613402,14.470958
1962m1,52.565392,3.7017879,18.138762,7.7737551,22.951086
1962m2,33.557045,2.0215087,8.894639,8.0860348,14.554863
1962m3,76.490417,2.8594551,42.534393,11.080388,20.016184
1962m4,53.646706,4.2075844,27.3493,9.1164341,12.973387
1962m5,53.623188,5.0384202,24.11244,8.2774048,16.194923
1962m6,76.511597,2.1860456,34.97673,16.395342,22.953478
1962m7,80.587128,1.5277182,43.921894,11.839815,23.297701
1962m8,77.483337,1.9179044,34.522282,13.808911,27.234241
1962m9,51.964745,3.1600182,27.035711,10.533395,11.23562
1962m10,41.713108,2.4745064,15.554041,8.1305208,15.554041
1962m11,51.115501,3.9319615,18.230003,12.868237,16.085299
1962m12,39.261482,3.27179,15.13203,8.9974222,11.860239
1963m1,79.2285,21.20763,18.406622,14.805326,24.808926
1963m2,42.721165,5.9082465,15.452336,8.1806488,13.179935
1963m3,56.058521,8.2903452,18.94936,9.8694582,18.94936
1963m4,41.371361,3.2377586,11.512031,6.115766,20.505804
1963m5,44.462994,2.4127207,15.855021,8.2721853,17.923067
1963m6,43.452042,.36210036,20.27762,5.7936058,17.018717
1963m7,49.546341,2.3974035,24.77317,8.3909121,13.984854
1963m8,57.426853,2.3762836,22.970741,11.881418,20.198412
1963m9,57.098522,3.5911021,28.369707,8.6186447,16.51907
1963m10,85.655312,.68799442,50.223595,15.823873,18.919847
1963m11,60.118549,3.2015798,25.256905,14.940705,16.71936
1963m12,44.742477,5.2845445,16.558241,8.8075743,14.092119
1964m1,62.281189,3.0463624,25.386353,10.493027,23.355444
1964m2,65.924835,3.3332784,31.110598,9.2591057,22.221855
1964m3,48.450111,2.6548007,17.588053,10.951052,17.256203
1964m4,50.251678,2.0372303,21.730455,9.8466129,16.637379
1964m5,46.689579,3.2879987,15.782393,10.850395,16.768791
1964m6,58.091198,5.7374024,23.666784,10.399042,18.28797
1964m7,64.579559,4.938437,27.731222,11.016513,20.893387
1964m8,74.571472,2.9101062,37.103855,14.914294,19.643219
1964m9,69.170135,4.6591282,30.463531,16.127752,17.919725
1964m10,75.726364,2.0652645,23.406332,26.160019,24.094755
1964m11,90.791077,2.6508343,32.472721,25.182926,30.484594
1964m12,58.988838,3.816925,20.125603,18.043644,17.002665
1965m1,71.861771,3.0222239,19.812357,14.775318,34.251869
1965m2,58.106693,5.2824268,16.601913,8.3009567,27.9214
1965m3,64.926735,4.1888218,21.293177,12.566464,26.878273
1965m4,58.3255,2.0707278,19.671915,13.459731,23.123129
1965m5,63.541382,1.6899304,23.321041,10.815555,27.714859
1965m6,78.30365,5.1709957,32.872757,8.4952068,31.764688
1965m7,91.370316,4.2053285,43.964794,17.203617,25.996574
1965m8,129.64401,6.2258425,68.850494,20.874884,33.692795
1965m9,89.465851,4.9491744,41.116219,17.512463,25.887989
1965m10,77.787025,1.75196,31.184889,17.5196,27.330576
1965m11,90.133148,6.0088768,28.983994,26.50975,28.630531
1965m12,100.89725,11.601427,41.132332,16.171686,31.991812
1966m1,153.35783,11.323891,41.736622,34.618748,65.678558
1966m2,105.40495,4.1115408,35.882538,23.547915,41.862957
1966m3,122.43616,2.950269,30.977823,37.247147,51.260921
1966m4,121.0442,3.4883056,27.906445,43.603817,46.045631
1966m5,107.25388,3.8534329,25.368433,26.97403,51.057987
1966m6,87.107536,2.4887869,21.332458,22.39908,40.887215
1966m7,105.75439,7.8601232,33.941441,21.079422,42.873398
1966m8,108.1487,4.145072,30.145977,26.377731,47.479916
1966m9,84.204872,3.5232162,22.900908,18.673048,39.107704
1966m10,83.14518,5.6090002,16.827002,25.075531,35.633648
1966m11,82.710876,8.6019316,17.203863,18.196394,38.708694
1966m12,71.038429,5.0741735,17.928745,15.560798,32.474709
1967m1,85.828941,4.3755927,18.848709,19.521875,43.08276
1967m2,74.688148,2.9875259,20.1658,20.1658,31.369022
1967m3,82.168503,3.4236875,28.416607,19.857388,30.470819
1967m4,68.339714,4.9283447,20.370491,15.113591,27.927288
1967m5,50.806843,5.2558804,11.913328,10.161368,23.476265
1967m6,77.018402,18.079437,24.588034,14.10196,20.248968
1967m7,75.680344,8.8601379,25.103722,16.981932,24.73455
1967m8,76.417519,7.1523786,15.434079,18.822048,35.00901
1967m9,62.285851,3.2974861,13.556332,16.853819,28.578213
1967m10,79.467827,8.6813593,18.698311,24.040688,28.047468
1967m11,73.748016,11.425748,15.234331,18.350443,28.737488
1967m12,59.035576,2.845088,10.669081,13.869804,31.651604
1968m1,94.700218,12.650792,14.096598,24.578684,43.374146
1968m2,80.41922,6.2142124,12.793967,25.953476,35.457569
1968m3,63.201408,3.2917399,12.179438,14.154481,33.575748
1968m4,50.801346,3.8014612,14.514669,10.713209,21.772005
1968m5,49.370468,2.3509746,8.7321911,12.42658,25.86072
1968m6,36.337231,3.8806753,11.642026,6.7029843,14.111547
1968m7,50.596226,3.4238048,11.412683,11.793106,23.966635
1968m8,43.057137,3.2564218,8.3219671,16.643934,14.834812
1968m9,41.255611,2.0801148,10.400575,9.0138311,19.761091
1968m10,36.927448,1.3307188,6.6535945,8.6496725,20.293463
1968m11,42.506218,2.3995445,10.969346,7.8842177,21.253109
1968m12,46.817505,9.6388988,8.6061592,7.2291737,21.343273
1969m1,54.461372,9.9960747,5.8597684,12.753613,25.851919
1969m2,52.942413,3.355505,12.303519,11.557851,25.72554
1969m3,51.675205,2.6331315,9.8742418,14.482224,24.685606
1969m4,58.967838,2.3587134,16.847954,13.815323,25.945848
1969m5,38.141834,2.6533449,8.6233711,5.3066897,21.558428
1969m6,68.234993,4.7764492,17.399925,15.352874,30.705748
1969m7,53.332455,4.8147354,15.184934,8.8887424,24.44404
1969m8,70.118561,5.8432136,19.720844,15.703635,28.850866
1969m9,61.273617,7.9295268,7.9295268,13.696455,31.718107
1969m10,55.548229,7.7903004,9.4838438,13.887057,24.387028
1969m11,47.560814,4.2640734,9.5121632,7.2161236,26.568457
1969m12,65.942825,8.1047049,11.420265,13.999035,32.418819
1970m1,59.518314,9.6890278,10.727139,12.803358,26.29879
1970m2,48.068642,5.5893769,5.9620018,13.414504,23.102757
1970m3,44.972244,10.176201,6.8935556,6.5652909,21.337194
1970m4,71.558815,11.697114,17.201639,19.609867,23.050196
1970m5,42.132355,3.3175082,5.6397638,10.616026,22.559055
1970m6,58.311836,7.4667597,11.02236,13.866839,25.955879
1970m7,77.065712,22.127777,16.405077,15.260536,23.272318
1970m8,86.593826,32.608551,15.579641,13.043422,25.362209
1970m9,84.928505,40.617977,6.6465783,18.831972,18.831972
1970m10,80.797173,30.343042,11.996087,13.407391,25.050652
1970m11,71.424469,22.909737,10.444145,12.465591,25.605
1970m12,86.699982,25.182566,20.865555,16.548544,24.103313
1971m1,68.481094,20.034363,9.470789,12.749141,26.226801
1971m2,52.217876,9.9652433,9.5666342,11.559682,21.126316
1971m3,59.644489,11.138428,10.060515,16.887295,21.558249
1971m4,52.381973,9.3926296,11.56016,11.198904,20.230278
1971m5,47.918655,6.0342007,12.423354,11.003543,18.457556
1971m6,59.096512,5.6104288,15.335171,14.213085,23.937828
1971m7,66.429649,12.526734,17.081909,14.804322,22.016684
1971m8,46.155186,9.9176426,10.29909,7.6289558,18.309494
1971m9,50.012993,9.3307819,10.450476,9.7040138,20.527721
1971m10,52.422668,10.893022,11.233429,9.1909876,21.10523
1971m11,61.28125,16.905172,11.270115,11.622306,21.483656
1971m12,67.558151,13.440889,21.576164,8.8426905,23.69841
1972m1,54.44664,11.104249,11.104249,8.238636,23.999506
1972m2,60.21352,15.243929,12.195144,7.6219645,25.152483
1972m3,56.461151,14.115288,18.349874,9.1749372,14.821053
1972m4,59.900532,20.323395,18.54064,6.7744646,14.262032
1972m5,55.725243,16.897331,10.78553,12.223601,15.818778
1972m6,73.320854,21.157263,21.886822,14.955996,15.320776
1972m7,58.746456,12.26983,23.052406,4.0899434,19.334276
1972m8,77.02256,22.721655,22.336542,11.168271,20.796091
1972m9,69.476753,17.277288,26.467335,9.1900473,16.542084
1972m10,75.462982,23.39682,16.806166,16.476633,18.783361
1972m11,68.413086,18.535564,14.828451,15.165462,19.883606
1972m12,85.000504,32.088543,22.530254,10.923759,19.457949
1973m1,173.40482,91.337982,29.873701,24.723063,27.47007
1973m2,108.67736,61.621185,18.299625,14.191545,14.565007
1973m3,139.351,57.203751,30.597355,25.276075,26.273815
1973m4,182.10188,94.907616,34.877708,26.829008,25.487556
1973m5,211.50937,130.61864,32.488899,27.847628,20.554201
1973m6,258.52481,157.14941,54.370888,23.151476,23.853035
1973m7,298.11472,142.60612,89.298592,31.23753,34.972454
1973m8,307.08353,87.435951,131.85905,45.480797,42.30772
1973m9,299.48035,143.41821,77.669815,46.240635,32.151691
1973m10,303.81711,163.3943,45.572563,59.651894,35.198322
1973m11,793.88257,590.04785,45.773411,105.1358,52.925507
1973m12,1085.1309,819.23541,58.803787,134.7739,72.317711
1974m1,918.57672,671.40948,70.461105,113.62314,63.082977
1974m2,892.49683,632.53467,73.87558,112.61034,73.47625
1974m3,503.17593,364.40387,40.036926,69.555679,29.179455
1974m4,346.08838,210.9146,49.285881,60.520164,25.367733
1974m5,267.54196,144.19034,46.382904,52.43285,24.535883
1974m6,196.61482,93.930717,33.330254,45.113678,24.240183
1974m7,194.84535,100.4203,31.100315,38.219662,25.105074
1974m8,202.04707,80.818832,47.389225,45.552433,28.286592
1974m9,226.04938,95.74263,55.302601,45.970287,29.033865
1974m10,244.52217,121.26439,58.140461,37.209892,27.907421
1974m11,228.08267,109.81758,55.077744,33.114223,30.073124
1974m12,198.82634,118.95002,32.503784,28.008581,19.363958
1975m1,267.41159,173.05246,43.354195,24.409506,26.59543
1975m2,181.22325,108.42083,24.658888,27.398766,20.74478
1975m3,132.08473,63.609226,26.069355,21.203075,21.203075
1975m4,120.26283,56.929146,24.906504,21.704237,16.722937
1975m5,102.49265,48.212006,19.217371,16.520197,18.543079
1975m6,118.3256,54.365814,22.385925,24.873249,16.700609
1975m7,122.34383,64.662209,20.574337,22.043934,15.063354
1975m8,124.24171,52.577656,30.970398,21.967377,18.726286
1975m9,110.87541,47.059658,29.234032,20.321218,14.260503
1975m10,109.08756,59.400417,21.294489,13.449151,14.943501
1975m11,83.300652,40.748806,15.506182,11.539484,15.506182
1975m12,99.483055,46.703876,16.327372,19.365023,17.086784
1976m1,82.500999,37.905865,18.209681,11.892036,14.49342
1976m2,77.055725,36.108238,18.240244,10.050747,12.656495
1976m3,71.81002,26.456326,14.774311,16.835842,13.743546
1976m4,78.014763,25.088448,14.090772,18.214901,20.620644
1976m5,76.270462,25.758007,21.409252,15.387899,13.715302
1976m6,88.646774,35.604031,23.978224,13.805644,15.25887
1976m7,107.01637,35.300537,34.557365,19.693985,17.464476
1976m8,95.856247,24.878719,32.561855,19.024904,19.390768
1976m9,73.476601,23.411661,21.970943,13.326638,14.767355
1976m10,71.056175,23.685392,16.012659,15.011869,16.346256
1976m11,80.252846,25.343002,15.487391,17.599308,21.823141
1976m12,80.093681,26.355614,20.879122,12.322105,20.536842
1977m1,225.55157,143.85573,27.705549,25.219152,28.771147
1977m2,421.66333,252.53674,91.866486,34.978451,42.281647
1977m3,163.29297,82.495201,49.904503,12.900483,17.992779
1977m4,168.6266,99.151047,35.959709,16.757923,16.757923
1977m5,134.71069,60.963963,40.642643,15.732635,17.371452
1977m6,113.42547,45.160141,41.309277,11.902674,15.05338
1977m7,135.6133,56.594524,45.916313,15.661378,17.44108
1977m8,138.30544,51.908985,39.820591,21.688,24.887869
1977m9,92.483185,39.487206,21.129118,14.201538,17.665327
1977m10,94.905754,51.911537,14.331407,14.968358,13.694455
1977m11,92.10257,32.987091,19.596292,19.269686,20.2495
1977m12,95.852539,35.349873,29.91143,15.635521,14.955715
1978m1,114.27018,41.955914,29.676136,17.05525,25.582874
1978m2,157.75555,69.832161,25.68955,24.965902,37.267941
1978m3,110.53212,54.638039,15.700585,12.87448,27.319019
1978m4,80.341797,28.627537,16.622442,13.544211,21.547609
1978m5,75.882088,23.71315,17.389645,15.176417,19.602871
1978m6,71.198494,27.093233,17.642103,13.861653,12.601503
1978m7,79.413971,22.04143,16.531071,20.096596,20.744873
1978m8,87.954857,23.327158,21.415096,19.120621,24.091984
1978m9,78.482231,28.318329,14.159164,19.418283,16.586451
1978m10,81.869583,21.406267,19.152975,20.279623,21.03072
1978m11,89.159309,37.844601,20.525885,12.187244,18.601583
1978m12,126.98421,68.376114,11.973697,17.645449,28.988951
1979m1,140.1584,62.219852,20.30332,22.923101,34.712128
1979m2,186.47148,122.23084,17.362335,20.140308,26.737997
1979m3,239.77188,156.41251,23.643751,32.434376,27.28125
1979m4,195.98082,112.1632,14.0204,37.18454,32.612671
1979m5,578.57336,462.37454,24.510693,51.442196,40.245953
1979m6,514.57202,383.04602,42.38752,44.569229,44.569229
1979m7,503.65851,395.10052,31.557549,32.819851,44.180573
1979m8,298.25241,220.00124,19.883493,29.504539,28.863136
1979m9,199.84348,138.94171,16.526106,20.504614,23.871042
1979m10,185.09309,112.35683,20.992987,25.13245,26.610826
1979m11,178.04115,116.64765,17.541,28.065601,15.786901
1979m12,197.49121,124.28072,22.435474,24.797102,25.977917
1980m1,177.35951,96.210617,26.127483,24.28319,30.738216
1980m2,157.76723,93.491692,18.452307,20.912615,24.910614
1980m3,108.86341,58.596664,12.638497,17.234314,20.393936
1980m4,109.03037,52.078754,19.491463,15.836814,21.623343
1980m5,110.16078,46.87693,21.68058,19.922695,21.68058
1980m6,138.04138,58.897652,30.369102,18.098759,30.675861
1980m7,132.64275,52.992077,30.884953,24.057753,24.707962
1980m8,113.6018,39.445068,31.871614,17.986952,24.298161
1980m9,143.75648,38.205555,40.471981,31.40626,33.672688
1980m10,158.20689,59.364689,40.66481,29.385519,28.791874
1980m11,121.0636,32.794441,45.667027,19.308878,23.293249
1980m12,126.26563,40.392277,43.254723,17.810768,24.807856
1981m1,142.40594,60.522526,43.045433,16.829794,22.008192
1981m2,137.06496,38.462101,47.553146,19.580706,31.468994
1981m3,100.71551,24.268797,37.009918,17.291517,22.145277
1981m4,101.23034,20.309536,44.109772,13.010796,23.800236
1981m5,82.934311,20.105288,28.90135,12.565804,21.361868
1981m6,68.514908,21.66983,21.032482,10.516241,15.296351
1981m7,103.54506,25.391623,39.241596,12.201169,26.710669
1981m8,153.30008,18.198603,73.719757,16.347897,45.033829
1981m9,86.069763,21.903059,29.30691,14.190715,20.669085
1981m10,135.11424,24.46279,53.761242,16.213709,40.676495
1981m11,99.983704,17.833351,35.082001,15.49455,31.573801
1981m12,103.82837,23.072971,40.821411,17.74844,22.185549
1982m1,99.60096,18.421495,34.969616,23.417154,22.792696
1982m2,61.11528,11.29304,23.582527,14.282375,11.957337
1982m3,64.480812,16.83489,19.693647,8.8939047,19.058369
1982m4,57.934639,12.874364,15.93969,14.407026,14.713559
1982m5,50.817856,10.04539,16.840801,8.8635798,15.068086
1982m6,54.494015,9.0823364,22.549248,10.96144,11.900991
1982m7,60.478443,15.441305,24.127039,10.294203,10.615897
1982m8,64.169685,11.697598,20.387243,13.368684,18.716158
1982m9,62.333263,13.173525,15.743969,12.85222,20.563551
1982m10,55.98312,15.861884,21.149179,8.3974686,10.57459
1982m11,62.064743,13.932902,18.04944,13.932902,16.1495
1982m12,48.306915,13.671769,10.329782,8.5068789,15.798489
1983m1,57.703854,16.292852,16.971722,8.8252954,15.613985
1983m2,50.71225,11.024402,13.229282,11.759362,14.699203
1983m3,43.777458,12.176512,10.43701,8.9874249,12.176512
1983m4,47.743099,14.739481,10.253552,10.573975,12.176092
1983m5,46.612106,15.916329,10.516146,8.5266047,11.653027
1983m6,51.220894,16.571465,12.051974,10.545478,12.051974
1983m7,53.771244,9.260603,18.222477,12.845352,13.442811
1983m8,70.379524,13.788642,26.42823,15.224957,14.937696
1983m9,49.441063,10.893793,11.45245,17.039011,10.05581
1983m10,61.131092,18.850996,14.003597,15.080797,13.195699
1983m11,53.880577,12.878773,13.667268,16.032757,11.30178
1983m12,56.194073,14.318682,16.750154,12.697699,12.427535
1984m1,51.319553,11.217389,15.704344,13.180432,11.217389
1984m2,47.425072,10.922138,11.496987,14.658659,10.347288
1984m3,44.584587,10.752754,9.1791801,16.522524,8.1301308
1984m4,40.127625,12.200967,5.6937847,11.116437,11.116437
1984m5,51.103653,14.673326,11.637465,14.926313,9.8665466
1984m6,48.371902,12.157643,10.088258,13.192337,12.933663
1984m7,61.249813,12.249963,15.978212,16.51082,16.51082
1984m8,47.267956,8.6704531,13.984602,13.984602,10.628298
1984m9,53.797466,9.2864676,11.848251,14.089813,18.572935
1984m10,61.554268,7.8451519,17.198986,16.897249,19.612881
1984m11,60.455204,9.6845713,13.499705,17.608311,19.662615
1984m12,59.030621,12.950595,18.070597,13.854125,14.155302
1985m1,57.35857,10.461626,16.233557,13.708338,16.95505
1985m2,52.933891,12.547293,13.331499,14.507807,12.547293
1985m3,45.695438,8.8006029,14.216358,11.846966,10.831511
1985m4,58.041409,12.973963,19.119522,12.632543,13.315382
1985m5,61.027412,11.241892,21.198997,13.169073,15.417451
1985m6,56.982922,17.094875,21.787586,7.7094536,10.391004
1985m7,53.769356,11.2625,17.802015,10.535887,14.168951
1985m8,50.446674,8.2288895,16.457779,10.017778,15.742225
1985m9,57.733311,13.584309,19.357639,8.1505852,16.640778
1985m10,47.9361,13.015762,12.380847,8.2538977,14.285593
1985m11,51.435848,10.353969,15.697953,11.689965,13.693959
1985m12,47.570198,9.514039,15.747375,9.1859694,13.122813
1986m1,50.815659,10.423725,17.590036,9.4465008,13.355398
1986m2,43.320442,8.87714,11.717825,8.87714,13.848338
1986m3,48.071423,8.5955524,13.370859,10.187321,15.917689
1986m4,43.639809,8.5310898,13.124754,6.2342577,15.749704
1986m5,48.189178,11.096192,15.534669,10.779159,10.779159
1986m6,44.197964,7.8574157,13.095693,7.202631,16.042223
1986m7,45.376873,5.3780003,15.125625,11.764375,13.108874
1986m8,62.380539,11.882008,22.773849,10.891841,16.832844
1986m9,51.158791,6.5588193,13.117639,16.397047,15.085284
1986m10,53.889641,10.659489,11.251683,11.54778,20.430689
1986m11,63.346756,10.609801,13.418279,18.099073,21.219603
1986m12,52.40057,6.0707974,15.017236,14.697721,16.614815
1987m1,46.481228,9.0380163,10.329162,10.651948,16.462101
1987m2,49.486061,9.8270197,14.389565,8.4231596,16.846319
1987m3,51.373234,13.071297,12.159346,10.031461,16.111134
1987m4,46.921043,9.8280563,9.1939878,15.217635,12.681363
1987m5,54.461128,9.9586067,13.693084,11.203432,19.606005
1987m6,65.573334,10.013661,18.735239,11.305748,25.518686
1987m7,53.479191,9.1305933,10.761056,9.456686,24.130856
1987m8,71.012688,14.071638,15.05338,18.980349,22.907316
1987m9,62.219093,9.3007927,10.58366,15.394414,26.940226
1987m10,66.915329,8.6631451,16.430103,12.845353,28.976727
1987m11,61.263145,9.2192116,13.977514,15.464483,22.601936
1987m12,67.002563,9.2726765,25.724199,8.9735584,23.032133
1988m1,68.394081,12.710403,20.881376,12.105146,22.697149
1988m2,50.854321,9.2462406,8.6298237,15.718608,17.259647
1988m3,47.993507,7.3401833,10.163331,14.680367,15.809626
1988m4,66.851799,7.3598318,19.626217,18.399578,21.466175
1988m5,70.982445,7.7907557,17.889883,17.024244,28.277557
1988m6,92.853302,7.1425614,34.522381,24.106146,27.082214
1988m7,90.645874,7.4759488,43.298203,18.689871,21.181854
1988m8,96.761269,9.424799,32.358479,23.561998,31.415997
1988m9,83.377625,12.462136,24.034121,20.473511,26.40786
1988m10,80.866669,8.6642857,23.682381,21.660715,26.859285
1988m11,60.944302,10.360532,13.103024,16.759684,20.721064
1988m12,73.487892,8.5245953,16.167337,20.576609,28.219351
1989m1,104.15163,14.230021,26.037909,30.276638,33.607071
1989m2,76.126587,17.893002,18.218328,17.567675,22.447582
1989m3,94.550926,15.378764,30.757528,20.505018,27.909609
1989m4,86.712631,18.913828,19.786776,23.278559,24.733469
1989m5,77.40844,14.422105,23.251965,13.539119,26.195251
1989m6,86.754906,11.925073,22.061384,20.570749,32.197693
1989m7,98.393501,9.1387148,28.025394,22.542166,38.687229
1989m8,84.328316,7.747478,33.671734,15.196977,27.712133
1989m9,90.149094,9.4582653,25.123518,18.029818,37.537491
1989m10,85.102516,9.303812,21.617682,20.249474,33.931553
1989m11,75.429245,9.8877296,19.210445,16.102873,30.228199
1989m12,108.97297,23.270267,32.918915,18.162161,34.62162
1990m1,94.013527,17.948038,24.215605,21.651602,30.198286
1990m2,83.085609,13.183326,23.91394,16.555805,29.432541
1990m3,71.234741,5.1073966,24.999361,13.440517,27.687466
1990m4,104.44367,19.320679,32.761154,18.48065,33.881191
1990m5,96.67498,12.324006,40.806152,16.705875,26.838947
1990m6,70.761665,10.842514,31.956881,9.9865255,17.975746
1990m7,89.781639,10.03948,32.413181,15.776326,31.552652
1990m8,159.99144,64.338188,43.556385,23.913311,28.183544
1990m9,154.19299,52.969177,47.422665,23.295345,30.50581
1990m10,121.04246,42.217899,29.125006,25.116978,24.582575
1990m11,120.84312,22.779621,53.615452,20.557219,23.890823
1990m12,143.55867,18.674299,69.153259,23.342873,32.388237
1991m1,107.21645,28.347803,46.872108,12.91088,19.085649
1991m2,129.24294,20.305,70.261742,14.825872,23.850317
1991m3,113.08492,12.948655,69.347237,13.524151,17.264874
1991m4,84.503212,10.341303,43.728935,12.114098,18.318878
1991m5,69.766495,8.9659758,30.540354,9.8065357,20.453632
1991m6,78.022797,8.009944,30.853119,13.646572,25.513157
1991m7,59.533127,7.364923,25.470358,8.8992815,17.798563
1991m8,63.80368,13.737634,26.254145,11.295388,12.516511
1991m9,99.137505,14.975453,42.530285,19.168581,22.463179
1991m10,86.532303,11.101184,39.850403,9.9626007,25.618116
1991m11,86.509918,14.111547,41.107552,13.498,17.792818
1991m12,98.589684,23.28652,45.36335,11.492048,18.447763
1992m1,70.281227,16.733627,27.382298,13.386901,12.778405
1992m2,60.693054,9.7486248,24.843271,12.2644,13.836758
1992m3,53.448261,8.0029478,22.008108,7.7171288,15.720076
1992m4,46.474117,9.594656,16.790649,4.797328,15.291484
1992m5,63.463142,15.349226,19.776886,10.036032,18.300999
1992m6,52.988293,8.9863186,16.423271,7.7468262,19.831875
1992m7,53.704247,11.163242,18.404264,9.9564047,14.180335
1992m8,44.764805,4.3221192,13.275081,9.2616835,17.905922
1992m9,50.222736,9.7995586,12.555684,10.105795,17.7617
1992m10,38.619301,8.8029289,11.926549,5.9632745,11.926549
1992m11,43.540531,8.1075478,14.713697,10.509784,10.209504
1992m12,52.90015,10.58003,19.91535,8.4017887,14.002981
1993m1,53.37685,10.798784,16.043909,12.341468,14.192689
1993m2,37.624786,8.3240671,10.98777,6.3262916,11.986658
1993m3,38.217083,8.2313719,9.4072819,7.0554614,13.522967
1993m4,39.907375,7.9814749,13.893679,7.3902545,10.641967
1993m5,36.812675,6.2344046,11.875056,10.093798,8.6094151
1993m6,37.925724,9.1851368,9.7777252,8.8888416,10.07402
1993m7,51.863026,12.965756,19.139927,7.4090037,12.34834
1993m8,38.368862,10.211068,12.067625,7.7356572,8.3545103
1993m9,38.233814,6.3723021,14.261819,6.3723021,11.227389
1993m10,44.155384,14.152368,14.152368,6.2270412,9.6236095
1993m11,51.839924,12.055797,16.576719,9.6446371,13.562771
1993m12,40.288635,11.340506,12.534243,7.1624246,9.2514648
1994m1,56.188633,15.045044,17.80842,9.5182934,13.816877
1994m2,47.748306,10.94232,14.921346,12.600247,9.2843933
1994m3,41.08606,7.0433249,11.738874,13.206234,9.0976276
1994m4,44.073963,6.2962804,10.703676,13.851817,13.222188
1994m5,43.862587,5.1072874,15.622292,12.017148,11.115861
1994m6,44.862644,6.4973488,16.707466,9.2819262,12.375901
1994m7,62.438602,8.6979151,24.229904,10.872394,18.638388
1994m8,63.330063,11.156591,17.063021,14.437942,20.672506
1994m9,59.077415,12.0001,15.692438,12.307795,19.077082
1994m10,50.592113,8.7731991,11.697598,16.084198,14.037118
1994m11,51.4557,9.9191713,8.3693008,12.708938,20.45829
1994m12,39.198704,8.9508858,11.728746,7.7162805,10.802793
1995m1,40.083767,6.2145376,9.6325331,13.050528,11.186168
1995m2,36.114105,3.4394386,9.2864838,9.2864838,14.101697
1995m3,34.485554,3.6300581,8.7726402,9.6801548,12.402699
1995m4,32.452034,4.6360044,10.19921,8.0357418,9.5810766
1995m5,40.202988,4.3295527,9.5868664,11.751642,14.534926
1995m6,44.255482,7.4798002,14.024625,11.2197,11.531358
1995m7,41.651077,5.9501538,13.553127,11.569743,10.578052
1995m8,42.415459,3.6450787,12.92346,12.260719,13.586203
1995m9,48.137196,2.9076159,12.922737,18.091831,14.215011
1995m10,36.858292,2.1523092,8.6092367,15.873279,10.223468
1995m11,34.007553,6.6034083,7.5939193,10.565453,9.244772
1995m12,40.956284,6.2253551,13.761311,7.8636065,13.10601
1996m1,46.431911,3.6223476,12.84287,12.84287,17.123825
1996m2,50.238861,6.1101317,15.275329,10.523005,18.330395
1996m3,46.124371,3.9974453,11.069848,13.837311,17.219765
1996m4,46.918682,11.811696,17.389442,9.1868753,8.5306692
1996m5,46.379791,10.483104,20.013197,6.3533959,9.5300941
1996m6,50.67775,7.5687551,16.124739,11.846747,15.13751
1996m7,46.574829,6.2760406,19.15844,7.9276304,13.212717
1996m8,34.626118,6.7235184,8.068222,7.0596943,12.774685
1996m9,41.645969,5.8564639,14.315802,7.4832597,13.990442
1996m10,43.599491,8.0970488,9.3427477,11.834148,14.325547
1996m11,42.433208,7.0722013,11.11346,9.7663727,14.481174
1996m12,35.974052,4.4967566,10.920694,7.3875289,13.169073
1997m1,34.124428,5.6874042,8.6983833,6.3565106,13.382128
1997m2,51.475189,6.8179059,16.703869,10.226858,17.726555
1997m3,44.516941,6.1402678,15.35067,10.438456,12.587549
1997m4,56.211178,3.55358,16.152637,13.891268,22.613691
1997m5,45.516659,5.0225277,13.184135,7.533792,19.776203
1997m6,48.869469,7.0269823,14.053965,9.2628403,18.525681
1997m7,41.260078,5.5230026,13.320183,9.0967102,13.320183
1997m8,39.800594,5.0142479,11.90884,5.0142479,17.86326
1997m9,37.792393,3.352551,7.924211,8.2289886,18.28664
1997m10,58.714699,7.2008591,12.463026,17.448236,21.602577
1997m11,51.263458,6.9119272,6.6239305,13.247861,24.479742
1997m12,55.178593,5.3113084,11.507835,10.91769,27.441761
1998m1,53.850506,2.9108381,9.8968496,14.263106,26.779711
1998m2,51.199921,4.7906356,12.276004,10.778931,23.354349
1998m3,57.003532,4.3639064,13.091721,10.909766,28.638138
1998m4,51.229927,2.8620069,17.172041,10.303226,20.892651
1998m5,45.832222,3.6778944,10.184938,8.7703638,23.199026
1998m6,65.348579,5.5429602,12.836328,17.504086,29.465208
1998m7,62.278263,9.5812712,12.575418,11.677174,28.444399
1998m8,59.953091,4.1967163,12.889915,12.590149,30.27631
1998m9,54.117294,4.2500496,12.466811,11.333466,26.066971
1998m10,53.865189,5.2484035,13.535356,12.982892,22.098539
1998m11,53.284657,7.861671,22.129148,5.2411137,18.052725
1998m12,47.310242,4.4353352,16.558584,9.1663589,17.149963
1999m1,40.066151,2.0323412,13.06505,10.742374,14.226388
1999m2,47.860695,3.5097842,13.081923,8.9339962,22.334991
1999m3,33.578358,1.9751976,9.5938168,5.6434216,16.365923
1999m4,48.208248,12.836516,11.980748,8.5576773,14.833307
1999m5,42.538227,6.4367051,10.074843,6.996419,19.03026
1999m6,52.765335,10.036884,12.33103,7.7427392,22.654682
1999m7,49.564018,5.4069839,13.217072,9.0116405,21.928324
1999m8,73.263092,6.2288456,22.839102,11.567857,32.627289
1999m9,59.513885,3.5008168,18.962757,12.544594,24.505718
1999m10,57.590717,6.1323452,9.5984526,15.997421,25.862497
1999m11,54.746258,5.6225886,11.541103,10.653326,26.929241
1999m12,57.541729,8.2624016,11.803432,16.229717,21.246178
2000m1,60.628948,4.9080577,9.2386971,21.653196,24.828999
2000m2,55.869877,12.847083,4.7803102,10.158159,28.084322
2000m3,62.225552,15.756685,7.4777484,9.3471861,29.643932
2000m4,57.439865,9.7161961,14.574295,9.1446562,24.004721
2000m5,62.305298,7.2318654,16.688921,10.847797,27.536716
2000m6,73.368752,17.642103,14.841771,19.322306,21.562572
2000m7,68.484245,12.858267,13.696849,16.212599,25.716534
2000m8,70.736786,10.840886,8.1306648,22.765862,28.999372
2000m9,89.371193,32.048561,15.112329,16.15456,26.05574
2000m10,79.938057,19.4849,11.241289,19.984514,29.22735
2000m11,52.655449,10.017378,8.476243,10.017378,24.144449
2000m12,68.677376,25.686422,7.8411179,11.896869,23.252972
2001m1,123.0756,75.405472,8.3783865,15.890042,23.401699
2001m2,97.305153,51.014351,12.596136,10.706715,22.987947
2001m3,79.712433,40.56039,7.3234034,10.421767,21.406874
2001m4,90.933441,52.301586,10.698051,5.9433622,21.990438
2001m5,130.49721,87.879875,13.226068,8.5234671,20.867798
2001m6,96.885017,56.156284,13.884795,7.096673,19.747265
2001m7,81.549095,33.119556,12.810394,9.3734589,26.245686
2001m8,68.965256,23.609728,11.183556,9.008975,25.163
2001m9,61.155437,15.876892,8.8204956,14.40681,22.051241
2001m10,58.84745,11.222073,15.875126,12.590617,19.159636
2001m11,48.637383,15.735623,10.871885,6.2942491,15.735623
2001m12,43.379997,8.3768272,12.565241,5.6842756,16.753654
2002m1,39.694653,9.7755499,10.071777,6.5170326,13.330295
2002m2,46.869324,11.100629,12.642384,5.5503144,17.575998
2002m3,52.303684,9.8952913,23.183256,4.523562,14.701576
2002m4,52.123257,16.364277,14.849067,6.9699697,13.939939
2002m5,51.726681,18.290098,15.146486,4.2867417,14.003355
2002m6,41.113564,9.1692114,13.605927,5.6198397,12.718584
2002m7,43.027168,8.9241533,14.02367,4.780797,15.29855
2002m8,60.498619,10.344323,28.83872,4.7019653,16.613609
2002m9,48.932053,10.48544,16.601946,4.0776711,17.766996
2002m10,43.65696,4.9114079,11.732808,11.187097,15.825649
2002m11,43.395557,9.382823,14.074234,7.6235433,12.314955
2002m12,68.260094,25.303312,20.59572,7.061389,15.299676
2003m1,69.724602,25.38092,22.463573,5.8346944,16.04541
2003m2,48.570896,16.396544,10.827907,6.4967442,14.849701
2003m3,54.629398,18.120972,18.920425,5.8626671,11.725334
2003m4,43.509701,11.018691,17.799423,5.3680801,9.3235073
2003m5,52.953167,19.074528,15.373501,5.4091949,13.095945
2003m6,46.278744,21.089046,12.009041,4.3935513,8.7871027
2003m7,35.086361,11.288654,7.9325686,3.6611853,12.203951
2003m8,63.51239,31.308924,11.032669,6.2617855,14.909012
2003m9,39.636417,8.8738251,10.352796,7.0990601,13.310738
2003m10,38.163887,11.208974,8.2732906,4.2700853,14.411538
2003m11,32.336102,11.464618,6.7611852,4.703433,9.4068661
2003m12,52.173294,19.490023,10.194781,11.99386,10.494628
2004m1,36.838341,10.020029,8.2517881,5.3047214,13.261803
2004m2,35.158482,8.9385967,7.7467842,9.534503,8.9385967
2004m3,47.67841,14.159042,8.0908813,11.269442,14.159042
2004m4,44.251091,14.16035,6.49016,11.800291,11.800291
2004m5,52.93539,16.856522,10.941952,10.054767,15.08215
2004m6,49.13937,15.143579,8.9625263,10.198736,14.834526
2004m7,47.100704,11.775176,10.535684,8.3665724,16.423271
2004m8,45.45454,12.477717,7.4272127,9.5068321,16.04278
2004m9,42.709496,11.510361,5.4522758,6.6638927,19.082966
2004m10,52.307686,14.782606,7.3913031,12.508359,17.625414
2004m11,41.161472,6.6491613,6.9657879,11.398561,16.147963
2004m12,55.467392,13.399426,10.594895,13.399426,18.073645
2005m1,38.540771,6.0694127,8.1937075,13.656179,10.621473
2005m2,32.348171,4.9012384,6.2082353,7.5152321,13.723467
2005m3,46.310692,11.067965,10.194178,11.650489,13.398062
2005m4,41.14222,13.61096,6.1868,8.9708605,12.3736
2005m5,47.019737,11.152117,8.7408485,9.6450739,17.481697
2005m6,48.181091,17.799383,12.275437,5.2170606,12.889209
2005m7,48.047062,16.631674,11.087783,7.6998496,12.627753
2005m8,61.40387,21.652943,19.067516,6.4635653,14.219843
2005m9,93.260941,48.83696,13.238935,15.592523,15.592523
2005m10,55.85358,21.347179,9.0652409,11.989511,13.451648
2005m11,54.648994,18.637518,12.635606,8.5290337,14.846836
2005m12,51.052246,14.217081,9.0472336,10.339696,17.448236
2006m1,60.584244,23.5431,9.4172392,11.614595,16.009308
2006m2,38.503834,8.8855,4.2782035,6.9109449,18.429186
2006m3,40.865345,8.6503286,8.6503286,7.1588931,16.405796
2006m4,50.398811,14.580789,6.9734206,6.9734206,21.871181
2006m5,48.897804,13.018246,12.065691,6.0328455,17.781019
2006m6,38.844738,8.9151859,8.2783861,6.6863894,14.964776
2006m7,53.967747,12.250348,12.581438,9.9327145,19.203249
2006m8,55.0756,12.861966,9.2342329,16.159906,16.819494
2006m9,43.215549,7.0425339,11.204031,8.3229952,16.64599
2006m10,42.233551,8.1450415,7.8433733,8.1450415,18.100094
2006m11,40.547516,7.9194369,7.6026597,9.1865473,15.838874
2006m12,35.663185,8.3535385,7.7109594,7.7109594,11.887729
2007m1,29.923317,6.7568779,5.7916098,4.8263412,12.548488
2007m2,43.512569,7.6582122,10.443017,9.0506144,16.360727
2007m3,40.057575,5.2789054,10.868334,6.5210004,17.389336
2007m4,52.968601,6.3696423,15.756483,10.392574,20.449903
2007m5,64.504959,16.955589,11.795192,8.8463945,26.907784
2007m6,66.248512,15.072413,16.82502,9.8145943,24.536488
2007m7,62.724239,13.785546,15.853379,11.028438,22.056875
2007m8,53.846008,11.163198,16.088137,10.178208,16.416466
2007m9,48.894337,10.241382,15.196889,8.2591782,15.196889
2007m10,68.088615,13.363186,21.953804,13.363186,19.408436
2007m11,58.412525,10.867446,26.489401,5.433723,15.621955
2007m12,53.410694,10.682138,19.641352,7.925458,15.161745
2008m1,70.379196,23.459732,18.28479,13.799842,14.834829
2008m2,70.692215,17.761864,23.090422,12.078067,17.761864
2008m3,63.737621,11.247815,21.132259,17.042145,14.315402
2008m4,97.058052,16.235165,45.529049,13.411658,21.882179
2008m5,90.159897,17.894331,39.229877,12.044261,20.991426
2008m6,91.957031,27.299744,33.765472,11.135422,19.756393
2008m7,69.016815,13.803362,26.487534,10.818851,17.907064
2008m8,51.38047,12.402183,18.071753,9.9217463,10.984791
2008m9,61.735126,18.157389,19.609982,7.9892516,15.978503
2008m10,41.190079,9.7739172,14.660876,6.6323009,10.122986
2008m11,43.954693,8.7909384,17.199661,8.7909384,9.1731529
2008m12,53.829029,11.826074,18.350803,8.5637093,15.08844
2009m1,51.13271,16.647858,21.008011,4.3601532,9.1166849
2009m2,37.782803,2.9716811,19.103666,4.2452588,11.462199
2009m3,38.679001,5.6406875,17.324968,3.6261563,12.087189
2009m4,37.559982,3.5212483,17.214991,6.2599969,10.563745
2009m5,38.531353,8.0915842,13.100659,6.5503297,10.788778
2009m6,31.543455,7.0557728,9.961091,6.2256823,8.300909
2009m7,37.769524,7.389689,15.600454,4.9264593,9.8529186
2009m8,39.027626,6.5730739,15.200233,5.3406219,11.913696
2009m9,41.316799,4.767323,19.069292,5.1645999,12.315584
2009m10,34.789536,5.7345386,14.145195,5.7345386,9.1752625
2009m11,45.953575,8.0620308,21.364382,3.2248123,13.302351
2009m12,35.876038,5.6434216,15.720961,5.2403202,9.2713356
2010m1,52.191448,11.416879,20.387283,10.193642,10.193642
2010m2,34.2924,6.0771341,14.324674,4.3408103,9.5497818
2010m3,39.70462,6.1398897,19.647646,7.3678675,6.5492158
2010m4,37.212494,8.6829157,17.779303,3.3077774,7.4424992
2010m5,39.437382,5.0760984,16.399702,9.3712597,8.5903206
2010m6,43.05759,8.3723097,15.149893,5.1828585,14.352531
2010m7,41.582283,9.0023508,11.57445,7.7163,13.289184
2010m8,48.411777,9.0772085,23.773642,4.7547283,10.8062
2010m9,38.610489,5.8755093,19.305244,3.3574336,10.072302
2010m10,48.503563,14.08168,16.03747,3.5204201,14.863996
2010m11,34.980278,8.637105,9.5008163,7.7733951,9.0689602
2010m12,42.982433,9.551652,12.590814,9.551652,11.288316
2011m1,32.334579,6.4669156,9.9159374,4.7424049,11.20932
2011m2,44.749836,11.776273,16.015732,2.3552547,14.602578
2011m3,101.6623,33.345234,24.398951,33.751884,10.166229
2011m4,71.024147,13.691402,18.825678,27.382805,11.124265
2011m5,72.481987,18.120497,19.806126,24.020193,10.535173
2011m6,68.861641,18.189867,16.457499,21.221512,12.992763
2011m7,67.951973,21.919991,16.220793,16.220793,13.590395
2011m8,53.80864,14.230384,18.67738,10.228088,10.672789
2011m9,46.199684,9.2399368,11.759919,11.339922,13.859904
2011m10,40.694763,3.5907145,10.373175,10.373175,16.357698
2011m11,51.355309,9.4493771,14.379487,12.325274,15.201172
2011m12,44.535439,9.3312349,15.269293,8.4829397,11.451969
2012m1,43.582493,11.702706,13.316873,10.895623,7.6672902
2012m2,46.007309,12.353815,14.909777,8.5198717,10.223846
2012m3,35.49115,10.766978,11.165755,4.3865471,9.1718702
2012m4,42.497841,11.552811,11.965411,9.9024096,9.0772085
2012m5,38.52689,12.842297,6.4211483,5.5649953,13.69845
2012m6,43.443634,8.9574509,16.123411,5.8223429,12.540431
2012m7,62.552799,14.258359,27.136875,8.279047,12.878518
2012m8,57.244137,16.592505,24.059132,7.8814392,8.7110643
2012m9,36.465904,6.5556688,12.701608,4.0972929,13.111338
2012m10,50.953114,15.245813,13.640991,11.634964,10.431347
2012m11,77.271782,44.390175,11.097544,11.097544,10.686523
2012m12,41.510838,9.7423391,14.401719,6.3536997,11.01308
2013m1,45.635651,10.466892,15.072325,7.1174865,12.978947
2013m2,41.953167,5.8020339,13.835619,8.4798956,13.835619
2013m3,54.426941,11.918308,17.082909,11.123755,14.30197
2013m4,52.92115,8.6823769,16.124413,7.4420366,20.672323
2013m5,46.422287,10.404996,14.006724,6.803266,15.2073
2013m6,42.376934,10.801963,17.449326,4.5700612,9.555583
2013m7,49.68322,17.586979,17.586979,6.5951171,7.9141412
2013m8,35.889668,4.8144674,10.504292,8.7535772,11.817329
2013m9,39.231094,6.9744167,14.820636,8.2821198,9.153923
2013m10,39.666737,6.81146,11.619549,8.8148298,12.420897
2013m11,46.5168,7.1889601,16.492319,11.417761,11.417761
2013m12,33.805389,4.7674265,11.701865,5.6342316,11.701865
2014m1,59.50647,8.5620823,22.261414,12.843123,15.839852
2014m2,69.439781,6.7636151,36.072613,14.879954,11.723599
2014m3,60.720619,6.5203347,26.081339,13.448191,14.670753
2014m4,42.973545,6.4460316,21.486773,6.4460316,8.5947094
2014m5,41.647434,7.913013,14.993077,8.7459612,9.9953842
2014m6,53.499245,13.695807,17.119759,8.9878731,13.695807
2014m7,55.804928,9.6057663,26.530212,4.1167569,15.552194
2014m8,64.871071,10.887452,27.21863,6.8046575,19.960329
2014m9,56.110291,10.407554,20.815107,9.9550505,14.932577
2014m10,59.584427,10.987199,21.551813,7.6065226,19.43889
2014m11,47.776791,5.8594174,19.831875,9.9159374,12.16956
2014m12,54.426128,7.976243,22.990347,6.0994802,17.360058
2015m1,41.225437,12.94287,10.546042,7.6698489,10.066676
2015m2,55.065659,9.3507719,17.662569,11.428722,16.623594
2015m3,45.49073,7.3520374,21.137108,7.3520374,9.6495495
2015m4,95.707901,15.161647,58.751385,8.0546255,13.740242
2015m5,84.705208,11.764612,50.352539,9.4116888,13.176366
2015m6,70.767448,11.148296,40.715519,7.270628,11.633005
2015m7,73.240654,10.322508,40.798485,8.3563156,13.763344
2015m8,58.715626,9.6172142,24.80229,8.6048765,15.691244
2015m9,50.945599,11.376202,20.279316,4.9461751,14.343907
2015m10,57.849228,8.8639946,23.792826,6.531364,18.661041
2015m11,54.517345,7.9297957,26.76306,3.4692857,16.355204
2015m12,60.815487,8.5521774,27.081896,14.253629,10.927783
2016m1,52.373322,7.4195533,23.567993,10.038219,11.347553
2016m2,41.120052,3.6961842,25.411266,2.7721381,9.2404604
2016m3,45.696033,3.773067,22.219172,7.126904,12.576889
2016m4,58.447048,12.046338,21.415712,9.8155346,15.169463
2016m5,72.70681,13.805092,31.751709,11.964412,15.1856
2016m6,54.502995,9.8669214,17.854431,11.276483,15.505162
2016m7,39.282211,4.5151968,18.963827,5.4182358,10.384953
2016m8,60.460407,5.8985763,27.035141,8.8478642,18.678825
2016m9,46.508511,8.1509762,18.21983,5.7536302,14.384075
2016m10,41.570526,4.157053,21.709053,6.4665265,9.237895
2016m11,48.268536,7.4642067,18.909325,3.9809103,17.914097
2016m12,53.220562,4.6056256,23.539864,4.6056256,20.469446
2017m1,49.371094,4.3139796,19.173243,5.2726412,20.611235
2017m2,66.466812,3.190407,28.181927,4.7856107,30.308867
2017m3,51.274719,3.7290704,25.63736,5.1274724,16.780817
2017m4,59.345272,3.4618075,27.199917,7.9127026,20.770845
2017m5,57.019573,6.3901243,20.153471,8.3563166,22.119661
2017m6,66.457756,7.8185596,23.944338,2.9319599,31.762899
2017m7,64.051369,5.1654329,27.893339,9.29778,21.694818
2017m8,69.614449,11.344577,28.877104,6.7036133,22.689154
2017m9,81.416527,20.108902,31.879965,6.8664541,22.561207
2017m10,57.906868,8.0689898,23.732323,9.967576,16.13798
2017m11,48.927231,4.5869279,18.85737,7.1352215,18.347712
2017m12,56.659512,7.7971807,19.752857,8.3169928,20.79248
2018m1,72.722801,13.02498,23.336422,8.1406126,28.220789
2018m2,60.627712,5.349504,18.426069,11.887787,24.964352
2018m3,65.068001,8.3287039,24.465569,9.3697929,22.903936
2018m4,75.375992,9.9762344,12.747411,12.193175,40.459175
2018m5,83.527298,9.5299606,26.347538,15.135819,32.513985
2018m6,55.314915,10.159883,10.72432,9.0310068,25.399706
2018m7,80.660179,13.346648,21.470694,12.766358,33.076477
2018m8,87.133926,13.633199,36.157616,12.447703,24.895407
2018m9,66.002182,12.626504,14.922232,13.200436,25.253008
2018m10,74.753349,10.367253,24.554022,13.095478,26.736599
2018m11,80.729439,10.878435,28.054911,17.176476,24.619616
2018m12,75.527283,8.3919201,28.172873,9.590766,29.371721
2019m1,113.52103,18.346834,39.56036,22.933542,32.680298
2019m2,105.54362,14.279431,58.359417,16.76281,16.141966
2019m3,75.833832,10.99041,34.619789,9.8913689,20.332258
2019m4,67.34877,10.45067,24.965492,9.8700781,22.062527
2019m5,60.658894,8.583806,26.895924,5.1502838,20.028881
2019m6,52.984562,6.3351102,21.30901,5.7591915,19.581251
2019m7,61.119873,9.0772085,22.995596,9.6823559,19.364712
2019m8,75.341476,10.594894,33.550499,8.8290787,22.366999
2019m9,78.170166,19.97048,26.246918,8.5587769,23.393991
2019m10,59.267307,8.9460087,18.451143,13.419013,18.451143
2019m11,54.626225,12.005764,17.408358,6.6031699,18.608934
2019m12,56.975353,6.8871303,16.904776,10.643746,22.5397
2020m1,63.009815,6.0586362,18.781771,13.934862,24.234545
2020m2,92.922066,4.9891043,25.569159,28.687349,33.676453
2020m3,228.69069,10.781943,27.806065,108.38691,81.715782
2020m4,296.97678,10.158159,60.948956,126.08069,99.788979
2020m5,189.01581,13.670954,51.711868,70.137939,53.495041
2020m6,100.83101,9.3941927,23.798622,30.061419,37.576771
2020m7,121.15066,7.8747926,23.018625,38.162457,52.09478
2020m8,95.152031,9.3977318,18.208105,30.542627,37.003567
2020m9,91.348045,7.4065986,21.602579,22.837011,39.501858
2020m10,73.504387,6.9452968,17.363241,13.890594,35.305256
2020m11,86.715988,6.1939988,9.9103985,27.872995,42.73859
2020m12,109.37588,6.9545355,20.231377,27.818142,54.371826
2021m1,116.59194,5.4369297,20.539513,33.225681,57.389812
2021m2,155.49852,26.139837,34.182865,58.311951,36.863876
2021m3,124.43465,9.7595806,18.299213,59.167458,37.208401
2021m4,152.37718,8.8152094,23.297338,81.225853,39.038784
2021m5,268.96979,40.90324,30.367558,106.59632,91.102669
2021m6,286.40005,32.54546,48.167282,93.730927,111.95639
2021m7,337.07776,35.95496,62.921181,135.47316,102.72846
2021m8,288.21661,18.134979,60.234035,90.027214,119.8204
2021m9,342.29248,48.063839,50.661884,105.22083,138.3459
2021m10,511.34442,83.796867,56.884007,181.66183,189.00171
2021m11,528.92163,56.097752,52.758598,210.36656,209.69873
2021m12,464.80219,28.349638,50.765629,133.17737,252.50955
2022m1,554.02063,24.058798,38.093094,177.76778,314.10095
2022m2,327.34918,25.285845,28.702848,120.27861,153.08186
2022m3,352.15045,57.760128,65.213051,110.55164,118.62564
2022m4,360.73703,53.880577,75.564224,115.64612,115.64612
2022m5,359.4679,54.389057,103.77682,94.399391,106.90262
2022m6,360.46561,62.036652,102.52374,90.769417,105.1358
2022m7,477.7583,94.494377,101.10239,134.80318,147.35837
2022m8,355.44965,55.601067,94.65419,97.301865,107.89254
2022m9,337.06348,72.088715,84.42823,63.645897,116.90063
2022m10,328.19,81.573242,60.073315,75.882088,110.66137
2022m11,271.18182,48.195824,61.690655,52.694103,108.60126
2022m12,267.87549,45.998821,42.616554,62.910152,116.34996
2023m1,237.80067,25.503262,46.870857,53.074352,112.3522
2023m2,268.16599,39.565475,50.555882,65.942459,112.10217
2023m3,196.81624,26.777719,47.530449,38.82769,83.680374
2023m4,169.54111,10.730451,41.491074,36.483532,80.83606
2023m5,182.07422,12.186069,28.673105,37.275036,103.94
2023m6,168.89951,13.452173,40.356518,32.883087,82.207726
2023m7,193.06465,17.27816,34.55632,44.322235,96.907936
2023m8,163.82782,16.018721,34.949936,29.853071,83.006096
2023m9,166.63478,14.009119,46.451286,30.967524,75.206848
2023m10,213.33882,50.113144,58.703972,35.795105,68.726601
2023m11,202.41103,48.120358,45.828911,43.537464,64.924286
2023m12,159.24947,15.924946,30.333231,33.366554,79.624733
2024m1,146.81639,13.275949,40.608788,30.456591,62.47506
2024m2,137.08891,9.5643425,34.272228,35.866287,57.386055
2024m3,146.44902,8.0146227,42.987522,29.872686,65.574188
2024m4,135.47346,15.394712,33.098629,30.789425,56.190701
2024m5,133.85394,18.047724,30.831528,27.823574,57.151119
2024m6,122.34549,14.619901,27.700865,28.470333,51.55439
2024m7,123.8518,19.877451,21.406485,22.171001,60.396866
2024m8,119.34365,11.860239,31.874392,22.237949,53.371075
2024m9,99.957985,12.025021,18.037529,24.801603,45.093826
2024m10,166.99617,26.981915,32.086601,40.10825,67.819405
2024m11,101.82162,10.481638,26.204096,16.471146,48.664749
