DATES,LUS_IP,LUS_SP500,LUS_OIL_WTI,LUS_EMP_TPI,EPU,VXO,US_YLD_10Y,LGPR,LGPRA,LGPRT
1/1/1985,402.7845,48.6529,-141.399,1129.0232,103.7488022,,11.38,462.6671,449.5885,467.8181
2/1/1985,403.1268,53.4421,-135.5271,1129.1705,78.3132019,,11.51,476.3045,457.0596,483.9789
3/1/1985,403.288,52.2524,-132.0481,1129.5354,100.7614822,,11.86,482.6538,476.2065,484.4745
4/1/1985,403.0149,52.4494,-131.1271,1129.7353,84.77886963,,11.43,447.653,430.0786,455.0082
5/1/1985,403.1561,54.4182,-135.679,1130.0202,98.05365753,,10.85,463.7278,452.4792,471.0968
6/1/1985,403.2293,56.2723,-137.732,1130.1723,119.5971451,,10.16,500.2488,515.9881,490.2729
7/1/1985,402.5769,58.005,-137.2993,1130.255,111.4151077,,10.31,489.7134,500.758,483.8668
8/1/1985,402.9904,55.5939,-135.8732,1130.4929,111.2470093,,10.33,441.6236,444.1233,432.1
9/1/1985,403.4211,53.0359,-134.3546,1130.7217,111.1844635,,10.37,462.9223,452.7061,462.0743
10/1/1985,403.0069,53.8124,-130.292,1130.9327,93.09910583,,10.24,466.3363,477.6863,451.4613
11/1/1985,403.3443,59.4115,-126.6271,1131.1653,85.09912872,,9.78,455.2278,438.3552,458.7601
12/1/1985,404.3854,63.9866,-139.123,1131.3437,104.1772156,,9.26,456.8726,471.1426,438.5827
1/1/1986,404.8483,64.1633,-156.1442,1131.4682,144.2664795,18.12136364,9.19,490.7943,511.2124,492.4847
2/1/1986,404.19,69.6642,-195.8107,1131.5547,118.9935379,20.62421053,8.7,459.2592,474.3328,443.1069
3/1/1986,403.4983,75.8635,-215.3634,1131.6655,120.1600494,23.564,7.78,459.1848,476.6959,444.4173
4/1/1986,403.5299,78.4464,-213.4292,1131.8807,102.477356,23.01545455,7.3,499.9331,520.8791,495.9296
5/1/1986,403.7462,78.3768,-195.5089,1132.0044,132.3861694,18.8875,7.71,476.5495,473.7971,484.1703
6/1/1986,403.4199,80.654,-209.3235,1131.9049,115.0522919,18.59809524,7.8,456.7409,438.2849,467.2299
7/1/1986,403.9783,78.5464,-224.8675,1132.2902,130.8210602,19.63909091,7.3,455.0733,443.0523,460.3249
8/1/1986,403.8445,80.3513,-198.5644,1132.4038,118.302597,18.63809524,7.17,463.8082,460.3621,465.1665
9/1/1986,404.0473,77.1104,-199.5369,1132.6885,125.8942184,22.7052381,7.45,476.3096,484.2185,466.6821
10/1/1986,404.5138,76.6358,-200.2076,1132.8426,91.82046509,22.52391304,7.43,457.2569,434.9062,469.1503
11/1/1986,404.9681,79.7526,-198.3703,1133.024,98.32894135,18.63157895,7.25,469.8413,449.3922,482.5521
12/1/1986,405.8066,81.0852,-191.92,1133.2458,87.97968292,19.75863636,7.11,449.707,435.8022,453.7574
1/1/1987,405.4996,86.6552,-178.5229,1133.4193,110.4333191,20.76666667,7.08,457.4121,464.9083,450.53
2/1/1987,406.7999,92.3199,-183.9522,1133.7178,76.96607208,23.44631579,7.25,461.198,449.1957,469.7968
3/1/1987,406.93,95.8975,-181.2342,1133.9762,99.05958557,21.83727273,7.25,449.5441,420.6088,465.9197
4/1/1987,407.5588,94.2812,-180.1312,1134.3204,79.53235626,26.88142857,8.02,473.0869,459.6396,476.3268
5/1/1987,408.2024,93.8554,-176.17,1134.5879,87.58505249,25.4115,8.61,459.1588,455.6349,457.8533
6/1/1987,408.6664,97.6574,-173.4368,1134.7768,106.5728531,21.62454545,8.4,454.5233,440.4637,460.3461
7/1/1987,409.3572,100.2411,-167.4716,1135.143,81.38941193,17.80090909,8.45,459.3826,448.0341,467.776
8/1/1987,410.1845,105.7445,-173.0301,1135.332,52.7901535,20.84904762,8.76,460.4855,447.2796,474.91
9/1/1987,410.4409,101.9196,-177.3176,1135.6412,59.86959457,22.89380952,9.42,479.717,458.0261,496.6001
10/1/1987,411.8891,88.7838,-175.9334,1136.0578,170.3220673,58.21954545,9.52,461.57,448.669,470.6833
11/1/1987,412.4124,75.2889,-180.2703,1136.2951,183.1025238,49.4365,8.86,456.5946,432.9203,470.7722
12/1/1987,412.9052,73.6206,-190.1119,1136.5747,149.0111389,41.76409091,8.99,469.9174,448.0386,482.4284
1/1/1988,412.9502,77.2364,-190.8419,1136.6604,142.8728485,38.3365,8.67,442.1266,428.9028,446.7526
2/1/1988,413.3836,79.9865,-193.3346,1137.165,102.0328903,33.674,8.21,445.6741,430.1672,450.191
3/1/1988,413.5835,82.4617,-197.1807,1137.4146,82.35363007,29.35695652,8.37,470.2356,469.4106,466.2892
4/1/1988,414.1481,80.7653,-187.9625,1137.6877,97.85680389,27.405,8.72,478.2902,485.58,473.564
5/1/1988,414.031,77.9223,-190.7809,1137.9177,99.12745667,25.71666667,9.09,465.2755,457.6299,466.8603
6/1/1988,414.2853,83.0263,-196.5535,1138.2942,88.28594971,25.27090909,8.92,437.8372,439.5392,430.4225
7/1/1988,414.3282,81.9982,-203.4234,1138.5728,80.83588409,23.644,9.06,442.4014,456.72,425.9747
8/1/1988,414.7447,79.5789,-203.6742,1138.6568,94.88969421,23.7073913,9.26,443.1461,453.5615,430.0153
9/1/1988,414.4705,80.5051,-211.3977,1138.939,85.35681152,19.52428571,8.98,431.5388,430.8754,428.956
10/1/1988,414.9657,83.6288,-216.4661,1139.1955,98.25379944,20.48190476,8.8,429.6608,418.7079,427.4005
11/1/1988,415.1241,81.222,-215.254,1139.4941,102.2340012,21.65904762,8.96,423.1181,435.1031,402.2832
12/1/1988,415.6118,83.0611,-200.259,1139.821,77.82810211,17.75428571,9.11,450.423,454.7373,441.0125
1/1/1989,415.9122,85.7322,-190.7171,1140.0731,87.42640686,17.75809524,9.09,449.1403,441.661,448.9706
2/1/1989,415.4564,88.288,-192.0061,1140.3278,51.35064316,18.31263158,9.17,451.7634,451.9335,448.2296
3/1/1989,415.6836,87.2716,-183.8864,1140.5329,72.52325439,17.47545455,9.36,447.4307,453.3531,438.079
4/1/1989,415.7513,89.8259,-176.6572,1140.702,92.37982941,16.8875,9.18,442.5794,443.75,435.4583
5/1/1989,415.0857,93.0503,-182.1345,1140.7976,83.75286865,17.435,8.86,464.2741,438.5358,476.0039
6/1/1989,415.1335,95.8815,-182.4924,1140.8842,95.78630829,16.73227273,8.28,449.3809,422.6639,458.1686
7/1/1989,414.2108,98.1404,-184.5773,1140.9386,78.2565918,18.0565,8.02,443.9743,436.7325,443.4691
8/1/1989,415.1304,102.3085,-190.4522,1140.9019,83.10930634,19.32347826,8.11,469.2973,474.655,475.3222
9/1/1989,414.7813,102.196,-185.309,1141.1358,74.69548035,16.7465,8.19,444.9052,448.8004,437.4745
10/1/1989,414.7161,101.7363,-183.2835,1141.2475,76.44955444,21.95090909,8.01,424.1682,416.7215,422.1801
11/1/1989,415.0435,99.4102,-184.8774,1141.5258,105.0474854,20.93238095,7.87,453.0756,472.3154,427.3184
12/1/1989,415.6485,101.677,-178.8395,1141.5985,103.7966843,18.235,7.84,472.3429,485.713,462.0305
1/1/1990,414.9824,98.1531,-172.6269,1141.9142,92.32149506,23.49909091,8.21,440.1143,439.1062,433.0884
2/1/1990,415.958,94.8439,-175.634,1142.1446,110.4462738,23.32684211,8.47,434.908,418.0355,439.5792
3/1/1990,416.4461,96.6937,-184.1058,1142.2454,104.4614105,18.83136364,8.59,421.3489,408.9715,422.225
4/1/1990,416.2941,96.4535,-193.6817,1142.2005,88.44817352,20.4575,8.79,440.2367,400.3556,458.4728
5/1/1990,416.5072,99.7286,-195.7894,1142.1249,97.38793182,18.15181818,8.76,445.907,420.2358,458.3094
6/1/1990,416.8278,102.0413,-204.1143,1142.1906,100.8643417,17.58285714,8.48,437.8033,439.0154,428.8353
7/1/1990,416.6983,101.5583,-194.5399,1142.1512,86.28017426,18.93285714,8.47,445.1872,440.4853,441.1212
8/1/1990,417.0265,92.1585,-157.7494,1142.0361,139.3226929,27.77521739,8.75,552.3263,485.3983,586.8628
9/1/1990,417.153,86.5772,-137.0984,1141.9504,165.938446,28.81894737,8.89,523.9949,467.2406,556.8816
10/1/1990,416.3985,83.3153,-131.2759,1141.7779,137.6742401,30.13043478,8.72,496.8789,465.4984,515.2981
11/1/1990,415.2225,85.715,-142.1279,1141.6018,152.4486084,25.10666667,8.39,506.729,474.8435,530.4205
12/1/1990,414.5662,89.895,-158.8111,1141.5291,134.0615387,22.5845,8.08,503.1499,463.6507,527.1195
1/1/1991,414.1311,88.301,-168.5069,1141.4,204.0105438,26.93181818,8.09,593.8195,617.3194,588.6195
2/1/1991,413.4306,98.8579,-188.2264,1141.0361,106.5180588,22.11263158,7.85,582.7055,619.4964,553.6513
3/1/1991,412.9051,101.4369,-191.6567,1140.852,107.9374847,19.04105263,8.11,500.1381,514.3973,489.7709
4/1/1991,413.1022,103.2571,-187.071,1140.622,93.01464081,18.92727273,8.04,458.2516,448.3065,461.289
5/1/1991,414.0982,102.5166,-185.3845,1140.4794,82.14782715,17.18045455,8.07,448.3782,437.0304,455.868
6/1/1991,415.005,102.3014,-190.722,1140.504,85.91903687,17.575,8.28,447.4308,424.1162,460.3157
7/1/1991,415.1241,102.6644,-184.9821,1140.4159,80.64899445,17.66954545,8.27,474.6537,443.9484,497.4324
8/1/1991,415.2097,104.7558,-184.0289,1140.4705,99.12208557,15.93272727,7.9,473.1759,446.9869,489.3462
9/1/1991,416.0958,103.7498,-183.6918,1140.5262,127.2944412,17.029,7.65,477.0195,431.4773,503.7885
10/1/1991,415.9216,103.5227,-177.7545,1140.4939,108.1209641,16.84636364,7.53,461.3454,435.6151,480.9289
11/1/1991,415.807,102.9825,-181.3845,1140.388,140.6123657,17.6815,7.42,461.2566,435.1336,479.024
12/1/1991,415.4085,103.5791,-195.526,1140.4081,171.0109711,18.01857143,7.09,464.4098,407.3247,490.6996
1/1/1992,414.8476,110.289,-199.3034,1140.4014,116.3648529,17.49954545,7.03,463.4317,424.0703,483.7523
2/1/1992,415.5614,109.0783,-198.7402,1140.3356,154.5969238,17.05052632,7.34,446.8244,414.0918,461.607
3/1/1992,416.3889,107.3079,-199.6506,1140.3668,96.82842255,16.22272727,7.54,444.6143,398.3274,467.4039
4/1/1992,417.1442,107.1747,-193.0239,1140.5118,89.85423279,16.18857143,7.48,445.2667,430.9473,452.8734
5/1/1992,417.4698,108.8334,-189.7836,1140.6409,78.68047333,14.728,7.39,436.9045,403.3096,453.3484
6/1/1992,417.484,106.8869,-183.5126,1140.7043,122.2935028,14.75318182,7.26,454.1688,390.6609,482.2989
7/1/1992,418.3838,108.3195,-186.5176,1140.7298,119.6131821,13.30363636,6.84,432.0108,394.4354,452.6439
8/1/1992,417.8905,108.7256,-188.6999,1140.8032,122.4071198,14.42238095,6.59,440.2383,425.0772,447.2288
9/1/1992,418.1226,108.5737,-186.429,1140.9008,141.4432373,14.25857143,6.42,431.2271,382.2945,452.9253
10/1/1992,418.8698,106.7825,-187.765,1141.1015,161.2542267,17.47863636,6.59,422.2192,407.742,426.7405
11/1/1992,419.2943,109.1176,-194.3134,1141.2342,108.1500702,14.594,6.87,451.0958,422.7664,469.7047
12/1/1992,419.3845,112.1693,-198.9506,1141.4397,87.8720932,12.78136364,6.77,442.39,410.8994,457.7738
1/1/1993,419.8168,111.5829,-201.1665,1141.7438,83.46498108,12.5745,6.6,485.9177,474.3433,497.5999
2/1/1993,420.2592,112.7097,-196.5183,1142.0174,106.97612,13.50526316,6.26,450.4997,416.8793,465.6443
3/1/1993,420.1192,114.2559,-195.41,1141.957,109.796814,13.6573913,5.98,454.586,438.5622,460.4317
4/1/1993,420.4692,112.3932,-196.0671,1142.2541,89.65112305,13.49952381,5.97,472.4922,428.6533,497.0084
5/1/1993,420.1215,112.7429,-197.8473,1142.5372,133.5057526,13.535,6.04,470.7093,435.5219,492.2797
6/1/1993,420.2871,113.2339,-202.4447,1142.715,120.6800613,13.00227273,5.96,464.6266,429.4999,483.2019
7/1/1993,420.5953,113.0612,-208.9677,1142.949,106.5029907,11.99952381,5.81,481.474,467.3596,488.097
8/1/1993,420.4901,114.3025,-208.4477,1143.1477,115.5761719,11.95227273,5.68,457.7199,455.109,457.5593
9/1/1993,420.9673,115.2139,-211.4406,1143.3958,116.027298,12.62142857,5.36,449.0486,434.2898,457.9407
10/1/1993,421.7321,115.812,-208.3142,1143.7027,78.8225174,11.37714286,5.33,466.5003,417.7824,486.9892
11/1/1993,422.1455,115.5253,-216.774,1143.9451,89.25749969,13.37095238,5.72,442.4609,393.8781,465.5207
12/1/1993,422.6913,116.1833,-230.7431,1144.2557,77.27201843,10.86454545,5.77,437.6408,391.4713,457.5388
1/1/1994,423.0692,117.4105,-227.6925,1144.516,82.2928009,10.6052381,5.75,442.4726,417.8539,453.3587
2/1/1994,423.0966,116.7699,-229.54,1144.7117,96.14565277,12.88526316,5.97,476.4241,433.7135,499.8207
3/1/1994,424.099,114.7678,-230.7203,1145.1603,83.22688293,14.24086957,6.48,453.7683,437.4744,459.0689
4/1/1994,424.6641,110.9928,-219.619,1145.4904,106.3544464,15.33473684,6.97,455.7628,422.9879,475.7426
5/1/1994,425.1749,111.7414,-210.9959,1145.8015,94.50388336,13.39,7.18,464.8869,430.2797,481.1995
6/1/1994,425.811,112.2702,-204.9191,1146.1253,87.46889496,12.94590909,7.1,479.0423,438.14,499.9211
7/1/1994,425.9641,111.2444,-202.1707,1146.488,75.43205261,12.1635,7.3,460.1566,432.3747,474.8433
8/1/1994,426.5568,113.6463,-209.2896,1146.7823,88.99729919,11.39304348,7.24,458.7281,419.9307,481.155
9/1/1994,426.9372,113.9607,-214.6469,1147.1166,85.29350281,12.61238095,7.46,459.4094,393.8408,487.7622
10/1/1994,427.7804,113.2185,-213.2925,1147.329,61.68622589,15.04952381,7.74,455.2335,416.6753,477.8277
11/1/1994,428.3949,112.4796,-211.2998,1147.7319,94.68727875,16.24952381,7.96,446.0489,425.8296,461.307
12/1/1994,429.4396,111.2072,-216.6219,1148.0165,94.76318359,13.80666667,7.81,456.4843,440.2027,467.9737
1/1/1995,429.6222,112.9942,-212.2658,1148.3538,122.4063721,11.71190476,7.78,438.3958,425.5287,444.1464
2/1/1995,429.4595,116.1171,-209.6999,1148.5451,100.5155563,11.19736842,7.47,434.2185,434.57,428.4883
3/1/1995,429.6034,118.0897,-209.9338,1148.7403,86.48616791,11.97130435,7.2,440.9696,438.0466,437.1459
4/1/1995,429.5395,120.7076,-203.4197,1148.8991,65.99556732,12.51684211,7.06,459.7046,459.6613,454.2476
5/1/1995,429.8786,123.5967,-204.2571,1148.895,67.301651,12.45863636,6.63,447.5546,437.3864,456.8602
6/1/1995,430.2174,126.3208,-211.39,1149.1099,75.82338715,13.17909091,6.17,465.0218,444.4073,480.0565
7/1/1995,429.8188,129.6058,-217.6336,1149.2141,81.65293884,14.0765,6.28,467.8843,460.7143,474.7752
8/1/1995,431.0733,129.6562,-213.7627,1149.4812,55.88801193,13.34869565,6.49,467.2219,461.2815,477.489
9/1/1995,431.4734,132.9153,-212.8813,1149.7253,70.38091278,12.237,6.2,426.5565,423.1459,429.024
10/1/1995,431.3503,133.3044,-217.5976,1149.8492,79.90551758,14.23772727,6.04,421.5699,423.5938,416.3215
11/1/1995,431.6016,135.5104,-214.4286,1149.9962,101.200119,12.97190476,5.93,433.5112,424.6577,436.7073
12/1/1995,431.9826,138.7225,-208.7185,1150.1399,90.67060089,12.288,5.71,418.4673,401.3926,423.3846
1/1/1996,431.3267,138.1134,-210.1708,1150.1521,101.5782242,14.15045455,5.65,432.5918,437.8049,429.9461
2/1/1996,432.8552,143.3489,-209.4427,1150.5438,82.02139282,16.238,5.81,438.7274,423.6391,445.4068
3/1/1996,432.7612,142.4531,-198.6523,1150.7521,76.63046265,19.08190476,6.27,440.8518,443.1866,435.531
4/1/1996,433.6719,142.0836,-189.1843,1150.9349,70.88105774,17.51285714,6.51,444.0633,459.1541,426.5942
5/1/1996,434.4014,144.0408,-199.721,1151.2495,62.10961151,16.96681818,6.74,418.252,422.9906,408.0803
6/1/1996,435.2429,145.0702,-203.6595,1151.5333,82.24293518,17.6755,6.91,423.539,412.18,428.3944
7/1/1996,435.1132,141.1547,-199.6757,1151.7595,69.69367218,19.34181818,6.87,439.0049,444.5848,431.6247
8/1/1996,435.6914,143.8141,-196.8725,1151.9851,88.64742279,16.47818182,6.64,440.2903,445.0781,440.3467
9/1/1996,436.3776,145.3213,-188.3691,1152.132,78.9807663,17.2785,6.83,447.9573,453.0867,446.6463
10/1/1996,436.3182,148.8666,-184.9589,1152.3974,55.67024612,17.40130435,6.53,401.7946,390.2868,404.0939
11/1/1996,437.1971,153.4395,-190.0666,1152.6789,74.37119293,17.1635,6.2,404.9079,393.2579,406.1436
12/1/1996,437.845,154.4648,-183.1899,1152.8523,67.17334747,20.118,6.3,431.7256,419.2325,438.4257
1/1/1997,437.9865,157.1933,-184.4061,1153.0471,75.44551086,21.03136364,6.58,399.0139,401.1458,397.5145
2/1/1997,439.189,160.9924,-197.2318,1153.3483,92.08613586,21.64789474,6.42,392.316,377.2971,399.8226
3/1/1997,439.8565,159.9584,-203.1342,1153.6466,70.45269012,22.3035,6.69,406.8686,409.2799,403.1871
4/1/1997,439.8799,156.2051,-209.502,1153.9402,71.10443115,21.50772727,6.89,414.0663,411.5461,413.3182
5/1/1997,440.4635,164.9342,-203.9199,1154.195,75.86949921,21.92761905,6.71,398.1102,390.3444,398.0509
6/1/1997,440.9502,169.8647,-212.3701,1154.3978,84.47803497,22.74333333,6.49,366.4731,365.4274,360.2385
7/1/1997,441.71,175.1817,-210.1351,1154.6602,76.70619965,23.24772727,6.22,386.4898,377.1237,385.9221
8/1/1997,442.7495,175.2586,-208.8079,1154.7095,58.91501999,25.15380952,6.3,388.3259,390.0456,383.5328
9/1/1997,443.6339,176.0063,-209.7493,1155.1242,54.41430283,25.59285714,6.21,375.3943,371.5714,372.9045
10/1/1997,444.4905,177.2557,-202.8113,1155.3981,92.9295578,25.61565217,6.03,390.6936,353.9805,407.226
11/1/1997,445.3645,176.0229,-208.0364,1155.6694,85.98280334,31.54526316,5.88,408.9221,348.9377,436.9907
12/1/1997,445.6724,178.6129,-217.5397,1155.9647,103.6995239,26.47318182,5.81,378.415,357.9041,387.8721
1/1/1998,446.1847,178.5302,-226.8907,1156.2116,107.9537582,24.4275,5.54,397.2107,374.9217,409.1361
2/1/1998,446.316,184.4241,-231.0483,1156.3904,101.1494675,20.38631579,5.57,435.1537,381.4807,462.3411
3/1/1998,446.3835,189.2942,-237.9417,1156.5252,83.3476181,20.54318182,5.65,404.7394,379.5865,418.2081
4/1/1998,446.7528,192.3414,-235.3902,1156.766,74.45728302,22.53809524,5.64,393.1759,363.7661,407.3587
5/1/1998,447.3867,191.8166,-239.3984,1157.0902,80.12715149,21.4485,5.65,454.8319,377.9697,486.5986
6/1/1998,446.7574,191.6914,-247.9312,1157.3051,80.88773346,21.99636364,5.5,433.4792,388.7297,455.34
7/1/1998,446.4094,195.8243,-245.0253,1157.3785,101.4185181,20.25181818,5.46,398.988,364.5432,416.2413
8/1/1998,448.441,188.3522,-250.3722,1157.6698,130.467041,31.48857143,5.34,457.4926,481.898,443.0085
9/1/1998,448.2455,183.076,-239.2872,1157.8404,169.0372772,39.24714286,4.81,413.5382,400.9687,422.6497
10/1/1998,449.0518,183.9843,-243.3491,1158.0145,145.0232391,37.45409091,4.53,399.6431,387.6977,405.8647
11/1/1998,448.987,194.2799,-254.66,1158.233,113.5047455,25.038,4.83,421.9007,365.3311,447.8147
12/1/1998,449.3576,198.2495,-267.6225,1158.5404,110.8949814,25.47681818,4.65,433.0205,417.4384,445.7603
1/1/1999,449.8246,202.8224,-257.8199,1158.6343,123.3228455,28.61684211,4.72,415.8683,398.4766,424.0768
2/1/1999,450.3564,202.525,-261.7127,1158.9664,94.99628448,29.93842105,5,406.5883,378.8135,420.8922
3/1/1999,450.515,204.9969,-242.0763,1159.0433,67.02757263,26.47565217,5.23,442.3615,431.9993,449.6898
4/1/1999,450.7859,208.3313,-225.9984,1159.3214,69.7878952,24.69380952,5.18,466.5306,463.6992,472.1542
5/1/1999,451.472,208.1301,-223.6863,1159.5233,64.77645874,27.3765,5.54,444.7828,439.0384,449.287
6/1/1999,451.3049,207.4127,-222.9001,1159.7423,74.92562866,24.12363636,5.9,437.4631,442.7974,433.0225
7/1/1999,451.9357,211.436,-211.6851,1159.9791,86.52993774,21.48666667,5.79,412.9436,399.3749,420.2261
8/1/1999,452.3557,207.2452,-206.1893,1160.0881,77.02532959,24.90909091,5.94,414.0888,405.9753,417.8411
9/1/1999,451.9329,206.0633,-195.0208,1160.2474,77.49834442,25.58,5.92,424.2499,413.058,432.4697
10/1/1999,453.2577,204.4973,-200.5309,1160.5687,65.33708191,25.37,6.11,428.1564,409.704,437.4298
11/1/1999,453.7288,211.2024,-190.7997,1160.7963,76.31718445,22.22952381,6.03,405.982,396.0774,410.0773
12/1/1999,454.4988,213.8761,-186.2846,1161.0343,79.32242584,23.22227273,6.28,445.5335,445.9795,455.9239
1/1/2000,454.5164,213.3624,-182.6086,1161.2173,88.98869324,24.9385,6.66,416.6011,416.2788,418.3173
2/1/2000,454.8131,210.1628,-175.5192,1161.2997,73.36519623,25.456,6.52,415.1697,422.0716,405.4414
3/1/2000,455.1748,213.1102,-174.5236,1161.605,73.29862213,24.81043478,6.26,391.4061,370.9084,400.7892
4/1/2000,455.8925,214.3703,-189.5534,1161.806,70.5997467,29.83315789,5.99,388.5324,371.1546,397.6028
5/1/2000,456.0628,211.2758,-178.4903,1161.6907,118.1432114,29.42909091,6.44,437.5542,442.1582,434.7302
6/1/2000,456.1587,213.7715,-168.8495,1161.8852,109.5842285,24.31772727,6.1,417.0037,397.3577,429.8301
7/1/2000,456.0075,214.2923,-175.8734,1162.0604,86.65835571,22.66,6.05,394.9396,371.5012,404.8597
8/1/2000,455.7148,215.1344,-171.1118,1162.082,58.90645981,20.48434783,5.83,383.9286,372.7762,389.5737
9/1/2000,456.0999,213.4365,-163.4387,1162.2838,73.55099487,22.3365,5.8,396.4426,356.0823,416.5812
10/1/2000,455.8047,207.8107,-166.0278,1162.2748,89.91345215,28.21409091,5.74,433.6722,435.1698,441.1435
11/1/2000,455.8319,206.6606,-162.1646,1162.4431,166.1840515,29.21190476,5.72,380.8007,385.4538,379.2286
12/1/2000,455.5531,203.4578,-181.0608,1162.5406,149.4485168,30.1045,5.24,381.5404,378.3811,383.2308
1/1/2001,454.9073,203.18,-177.8259,1162.503,142.6141205,27.83,5.16,384.8008,364.658,398.3457
2/1/2001,454.2654,200.5187,-178.1324,1162.5209,128.6256409,26.15947368,5.1,400.8927,381.6099,415.4026
3/1/2001,454.0313,190.6595,-186.6883,1162.4485,137.374176,32.42318182,4.89,412.2429,404.0715,420.0538
4/1/2001,453.7394,190.5987,-186.4585,1162.152,148.7580109,32.245,5.14,392.3334,385.3805,396.6012
5/1/2001,453.1265,196.6966,-182.5292,1162.0712,117.4362564,26.095,5.39,410.0606,404.0666,411.6514
6/1/2001,452.527,194.0045,-186.3933,1161.8744,93.46123505,23.30047619,5.28,427.7559,416.2229,437.3404
7/1/2001,451.954,191.4807,-190.3876,1161.7213,120.2945938,24.85904762,5.24,411.2069,396.3073,418.194
8/1/2001,451.8299,189.3032,-186.5955,1161.5572,95.39997101,24.26043478,4.97,416.0565,431.605,401.1544
9/1/2001,451.4468,176.7964,-192.9949,1161.3033,272.7644958,38.55133333,4.73,621.19,673.4803,556.1334
10/1/2001,451.0107,180.1458,-207.9535,1160.9862,247.294281,34.44695652,4.57,623.9359,675.0019,556.5851
11/1/2001,450.5195,185.1286,-219.9338,1160.6562,172.4888306,28.25428571,4.65,572.615,623.3913,500.9269
12/1/2001,450.543,186.8645,-221.2686,1160.4839,149.7089386,24.5395,5.09,546.4254,594.5349,483.7852
1/1/2002,451.1732,186.2251,-219.7402,1160.3451,148.4497375,23.6152381,5.04,515.0265,556.9439,467.2046
2/1/2002,451.1467,182.3014,-214.8798,1160.2272,104.609436,24.66842105,4.91,498.4878,536.0848,456.2057
3/1/2002,451.959,186.454,-199.0988,1160.1724,97.51299286,21.014,5.28,502.3725,539.3486,459.6365
4/1/2002,452.3712,182.2101,-192.3556,1160.0753,106.16465,21.81454545,5.21,505.9403,541.8942,461.2587
5/1/2002,452.793,179.2193,-189.5234,1160.0203,98.64002991,22.63,5.16,509.5726,534.4288,495.7564
6/1/2002,453.7401,172.9304,-195.2899,1160.0341,111.1499481,28.599,4.93,500.6162,524.24,485.0394
7/1/2002,453.5002,161.2864,-189.9918,1159.9525,139.6611328,38.49727273,4.65,481.038,512.6459,454.7008
8/1/2002,453.5133,161.9408,-185.1105,1159.9085,136.1190643,37.25272727,4.26,484.4695,505.92,462.1985
9/1/2002,453.6521,156.7478,-180.8512,1159.869,149.8481903,41.656,3.87,516.4234,524.026,516.2105
10/1/2002,453.3496,155.0518,-183.7907,1159.9736,128.9736176,41.3973913,3.94,514.768,528.5227,511.8148
11/1/2002,453.8703,161.3212,-193.1866,1159.9415,162.221405,32.005,4.05,506.9706,518.7737,504.3514
12/1/2002,453.3785,160.3537,-181.6156,1159.8038,160.4113312,31.83095238,4.03,516.9414,516.5919,520.9484
1/1/2003,454.1376,159.5401,-170.7568,1159.8681,185.5916138,30.66857143,4.05,532.9984,517.5923,550.459
2/1/2003,454.2797,152.0531,-163.0219,1159.745,161.7597656,36.54052632,3.9,547.9016,536.1669,569.2923
3/1/2003,454.048,152.5232,-170.3056,1159.5629,224.6472015,35.1947619,3.81,588.2517,606.1793,589.2779
4/1/2003,453.3306,157.7402,-187.2637,1159.5261,176.5798492,27.14238095,3.96,554.4299,580.3939,535.9438
5/1/2003,453.3586,162.9361,-187.4853,1159.5694,122.3098221,22.54857143,3.57,508.8348,523.0287,503.3025
6/1/2003,453.5258,168.2374,-178.8235,1159.5316,110.695549,22.34904762,3.33,498.2028,517.5688,485.0729
7/1/2003,453.9652,168.5872,-178.8118,1159.504,103.7482452,21.20681818,3.98,490.4526,512.0677,468.5761
8/1/2003,453.8224,167.9041,-176.5215,1159.5362,91.71417236,20.82904762,4.45,492.8926,519.2957,469.7285
9/1/2003,454.4093,170.5574,-187.8827,1159.6807,109.5539551,20.68238095,4.27,477.2346,496.6733,460.2371
10/1/2003,454.5504,172.5395,-180.8118,1159.8149,78.58598328,19.18434783,4.29,468.5066,486.7098,453.2904
11/1/2003,455.318,173.8801,-178.0602,1159.8543,78.6960907,17.83894737,4.3,477.1419,503.2047,453.6159
12/1/2003,455.2468,176.8741,-174.6167,1159.9488,90.34359741,16.37545455,4.27,486.3411,510.5827,467.697
1/1/2004,455.5018,181.0762,-168.7996,1160.122,88.27758789,15.834,4.15,473.1517,483.6958,467.0183
2/1/2004,456.1059,181.4902,-167.9021,1160.1623,88.90148163,15.92473684,4.08,474.5593,486.1704,464.5494
3/1/2004,455.6072,179.1385,-162.8811,1160.4173,84.3309021,17.73304348,3.83,493.1102,521.332,469.2484
4/1/2004,456.0576,179.6252,-163.4042,1160.6388,79.72691345,15.78809524,4.35,500.8175,532.4595,479.6999
5/1/2004,456.847,176.3315,-154.6135,1160.8963,97.2080307,18.076,4.72,479.6544,507.4852,452.1412
6/1/2004,456.0192,178.6966,-160.6781,1160.998,85.27448273,15.0452381,4.73,492.1687,518.1989,467.0899
7/1/2004,456.7868,176.4505,-153.7957,1161.0433,88.95649719,15.66857143,4.5,487.5349,507.3999,479.8001
8/1/2004,456.8605,174.8566,-143.9152,1161.1059,84.44986725,16.59272727,4.28,494.4252,517.3062,484.7687
9/1/2004,456.9447,177.2491,-141.8954,1161.2391,108.5095825,13.88047619,4.13,503.6119,524.3625,486.9118
10/1/2004,457.8922,176.7608,-127.8945,1161.5401,118.3414459,15.1847619,4.1,478.6348,499.8863,461.0236
11/1/2004,458.1017,181.1576,-137.1566,1161.5581,96.69577026,14.05,4.19,480.9803,502.1768,459.4378
12/1/2004,458.8348,184.0816,-147.9702,1161.6664,66.53287506,13.01409091,4.23,469.9527,497.8287,440.1888
1/1/2005,459.2941,182.3761,-140.3985,1161.7637,66.73433685,13.512,4.22,461.4007,485.62,435.9251
2/1/2005,459.9795,183.3313,-138.5855,1161.9877,51.69568634,11.56263158,4.17,469.1146,468.9475,465.1771
3/1/2005,459.8207,182.1576,-127.1227,1162.1026,49.30863571,12.88045455,4.5,450.436,447.5935,446.8506
4/1/2005,459.9891,178.9035,-129.9963,1162.4145,78.39586639,14.05714286,4.34,446.628,463.331,428.4037
5/1/2005,460.1195,180.1889,-136.1291,1162.5441,75.09077454,13.17904762,4.14,458.7067,465.3102,449.9062
6/1/2005,460.5023,182.1521,-123.8027,1162.7851,82.00558472,11.24181818,4,439.5979,453.7079,424.6815
7/1/2005,460.1857,183.3389,-120.2558,1163.0166,71.93954468,10.489,4.18,511.1397,547.0441,477.2239
8/1/2005,460.4605,182.9947,-110.6255,1163.1908,59.61723328,11.98521739,4.26,475.5551,496.4879,452.9186
9/1/2005,458.5762,181.9143,-110.9239,1163.2671,105.7698593,11.95904762,4.2,464.254,486.9625,436.2547
10/1/2005,459.8296,178.9049,-116.1217,1163.3602,79.8299942,14.58238095,4.46,446.6619,465.9297,429.3027
11/1/2005,460.8381,183.4497,-122.072,1163.6328,60.06785202,11.60619048,4.54,442.4608,456.4656,425.7093
12/1/2005,461.4563,185.8322,-119.7437,1163.753,70.02675629,10.92380952,4.47,455.7557,487.2743,424.3405
1/1/2006,461.5741,186.3836,-110.7616,1164.028,75.07923889,11.7115,4.42,454.8706,460.7084,449.2264
2/1/2006,461.5783,186.0195,-117.063,1164.2716,69.491745,11.86736842,4.57,456.287,463.2772,449.3185
3/1/2006,461.7841,186.7976,-115.5778,1164.5216,55.00807571,11.19086957,4.72,453.0421,457.5082,447.7817
4/1/2006,462.1843,186.6009,-106.171,1164.6459,81.65171814,11.16368421,4.99,448.8814,453.0777,445.3312
5/1/2006,462.0837,185.1658,-104.8899,1164.6739,67.80979156,13.48818182,5.11,444.5105,441.0097,443.1211
6/1/2006,462.4672,182.068,-105.0629,1164.7483,82.58628082,15.89136364,5.11,463.0572,475.0823,450.4073
7/1/2006,462.4305,182.3391,-100.6118,1164.874,84.47445679,14.522,5.09,492.0965,495.6433,490.0793
8/1/2006,462.8229,184.2557,-102.6503,1164.9927,71.51509857,12.56043478,4.88,499.0984,507.0087,495.2699
9/1/2006,462.62,187.101,-115.5942,1165.0607,61.75134659,11.397,4.72,471.6034,474.2936,470.3026
10/1/2006,462.5628,191.0414,-123.1807,1165.0807,55.62950897,10.80863636,4.73,472.8584,459.7883,483.0646
11/1/2006,462.4667,193.0285,-122.195,1165.2513,49.59912872,10.48428571,4.6,448.6149,446.2575,446.9073
12/1/2006,463.5013,194.8611,-117.9594,1165.4086,51.03903961,10.499,4.56,450.6526,436.6528,456.2068
1/1/2007,462.9798,195.1014,-131.0919,1165.6004,74.51002502,10.627,4.76,458.4151,458.1428,456.0314
2/1/2007,463.9826,196.0061,-123.3691,1165.6394,50.86001968,10.92052632,4.72,456.6111,451.0372,458.6555
3/1/2007,464.2004,192.4456,-122.1023,1165.8272,72.52986145,14.92136364,4.56,446.9769,442.9847,445.6115
4/1/2007,464.9009,195.7486,-117.2712,1165.8471,59.8413887,12.246,4.69,433.8772,442.388,423.737
5/1/2007,464.9495,198.3325,-118.6869,1165.962,71.13732147,12.965,4.75,452.8285,464.3358,441.041
6/1/2007,464.9777,198.3605,-112.7419,1166.0155,68.7592392,14.88190476,5.1,458.4685,469.4182,446.6834
7/1/2007,464.9404,198.7955,-103.2441,1166.0198,44.78275299,17.24761905,5,472.1586,484.5247,463.7283
8/1/2007,465.163,194.5359,-105.5041,1165.9525,90.0072937,25.12,4.67,442.0925,460.6652,429.2181
9/1/2007,465.5493,197.1405,-95.8779,1165.9758,109.8926544,22.18210526,4.52,454.8482,452.4488,455.3245
10/1/2007,465.1262,199.7288,-88.5358,1166.0285,90.64006805,18.85956522,4.53,461.9793,457.9803,464.0636
11/1/2007,465.7134,194.0558,-79.8041,1166.0914,106.5661621,26.65714286,4.15,449.7534,440.1442,456.162
12/1/2007,465.7248,195.1997,-82.8446,1166.1483,116.9908981,23.0965,4.1,455.3535,443.2373,459.0375
1/1/2008,465.455,187.6706,-82.0145,1166.1475,177.0422058,27.98952381,3.74,440.0601,442.7808,433.6014
2/1/2008,465.1189,185.6326,-79.7541,1166.0543,108.3147354,27.1565,3.74,439.1376,446.3063,428.398
3/1/2008,464.882,181.93,-70.4531,1165.9896,114.4745712,29.009,3.51,435.2033,442.466,427.7078
4/1/2008,464.1217,185.3094,-64.6271,1165.7761,98.19770813,22.52681818,3.68,427.5343,424.8392,424.0722
5/1/2008,463.5566,186.8323,-54.6779,1165.5943,88.6734314,18.61,3.88,428.4604,431.4682,425.8131
6/1/2008,463.3218,181.3131,-49.0924,1165.4165,89.13687897,23.19142857,4.1,447.2192,438.6329,448.7355
7/1/2008,462.7912,174.3279,-49.9781,1165.2018,115.1027222,25.66227273,4.01,449.6912,447.9161,443.4649
8/1/2008,461.2496,176.63,-63.0637,1164.9604,81.16308594,22.25952381,3.89,448.3614,465.4586,432.7699
9/1/2008,456.8159,171.6007,-74.4693,1164.5847,238.171875,33.21142857,3.69,448.3483,454.8187,440.6893
10/1/2008,457.7626,149.8131,-103.8706,1164.1521,241.7722778,65.44652174,3.81,416.1377,432.125,397.2504
11/1/2008,456.4978,142.4782,-130.7819,1163.501,162.7133789,65.42684211,3.53,437.0472,455.5387,422.3963
12/1/2008,453.5307,142.8955,-163.4111,1162.8778,157.8286743,55.07545455,2.42,452.5764,469.3318,442.8947
1/1/2009,451.127,141.0859,-162.1112,1162.1565,184.8178253,44.2915,2.52,444.6989,449.6611,445.7982
2/1/2009,450.4799,133.3628,-168.9814,1161.4904,202.5479584,45.38947368,2.87,421.1426,416.8003,417.0887
3/1/2009,448.8817,126.9614,-148.9141,1160.7799,167.9912262,46.09045455,2.82,428.5579,431.5259,423.667
4/1/2009,448.0804,138.0641,-145.4508,1160.0387,107.9272537,38.89857143,2.93,445.0718,443.0594,443.6578
5/1/2009,447.0673,143.9764,-128.5032,1159.78,125.9446259,32.11,3.29,449.6257,452.8755,446.1727
6/1/2009,446.676,145.7142,-113.0015,1159.3879,112.472641,27.93545455,3.72,439.5801,431.2024,439.1987
7/1/2009,447.7704,146.9155,-121.1917,1159.1247,104.3551102,25.92454545,3.56,442.4123,438.3536,440.802
8/1/2009,448.885,154.2923,-111.1052,1158.9405,111.1743393,24.30619048,3.59,429.5541,435.7271,416.9903
9/1/2009,449.6388,157.6209,-113.4336,1158.7968,99.00963593,23.85761905,3.4,453.0878,435.3944,457.978
10/1/2009,449.9584,159.7131,-104.7687,1158.5441,86.24175262,23.25045455,3.39,450.6194,450.4522,447.9946
11/1/2009,450.3553,161.5355,-101.9017,1158.5469,99.77926636,22.546,3.4,440.7959,444.2766,430.8318
12/1/2009,450.66,163.7413,-106.6884,1158.344,108.3960953,19.84545455,3.59,453.2029,456.3007,449.2487
1/1/2010,451.8132,164.5823,-101.8957,1158.3375,136.8638611,19.52736842,3.73,451.7224,460.9271,444.2334
2/1/2010,452.1723,161.4458,-104.2424,1158.2657,116.72155,21.77105263,3.69,439.1053,439.0884,436.75
3/1/2010,452.8281,166.6496,-98.5366,1158.3952,124.6875,16.92521739,3.73,430.5644,424.9057,429.7244
4/1/2010,453.1993,170.3301,-94.8022,1158.5627,123.7022018,16.13666667,3.85,448.5954,439.7757,452.2407
5/1/2010,454.6478,164.0282,-108.3465,1158.6678,147.7632446,30.0335,3.42,448.8173,445.2688,447.1571
6/1/2010,454.7961,160.3489,-106.2203,1158.7764,129.732193,28.94090909,3.2,456.9063,426.252,470.6749
7/1/2010,455.2334,159.9989,-104.8962,1158.8571,196.9472351,25.01666667,3.01,437.4264,443.1391,431.9957
8/1/2010,455.5399,160.5511,-104.4419,1158.9905,127.2281723,24.15590909,2.7,439.4373,445.4144,427.5993
9/1/2010,455.7698,163.6434,-106.4951,1159.0905,186.7412262,21.32238095,2.65,426.5051,423.8358,423.3346
10/1/2010,455.5043,167.8361,-98.2223,1159.2919,154.7627563,19.86095238,2.54,418.9533,433.2953,412.8685
11/1/2010,455.5331,170.0978,-95.569,1159.4164,175.0442657,19.3952381,2.76,455.0768,442.2046,459.1975
12/1/2010,456.4972,173.4207,-90.0775,1159.5021,151.5533447,16.58681818,3.29,457.6811,451.9199,460.9139
1/1/2011,456.3685,176.2019,-90.1263,1159.527,111.4928131,15.723,3.39,437.4771,436.7002,433.8513
2/1/2011,455.9288,178.6674,-90.4393,1159.7616,104.5623627,15.72,3.58,449.997,444.8362,450.1911
3/1/2011,456.9173,176.4301,-77.516,1159.9984,153.8417206,19.89347826,3.41,491.9165,505.9298,484.3917
4/1/2011,456.5584,177.8383,-71.4834,1160.2931,124.8465805,15.208,3.46,451.1055,471.8005,428.9407
5/1/2011,456.786,177.8788,-80.1965,1160.4355,84.54916382,16.29380952,3.17,465.724,481.8878,455.9196
6/1/2011,457.0738,174.0989,-85.1954,1160.6188,139.0379028,18.91863636,3,443.5471,458.7747,426.8174
7/1/2011,457.6042,176.9117,-84.3573,1160.7781,207.1603088,18.7405,3,436.8495,462.6068,407.786
8/1/2011,458.1626,165.4812,-96.4716,1160.9217,283.6655884,35.06869565,2.3,446.5351,472.2945,415.1114
9/1/2011,458.1383,164.3608,-97.4659,1161.1639,214.4261017,36.64380952,1.98,442.3054,455.6688,425.7125
10/1/2011,458.825,167.3676,-96.3271,1161.335,137.8392487,32.00857143,2.15,433.5196,452.5513,416.1771
11/1/2011,458.7447,169.0298,-84.4709,1161.4787,143.7145538,31.41238095,2.01,442.0739,425.0066,455.9906
12/1/2011,459.2972,170.646,-82.8348,1161.6763,183.088623,25.03952381,1.98,444.6659,434.9974,448.7445
1/1/2012,459.9076,174.7091,-81.5946,1162.002,154.4180298,18.9415,1.97,437.7453,412.8238,453.9133
2/1/2012,460.1366,178.1834,-80.0446,1162.2363,119.4354324,16.691,1.97,452.6623,436.437,464.6384
3/1/2012,459.6686,180.108,-77.0194,1162.4547,98.74810791,14.96272727,2.17,448.5936,445.2683,447.5705
4/1/2012,460.4175,179.6038,-80.0555,1162.5388,96.96967316,17.177,2.05,456.4522,445.8807,462.4196
5/1/2012,460.6094,176.41,-88.6541,1162.6459,135.879837,20.54727273,1.8,435.8901,424.4825,438.9931
6/1/2012,460.5898,175.2216,-102.4158,1162.6941,197.460968,20.75047619,1.62,435.443,440.8848,425.1806
7/1/2012,460.8518,178.0899,-95.7619,1162.8448,180.8035431,16.9547619,1.53,441.6525,451.0868,437.3695
8/1/2012,460.3729,180.6956,-89.4721,1162.9953,142.9552917,14.96913043,1.68,431.5865,435.8139,426.2527
9/1/2012,460.4218,183.0592,-89.3292,1163.1535,182.107193,14.31421053,1.72,423.8163,418.7702,422.5414
10/1/2012,460.6336,182.7092,-94.8759,1163.3141,166.1284027,15.46904762,1.75,440.2609,447.7688,430.6845
11/1/2012,461.1144,180.126,-97.7105,1163.4701,205.8646698,17.15571429,1.65,439.9248,448.918,432.6229
12/1/2012,461.4667,182.3677,-95.622,1163.6779,214.9519501,17.351,1.72,431.524,441.8583,419.3293
1/1/2013,461.3341,186.0768,-88.8668,1163.8624,199.3589478,13.12190476,1.91,450.7089,469.0883,443.2481
2/1/2013,461.9068,187.3942,-89.0196,1164.0967,128.5625,13.51210526,1.98,440.1711,445.0365,435.1636
3/1/2013,462.3122,189.6481,-91.7927,1164.2286,146.1158447,12.3915,1.96,432.9373,423.9841,440.5398
4/1/2013,462.1402,191.0255,-92.6499,1164.3971,135.4405823,13.25136364,1.76,455.5012,447.1327,460.0378
5/1/2013,462.2495,195.1553,-89.9038,1164.596,109.028038,12.91409091,1.93,442.7446,458.7287,432.1868
6/1/2013,462.453,193.6224,-89.0931,1164.7754,126.6258545,17.156,2.3,441.8515,446.1695,436.7191
7/1/2013,462.0259,196.6192,-80.2507,1164.895,91.43748474,13.62681818,2.58,430.3738,428.6009,427.0497
8/1/2013,462.6841,196.584,-78.6053,1165.0921,108.7583694,13.86363636,2.74,451.0384,467.2633,439.1229
9/1/2013,463.1978,197.4852,-78.9791,1165.2513,179.8897247,14.2915,2.81,460.9753,460.6804,460.9005
10/1/2013,463.0225,199.6716,-84.2841,1165.4512,225.3733063,14.32304348,2.62,428.9817,436.6024,418.2076
11/1/2013,463.3154,203.5021,-90.9488,1165.6688,89.91516876,11.9565,2.72,435.3872,395.9639,452.7196
12/1/2013,463.6188,204.8603,-86.9543,1165.7485,115.0207443,12.9952381,2.9,425.3802,420.1564,424.9846
1/1/2014,463.2022,205.2924,-90.5123,1165.905,107.7051392,13.05714286,2.86,435.5631,442.0597,425.534
2/1/2014,464.0457,204.6308,-84.5343,1166.0388,93.36928558,14.17947368,2.71,423.4158,407.9003,429.427
3/1/2014,465.0037,206.5152,-85.1896,1166.2509,101.0187302,13.59238095,2.72,478.6146,430.4901,502.1739
4/1/2014,465.0498,206.2257,-84.2714,1166.5131,96.99343109,13.4852381,2.71,453.4979,410.9336,472.8625
5/1/2014,465.4105,207.2358,-84.5142,1166.7182,102.0150452,11.76142857,2.56,442.3994,433.2711,451.8509
6/1/2014,465.7839,210.0379,-81.2214,1166.9433,85.96846771,10.29857143,2.6,459.2764,467.4529,455.7271
7/1/2014,465.9807,211.4041,-83.2893,1167.1364,78.50600433,10.63863636,2.54,493.2702,477.5308,509.2001
8/1/2014,465.8697,210.9832,-90.1731,1167.3359,63.87733459,12.4147619,2.42,491.5926,471.9521,506.6344
9/1/2014,466.1681,212.5109,-93.7525,1167.5631,86.21659088,11.91190476,2.53,487.9437,479.3987,496.5606
10/1/2014,466.1888,209.9152,-103.4354,1167.7601,113.3345795,16.91130435,2.3,442.6773,434.6321,445.8217
11/1/2014,466.9679,215.8472,-113.6512,1167.9939,93.18595123,12.24368421,2.33,443.5331,433.5165,448.2663
12/1/2014,466.8224,216.8889,-137.6337,1168.2077,87.41532135,14.90681818,2.21,446.0447,456.6818,439.7817
1/1/2015,466.3256,216.0825,-159.3008,1168.3579,120.5442276,17.9875,1.88,471.8371,503.2657,442.4893
2/1/2015,465.8165,218.2776,-153.2713,1168.571,87.60946655,15.32105263,1.98,471.7826,468.019,477.2591
3/1/2015,465.5353,217.5783,-159.6816,1168.6374,95.97896576,15.01681818,2.04,464.665,442.6436,476.6343
4/1/2015,464.9447,218.0877,-147.3485,1168.8466,103.5449524,13.75857143,1.94,462.6839,455.4787,470.2195
5/1/2015,464.5104,218.3913,-138.9432,1169.118,102.3187027,13.6325,2.2,433.4179,428.8566,435.2453
6/1/2015,464.167,217.4404,-138.3615,1169.261,115.8802872,14.83090909,2.36,445.3253,448.6268,439.5265
7/1/2015,464.7504,217.1885,-154.4884,1169.4839,98.73478699,14.55090909,2.32,467.1039,445.6308,479.4492
8/1/2015,464.5948,214.7042,-171.5481,1169.5797,156.5036163,19.58809524,2.17,441.2538,430.4448,444.6627
9/1/2015,464.2243,210.067,-165.4777,1169.7253,171.9326782,24.60428571,2.17,459.2768,437.381,475.26
10/1/2015,463.8582,214.1643,-163.8098,1169.9662,110.7019272,16.97727273,2.07,452.1048,468.6883,437.86
11/1/2015,463.1682,217.0943,-172.1303,1170.142,89.58369446,16.008,2.26,501.5397,536.5946,472.7777
12/1/2015,462.5966,216.1529,-185.0148,1170.3546,101.9634323,18.30454545,2.24,499.8812,532.121,474.6881
1/1/2016,463.4268,209.1644,-201.2203,1170.3975,154.8573151,24.33105263,2.09,477.2472,469.619,482.2208
2/1/2016,462.7152,208.3404,-205.0933,1170.5931,148.3217773,24.109,1.78,464.1981,476.7136,451.4392
3/1/2016,461.9226,213.8995,-184.0444,1170.7521,130.4901581,16.39863636,1.89,469.7934,485.0217,458.5242
4/1/2016,462.0224,216.0419,-176.9936,1170.901,96.413414,14.34714286,1.81,444.5253,453.3921,439.2255
5/1/2016,461.9366,215.156,-163.6473,1170.9265,96.22233582,14.79190476,1.81,448.1107,453.9454,443.6294
6/1/2016,462.3743,215.7121,-159.7085,1171.1563,233.9561157,16.635,1.64,450.1676,461.3708,438.8417
7/1/2016,462.6271,218.946,-168.3581,1171.3635,164.4583893,12.3075,1.5,474.1539,497.7759,457.5721
8/1/2016,462.5372,220.1754,-168.2836,1171.4878,106.8856277,11.22391304,1.56,459.2475,479.9533,441.2076
9/1/2016,462.544,219.0223,-167.5495,1171.6788,86.34352875,13.59333333,1.63,464.962,479.7034,455.9017
10/1/2016,462.7406,218.2155,-157.8149,1171.806,108.0641251,14.81619048,1.76,445.141,460.8242,437.7618
11/1/2016,462.547,219.3908,-166.3496,1171.9305,254.1013184,15.33952381,2.14,441.7861,443.052,439.7231
12/1/2016,463.4031,223.0598,-153.4154,1172.1028,161.4247742,11.95619048,2.49,462.674,473.6018,454.262
1/1/2017,463.5084,223.7388,-153.0386,1172.2578,195.0406342,10.7905,2.43,465.5875,463.6389,468.4693
2/1/2017,463.1305,225.8045,-151.6586,1172.3964,177.77771,10.51052632,2.42,473.8007,457.6272,483.3617
3/1/2017,463.8053,227.2951,-159.4801,1172.496,154.6096802,10.64086957,2.48,457.095,456.0952,456.2664
4/1/2017,464.7003,226.6811,-156.592,1172.6511,157.6765442,11.57315789,2.3,478.2981,468.2768,484.7697
5/1/2017,464.8353,228.1115,-161.8323,1172.7746,129.8880615,9.971363636,2.3,463.0642,460.2214,462.8443
6/1/2017,464.9999,229.6211,-169.0309,1172.9375,120.6384659,9.423181818,2.19,484.2525,498.8196,472.8878
7/1/2017,464.9596,230.5132,-165.8494,1173.1,141.1383209,8.8765,2.32,463.2916,427.6042,483.3096
8/1/2017,464.4848,230.3006,-163.1168,1173.2495,137.8597107,10.1773913,2.21,493.1098,468.616,507.5318
9/1/2017,464.4873,231.2523,-160.0118,1173.2567,116.620018,8.6015,2.2,474.9569,443.1962,495.6847
10/1/2017,465.993,233.8566,-156.4581,1173.4684,125.8658524,8.02,2.36,451.5919,423.6379,469.3461
11/1/2017,466.5259,235.2757,-147.0996,1173.6293,111.2826843,9.127142857,2.35,452.8246,438.3474,464.3852
12/1/2017,466.8483,238.0252,-144.8198,1173.7428,140.350174,8.8275,2.4,441.544,413.7683,456.3394
1/1/2018,466.594,242.0834,-135.9351,1173.8602,160.9672089,10.36761905,2.58,452.6417,432.6333,467.8833
2/1/2018,466.9477,238.5498,-138.6901,1174.1431,114.7555618,20.13315789,2.86,416.6532,395.1286,431.3254
3/1/2018,467.5181,238.2359,-138.0433,1174.2846,187.095871,18.04904762,2.84,471.8162,416.7558,498.9936
4/1/2018,468.4187,236.0039,-133.0042,1174.3855,139.0353699,18.77714286,2.87,481.4324,454.6543,498.6313
5/1/2018,467.6224,237.3767,-127.946,1174.5924,162.2766876,13.69454545,2.98,483.3632,414.6587,514.8754
6/1/2018,468.371,239.1552,-131.9843,1174.7436,134.402771,12.6947619,2.91,464.4089,403.6723,492.0159
7/1/2018,468.815,240.5649,-126.7176,1174.8488,176.2050934,11.91761905,2.89,470.0739,443.5668,486.0605
8/1/2018,469.6149,242.7806,-131.068,1175.0193,114.96138,10.9726087,2.89,472.5099,422.7937,497.752
9/1/2018,469.7521,244.1814,-127.9851,1175.0832,120.9851913,11.56473684,3,431.8207,393.5035,448.4399
10/1/2018,469.9721,239.9235,-127.3573,1175.2446,136.1146545,19.85521739,3.15,452.1968,411.3338,474.6775
11/1/2018,470.5076,237.9994,-149.2108,1175.3492,164.9421997,20.95047619,3.12,438.7108,385.8668,465.5548
12/1/2018,470.5483,232.4232,-163.5541,1175.4852,226.576889,27.11578947,2.83,450.6539,419.3298,466.4031
1/1/2019,470.1557,233.7819,-158.7322,1175.6875,284.1359253,20.5252381,2.71,447.0771,402.0582,472.7215
2/1/2019,469.65,238.862,-152.5841,1175.6828,123.6392822,15.28736842,2.68,457.2649,405.1989,485.0916
3/1/2019,469.7577,240.0667,-147.5234,1175.7862,180.6316833,14.71761905,2.57,441.0715,419.9323,450.8545
4/1/2019,469.1245,243.0365,-138.6754,1175.9309,109.6863632,12.57,2.53,437.2651,405.2055,455.8659
5/1/2019,469.3423,241.1187,-143.7132,1175.9989,160.8581543,17.93727273,2.4,466.7881,416.9196,490.5071
6/1/2019,469.389,242.3333,-154.4759,1176.1394,207.9913788,16.889,2.07,466.8975,397.8197,496.0419
7/1/2019,469.2129,245.7666,-149.6744,1176.2641,207.7454681,13.02227273,2.06,453.8189,385.902,484.3642
8/1/2019,469.9155,242.4238,-154.3275,1176.3863,282.5229492,20.66590909,1.63,463.8648,424.9887,482.6115
9/1/2019,469.5674,245.2264,-150.5841,1176.5379,186.6407013,16.092,1.7,450.389,421.6713,470.8367
10/1/2019,469.1596,244.8477,-156.1727,1176.6854,159.5113983,16.41173913,1.71,458.33,424.8018,479.8358
11/1/2019,470.0833,249.0853,-150.7641,1176.8769,170.4803467,12.7645,1.81,429.1533,397.0906,443.7784
12/1/2019,469.7318,251.4639,-145.7786,1177.0037,190.5049133,13.59857143,1.86,430.784,414.838,438.341
