Date,GPR_AI,GPR_AER,GPR_OIL,GPR_NONOIL,THREATS_GPR_AI,ACTS_GPR_AI,GPR_OIL_THREATS,GPR_OIL_ACTS,GPR_OIL_MiddleEast,GPR_OIL_Russia,GPR_OIL_USA,GPR_OIL_Venezuela,GPR_OIL_Africa,GPR_OIL_Americas,GPR_OIL_Asia,GPR_OIL_NorthSea
1960-01-01,116.35,83.01,22.59,122.48,146.25,67.34,24.73,20.52,3.65,2.21,2.21,0.0,17.7,0.0,0.0,0.0
1960-02-01,129.76,115.2,48.7,135.06,167.57,66.93,41.58,51.31,23.06,2.21,7.19,0.0,9.21,16.19,2.45,0.0
1960-03-01,112.5,90.54,12.41,119.04,148.43,51.14,15.92,6.5,3.81,2.12,2.12,0.0,2.19,4.29,0.0,0.0
1960-04-01,120.21,111.91,12.85,127.23,147.81,72.79,18.85,14.92,0.77,0.0,0.0,0.0,11.36,0.0,0.72,0.0
1960-05-01,153.26,127.65,15.72,162.26,211.62,79.72,10.95,14.06,5.43,3.84,2.3,0.0,4.01,0.0,3.21,0.0
1960-06-01,140.76,108.1,36.13,147.6,188.4,72.26,41.56,26.77,0.76,5.27,22.55,3.88,6.75,23.99,2.01,0.0
1960-07-01,159.29,104.12,92.44,163.66,181.66,126.34,92.73,86.16,0.0,20.19,40.49,12.71,31.24,59.13,2.08,0.0
1960-08-01,166.46,122.4,82.85,171.92,200.24,125.61,87.61,68.62,2.39,7.44,27.76,7.79,34.71,41.07,0.0,0.0
1960-09-01,156.08,115.62,57.19,162.55,201.78,94.8,54.19,64.63,7.27,1.49,0.72,1.23,35.78,11.22,4.37,0.0
1960-10-01,155.37,125.26,26.79,163.78,201.79,82.33,30.33,27.44,0.77,4.17,1.44,0.0,11.92,5.73,2.93,2.13
1960-11-01,133.09,114.56,49.11,138.58,162.11,89.03,43.97,40.86,0.0,2.29,4.55,11.26,14.3,16.72,6.83,0.0
1960-12-01,141.75,111.86,64.29,146.81,152.23,120.78,67.15,62.29,4.17,9.45,3.26,2.84,24.76,12.22,21.46,0.0
1961-01-01,140.79,112.99,20.49,148.66,159.54,113.53,22.58,17.95,2.67,1.59,1.65,0.0,17.25,2.39,0.0,0.0
1961-02-01,141.19,102.01,38.75,147.89,175.82,104.61,50.13,26.79,3.31,4.67,0.0,3.22,22.7,10.52,0.87,0.0
1961-03-01,147.89,118.04,47.54,154.45,192.53,87.38,53.63,36.39,0.0,0.0,17.45,0.0,26.42,13.66,9.57,0.0
1961-04-01,193.68,173.82,30.78,204.33,217.83,158.71,34.53,30.44,4.45,2.2,4.45,0.0,8.2,16.76,2.2,0.0
1961-05-01,167.2,137.59,31.02,176.1,198.65,121.06,29.45,27.35,5.47,4.36,0.88,0.0,21.89,0.73,3.15,0.0
1961-06-01,164.5,131.37,75.61,170.31,210.56,95.81,107.61,33.22,48.32,1.97,0.0,0.0,16.41,4.77,6.11,0.0
1961-07-01,199.85,181.31,167.65,201.96,267.08,103.95,207.29,127.63,119.48,6.08,0.97,0.0,46.61,0.97,1.88,0.0
1961-08-01,218.98,216.76,53.64,229.79,286.95,118.14,72.14,56.29,7.8,7.47,10.75,0.0,28.47,9.24,0.0,0.0
1961-09-01,224.58,234.59,42.54,236.48,285.26,132.98,38.89,33.65,6.16,8.15,0.0,0.0,21.45,9.34,4.64,0.0
1961-10-01,191.88,166.74,14.92,203.45,248.07,105.06,12.69,15.71,0.0,2.2,0.0,0.0,8.46,2.08,2.18,0.0
1961-11-01,187.59,165.05,30.56,197.86,233.92,117.55,33.74,17.13,5.36,9.83,4.62,4.63,15.97,2.31,4.74,0.0
1961-12-01,197.93,181.29,75.5,205.93,228.43,153.69,93.02,61.75,28.41,6.59,0.0,6.56,22.41,6.05,10.97,0.0
1962-01-01,148.04,136.09,41.24,155.03,177.65,104.59,48.25,38.95,2.27,2.13,1.86,1.86,21.53,7.83,9.53,0.0
1962-02-01,151.53,141.52,21.35,160.04,185.47,103.67,12.5,28.73,0.0,0.0,0.0,0.0,16.84,2.06,2.45,0.0
1962-03-01,152.66,156.55,40.29,160.01,174.89,114.21,31.95,51.63,7.14,0.0,0.0,0.0,31.22,3.9,0.0,0.0
1962-04-01,145.71,146.38,35.93,152.89,167.3,105.76,23.09,46.68,4.4,0.81,0.81,1.6,16.76,0.8,11.55,0.0
1962-05-01,150.51,138.41,24.89,158.73,170.18,117.05,18.29,25.2,3.55,0.0,0.0,7.94,5.93,3.99,6.71,0.0
1962-06-01,133.79,120.92,36.38,140.16,161.77,92.59,25.68,38.63,2.35,0.75,0.0,3.47,23.84,0.0,5.97,0.0
1962-07-01,134.1,115.95,32.87,140.72,156.89,99.42,41.32,33.49,1.71,5.48,0.0,1.87,24.68,0.85,0.86,0.0
1962-08-01,134.9,98.97,14.44,142.77,153.25,107.08,15.25,9.27,4.01,1.72,0.0,2.58,0.79,7.33,1.53,0.0
1962-09-01,160.02,137.06,23.81,168.92,191.9,112.93,28.41,13.5,6.84,12.39,0.75,0.0,3.78,4.19,0.0,0.0
1962-10-01,245.7,295.33,103.82,254.97,309.86,176.33,120.03,90.6,12.96,21.73,19.26,32.42,3.09,60.38,4.2,0.0
1962-11-01,190.24,217.41,133.35,193.96,235.92,151.18,117.78,142.66,11.55,10.41,15.1,24.16,8.1,43.08,51.69,0.0
1962-12-01,176.45,184.05,126.32,179.73,219.45,118.02,76.26,136.75,0.0,19.25,0.0,2.34,9.92,14.94,98.29,0.0
1963-01-01,167.09,150.87,46.01,175.0,205.29,111.03,53.14,32.93,8.27,3.12,0.0,7.62,9.43,5.46,20.01,0.0
1963-02-01,178.58,188.22,177.27,178.66,236.96,91.24,206.48,136.68,63.69,5.58,10.92,62.53,14.02,55.03,21.72,0.0
1963-03-01,157.65,144.17,127.0,159.66,207.95,83.97,159.42,78.42,38.33,18.56,14.4,9.82,14.64,59.11,6.67,0.0
1963-04-01,142.06,142.55,52.88,147.89,180.21,99.61,50.98,63.62,8.23,4.32,6.24,5.52,4.7,14.63,14.97,0.0
1963-05-01,134.02,127.98,34.13,140.55,164.6,88.54,41.2,18.09,11.25,2.41,4.42,1.99,0.63,13.22,11.66,0.0
1963-06-01,123.63,108.63,48.85,128.52,144.26,84.7,28.67,58.28,29.03,0.84,1.69,8.2,1.81,17.39,0.0,0.0
1963-07-01,146.33,149.99,21.73,154.47,182.84,86.34,26.69,13.58,8.28,0.0,0.0,0.83,9.76,0.0,3.36,0.0
1963-08-01,147.65,161.82,43.07,154.49,180.91,100.49,40.76,48.49,14.14,0.0,1.86,7.53,3.99,18.79,3.22,0.0
1963-09-01,149.26,126.05,62.16,154.95,178.78,105.96,46.22,60.81,5.95,0.78,0.0,11.03,4.95,16.19,27.42,0.0
1963-10-01,136.06,132.8,47.13,141.87,152.54,108.77,40.34,63.67,4.34,0.0,0.0,11.29,23.84,7.58,8.25,0.0
1963-11-01,125.88,124.15,41.12,131.42,132.92,101.24,42.89,33.96,14.38,4.56,2.6,6.22,9.89,8.41,8.26,0.0
1963-12-01,110.09,92.55,35.52,114.97,125.82,85.78,35.82,38.25,7.38,0.0,0.0,17.78,0.0,15.83,5.9,0.0
1964-01-01,140.23,89.53,32.81,147.25,158.78,109.37,33.73,28.73,10.38,0.63,3.67,2.64,2.51,6.39,14.48,0.0
1964-02-01,152.74,102.21,47.82,159.6,178.31,115.53,42.44,48.14,10.71,3.39,2.22,2.26,15.08,2.26,16.14,0.0
1964-03-01,133.47,95.83,40.06,139.58,153.32,97.9,51.89,24.75,7.5,6.13,1.94,8.79,2.6,15.14,11.6,0.0
1964-04-01,126.81,95.0,35.47,132.78,138.64,102.88,27.69,34.73,15.26,0.0,0.0,2.41,2.13,4.11,11.56,0.0
1964-05-01,150.98,98.16,57.58,157.08,170.84,120.33,58.84,55.12,27.56,4.19,0.72,0.0,21.98,7.24,9.31,2.05
1964-06-01,145.47,126.83,32.55,152.85,169.13,109.45,29.99,33.16,5.12,4.88,2.67,0.0,5.69,0.0,14.89,0.0
1964-07-01,157.08,152.05,26.91,165.59,176.56,116.71,36.66,21.41,1.62,1.75,1.75,2.71,7.18,2.71,14.41,0.0
1964-08-01,174.69,160.77,60.95,182.13,185.61,164.94,43.5,77.26,11.51,2.18,7.36,0.0,14.6,0.0,40.21,0.0
1964-09-01,141.54,118.48,69.52,146.25,161.44,119.57,65.95,72.91,17.45,1.97,7.61,0.0,3.45,5.47,41.17,0.0
1964-10-01,123.57,126.58,5.68,131.28,142.32,84.78,5.37,4.33,0.0,0.0,0.0,2.23,0.68,0.0,3.45,0.0
1964-11-01,141.73,112.42,18.36,149.8,149.69,116.21,14.31,15.89,3.89,0.0,0.0,1.87,1.81,6.08,8.65,0.0
1964-12-01,131.18,124.37,49.59,136.52,142.93,110.26,33.12,60.28,12.06,0.0,10.54,1.5,17.58,4.22,20.4,0.0
1965-01-01,115.87,86.71,32.48,121.32,132.23,82.76,30.11,26.52,5.98,1.92,0.0,0.71,9.98,0.0,16.12,0.0
1965-02-01,174.19,114.06,30.84,183.56,190.57,144.38,26.06,30.58,2.4,4.33,11.73,0.0,2.4,1.56,26.89,0.0
1965-03-01,152.36,97.09,73.72,157.5,166.43,123.79,66.24,76.71,22.65,5.45,17.02,0.0,6.52,2.13,47.28,0.0
1965-04-01,155.92,108.53,42.52,163.33,169.16,124.85,35.4,40.17,4.07,4.16,1.55,0.0,0.0,1.97,29.02,0.0
1965-05-01,182.81,139.76,56.16,191.09,164.5,188.54,36.72,74.99,3.18,0.0,7.49,0.77,2.18,28.49,20.09,0.0
1965-06-01,156.48,125.55,47.58,163.6,160.38,139.69,36.63,56.16,11.12,0.0,11.53,0.0,2.75,9.24,22.7,2.22
1965-07-01,153.71,138.3,48.88,160.57,161.49,129.1,20.75,68.82,6.23,0.86,9.08,2.76,4.22,1.7,33.96,0.0
1965-08-01,162.4,134.62,64.15,168.83,166.61,140.73,37.9,78.98,6.71,0.0,18.47,0.0,0.0,2.55,52.74,0.0
1965-09-01,201.89,201.87,67.53,210.68,202.59,190.57,63.59,84.2,32.44,8.46,0.0,0.0,7.16,2.84,25.32,0.0
1965-10-01,156.77,143.49,25.19,165.37,155.34,141.55,15.3,30.61,1.93,0.0,2.52,5.3,0.0,0.0,14.14,0.0
1965-11-01,158.13,123.32,62.09,164.41,160.4,134.95,56.36,51.67,2.44,0.0,4.0,0.0,7.17,0.0,32.56,0.0
1965-12-01,167.51,157.88,98.09,172.04,195.64,121.44,116.17,61.45,1.47,0.0,10.3,2.22,10.02,3.19,29.21,0.0
1966-01-01,149.85,132.14,53.61,156.14,170.09,113.25,58.26,45.03,4.59,0.0,11.56,0.0,8.17,5.02,28.6,0.0
1966-02-01,162.65,142.66,55.79,169.64,189.27,122.66,56.62,45.47,5.82,4.17,4.02,0.0,1.62,2.87,37.8,0.0
1966-03-01,143.65,109.2,49.99,149.78,153.77,112.55,39.06,46.13,3.54,5.65,4.69,0.0,1.83,0.0,40.81,0.0
1966-04-01,140.5,112.26,143.61,140.29,159.18,108.5,146.88,122.32,12.45,2.03,8.79,0.0,1.49,0.0,45.49,0.0
1966-05-01,137.8,116.93,49.3,143.59,153.53,107.68,58.95,28.07,4.58,0.0,0.66,0.0,2.54,2.13,32.77,0.0
1966-06-01,137.17,106.64,130.27,137.62,147.02,110.3,106.22,119.23,8.12,2.33,18.08,0.0,11.43,6.28,96.2,0.0
1966-07-01,161.14,135.17,370.13,147.48,169.76,138.61,234.58,421.86,15.0,21.97,30.19,0.0,35.66,0.0,315.63,0.0
1966-08-01,137.46,117.01,176.91,134.88,139.37,124.32,56.72,242.93,4.73,9.69,21.47,0.0,25.76,0.0,140.88,0.0
1966-09-01,138.21,103.92,84.54,141.72,151.23,106.63,63.25,83.18,4.31,0.0,4.13,0.0,13.49,3.7,57.01,0.0
1966-10-01,144.02,113.12,62.99,149.32,167.55,104.0,48.79,54.42,9.53,0.0,3.71,0.0,15.13,0.0,38.29,0.0
1966-11-01,127.71,112.49,50.74,132.74,133.17,110.14,40.99,52.3,20.1,2.07,0.0,0.0,2.56,0.0,19.21,0.0
1966-12-01,143.09,120.03,136.41,143.53,151.51,117.34,146.83,117.29,46.01,8.34,0.0,3.57,9.38,3.57,38.99,0.0
1967-01-01,141.37,102.66,83.36,145.16,138.6,126.12,59.37,88.53,14.94,2.01,5.43,2.07,8.96,0.0,54.03,0.0
1967-02-01,142.72,124.11,44.17,149.16,162.22,103.46,38.55,41.08,7.18,6.94,7.07,0.0,5.84,0.0,28.42,0.0
1967-03-01,143.16,143.23,71.75,147.82,151.49,114.63,61.08,78.36,9.04,6.35,13.57,0.0,8.19,10.46,44.15,0.0
1967-04-01,127.06,116.3,65.66,131.07,131.23,108.85,21.91,89.91,18.2,2.01,0.0,0.0,13.12,1.49,36.43,0.0
1967-05-01,186.12,161.36,209.05,184.62,203.29,152.73,256.56,165.34,146.43,21.51,19.67,3.72,59.42,2.99,39.76,0.0
1967-06-01,249.66,241.42,385.49,240.78,221.59,266.63,297.36,427.49,322.12,18.18,45.24,7.1,183.74,4.98,36.89,0.0
1967-07-01,192.02,194.98,216.97,190.38,176.53,200.31,142.69,276.92,73.42,16.92,13.52,2.06,114.66,10.74,64.9,0.76
1967-08-01,175.18,161.26,131.08,178.06,162.89,170.47,81.19,159.74,28.05,4.48,8.64,0.8,63.99,0.0,48.84,0.0
1967-09-01,146.68,126.82,101.39,149.64,143.28,133.32,73.49,110.78,34.49,6.15,3.59,4.39,33.39,4.39,43.14,0.0
1967-10-01,142.08,141.77,109.9,144.19,146.16,120.41,71.12,142.83,59.22,3.25,0.72,0.0,57.58,2.69,32.18,0.0
1967-11-01,156.65,131.31,54.76,163.31,166.2,135.81,47.98,56.44,20.11,4.96,1.93,0.0,13.01,3.71,18.2,0.0
1967-12-01,144.2,146.57,53.45,150.14,158.36,116.33,26.93,61.04,25.97,3.33,3.54,0.0,12.24,4.0,19.11,0.0
1968-01-01,185.51,155.76,51.54,194.27,206.05,151.88,44.37,55.39,24.42,7.99,5.15,0.0,17.95,0.87,12.7,0.0
1968-02-01,206.11,183.5,50.8,216.27,199.42,207.35,42.24,53.19,17.98,8.73,3.98,0.0,6.14,2.31,23.77,0.0
1968-03-01,158.68,148.41,62.93,164.94,165.85,137.24,41.97,84.82,30.02,2.14,17.96,0.0,9.07,0.0,27.17,0.0
1968-04-01,162.17,140.6,39.53,170.19,175.91,132.34,27.08,42.44,18.35,2.46,2.12,0.0,11.41,0.0,8.89,0.0
1968-05-01,137.1,120.34,69.93,141.49,148.76,113.95,57.73,73.46,23.67,5.97,11.94,0.0,26.05,0.0,22.18,0.0
1968-06-01,121.37,102.0,19.96,128.0,122.26,106.64,6.54,26.05,4.21,0.0,3.2,0.0,4.37,0.0,12.24,0.0
1968-07-01,165.85,137.67,66.47,172.35,173.3,136.92,41.15,65.09,18.23,9.95,6.17,2.33,21.95,7.46,20.88,0.0
1968-08-01,192.83,159.81,47.56,202.32,146.37,219.81,23.88,58.4,13.4,4.09,0.72,2.16,25.24,4.28,8.53,0.0
1968-09-01,162.2,149.7,33.84,170.59,154.55,168.74,18.14,44.62,7.89,3.89,0.0,0.87,11.64,2.37,14.05,0.0
1968-10-01,143.49,115.86,43.81,150.01,148.01,127.63,27.61,50.83,21.61,8.12,3.45,1.46,16.92,15.03,5.25,0.0
1968-11-01,149.02,113.52,32.8,156.62,156.17,131.13,20.3,36.21,15.44,7.66,8.64,1.99,4.04,0.0,13.27,0.0
1968-12-01,129.1,102.61,42.21,134.78,118.77,126.81,37.71,48.03,33.75,0.0,0.0,0.0,0.76,0.66,7.04,0.0
1969-01-01,135.21,128.7,51.24,140.7,141.31,117.32,60.31,39.22,26.71,2.55,13.02,0.0,10.72,5.04,12.31,0.0
1969-02-01,141.34,130.13,72.2,145.86,148.22,121.64,83.54,72.48,30.84,7.16,27.2,2.41,5.19,20.7,13.48,0.0
1969-03-01,162.82,167.27,117.22,165.8,169.28,145.29,88.28,137.71,74.53,18.36,13.09,0.0,62.69,7.57,16.48,2.06
1969-04-01,148.92,144.33,73.87,153.83,154.09,135.79,44.58,91.9,58.01,1.65,8.18,0.0,30.04,4.18,7.29,0.0
1969-05-01,128.05,110.47,85.03,130.87,128.6,111.26,44.36,109.21,37.11,2.51,4.63,1.83,35.14,11.92,8.39,0.0
1969-06-01,130.32,111.28,106.52,131.88,125.98,115.46,34.09,142.8,37.83,0.0,10.84,3.13,34.96,26.25,11.85,0.0
1969-07-01,140.74,118.28,73.54,145.13,142.09,127.25,65.7,71.66,21.68,8.88,8.92,1.78,21.59,31.71,10.61,0.0
1969-08-01,149.44,124.84,63.98,155.03,139.93,149.02,62.04,68.55,46.43,2.39,0.88,0.0,11.25,0.0,15.11,0.0
1969-09-01,144.19,112.79,86.94,147.94,134.1,139.69,47.73,114.71,46.71,1.58,8.91,0.0,57.47,7.9,2.2,0.0
1969-10-01,133.87,110.73,46.63,139.58,139.27,109.55,45.09,55.32,32.17,2.83,3.7,0.0,14.52,3.83,5.67,0.0
1969-11-01,129.55,134.03,72.62,133.27,125.36,114.61,58.98,79.73,47.72,0.77,8.16,0.0,21.02,3.1,9.46,0.0
1969-12-01,139.33,112.9,80.41,143.19,135.04,124.27,61.98,75.91,59.09,3.24,3.91,0.0,34.85,1.94,8.12,0.0
1970-01-01,110.3,120.85,78.86,112.36,95.96,108.41,65.94,85.77,54.3,2.54,6.05,0.0,55.4,2.2,1.8,0.0
1970-02-01,122.52,119.04,71.23,125.88,118.27,119.87,90.8,52.95,64.1,10.23,3.63,0.0,36.24,0.0,2.17,0.0
1970-03-01,139.82,115.57,57.84,145.18,126.58,148.38,64.17,61.63,42.81,13.29,6.36,0.0,10.81,0.0,13.31,0.0
1970-04-01,137.39,113.88,30.95,144.35,122.81,142.78,23.79,30.87,14.64,0.0,0.0,1.54,7.08,4.32,11.99,0.0
1970-05-01,179.03,159.85,92.06,184.72,163.52,194.41,97.97,95.68,73.21,4.38,7.69,0.0,23.34,4.65,16.69,0.0
1970-06-01,148.31,121.04,110.94,150.75,133.77,153.91,110.92,104.83,57.13,16.78,3.34,0.0,24.1,0.84,51.01,0.0
1970-07-01,141.0,141.74,56.71,146.51,147.3,120.4,63.48,35.68,36.45,11.77,6.59,0.0,14.35,1.8,12.77,0.0
1970-08-01,140.37,134.96,53.88,146.02,142.32,126.46,45.3,56.73,34.27,12.55,1.67,0.0,11.22,2.18,14.73,0.0
1970-09-01,192.96,224.07,149.01,195.84,191.6,194.41,145.9,128.8,137.58,16.63,17.64,0.0,10.93,0.0,9.94,0.0
1970-10-01,150.0,145.6,70.43,155.21,150.42,137.36,90.02,51.78,39.56,2.26,1.57,0.0,17.96,12.95,17.21,0.0
1970-11-01,118.86,94.07,40.04,124.02,122.47,103.94,40.05,26.03,22.17,4.7,2.6,0.0,11.98,5.2,4.75,0.0
1970-12-01,123.67,89.51,45.97,128.75,117.49,115.7,47.27,43.66,16.64,4.16,16.1,0.0,5.61,0.0,14.02,0.0
1971-01-01,123.09,110.23,80.09,125.9,114.74,114.41,52.15,89.73,30.34,3.73,0.0,2.22,5.1,3.14,45.86,0.0
1971-02-01,136.39,131.41,68.17,140.85,132.64,123.56,74.89,56.5,38.96,0.0,4.46,3.05,11.35,9.92,24.52,0.0
1971-03-01,141.05,113.79,37.88,147.8,128.79,137.54,31.23,30.54,20.83,0.82,0.82,0.0,11.31,0.0,15.05,0.0
1971-04-01,136.4,121.62,50.15,142.04,130.48,125.97,60.97,41.65,34.29,2.95,2.08,0.0,13.68,3.94,9.8,0.0
1971-05-01,123.76,94.47,49.79,128.6,120.86,105.41,33.26,47.89,24.64,4.55,9.3,0.0,18.67,0.0,20.8,0.0
1971-06-01,112.12,97.44,41.76,116.72,113.03,95.97,34.32,41.09,34.16,2.99,5.41,0.0,5.27,0.0,7.6,0.0
1971-07-01,131.83,119.2,47.29,137.35,143.74,104.78,53.34,35.15,15.56,6.03,2.46,1.75,18.41,1.55,7.62,0.0
1971-08-01,125.96,102.73,36.22,131.82,129.57,106.52,49.11,18.47,19.21,1.88,0.94,1.94,13.07,4.68,5.25,0.0
1971-09-01,125.49,102.16,57.5,129.93,133.66,100.07,41.21,57.92,22.56,3.84,6.51,0.0,13.49,1.83,25.11,0.0
1971-10-01,125.86,107.28,27.87,132.27,142.97,94.67,36.36,21.58,13.11,6.15,0.0,0.0,8.08,4.47,0.0,0.0
1971-11-01,127.81,114.95,24.12,134.59,132.1,110.61,19.83,20.61,10.71,0.86,0.0,0.86,9.86,1.49,4.83,0.0
1971-12-01,167.93,143.09,91.23,172.95,134.29,195.27,66.15,98.76,39.71,6.69,0.0,0.0,14.17,0.0,11.38,2.82
1972-01-01,143.61,117.38,46.56,149.95,135.78,136.42,62.33,23.28,34.38,3.13,16.51,0.0,20.1,0.0,7.58,0.0
1972-02-01,130.32,104.08,32.94,136.68,131.68,114.09,29.62,24.42,20.89,8.28,2.32,4.58,3.69,0.0,1.78,0.0
1972-03-01,127.17,86.04,34.46,133.23,123.49,117.16,41.01,18.95,28.35,5.01,2.55,0.0,8.09,0.0,5.28,0.0
1972-04-01,155.44,142.49,94.46,159.43,122.54,176.17,68.36,91.41,19.46,20.21,12.84,0.0,16.47,2.71,59.32,0.0
1972-05-01,180.27,168.47,105.09,185.18,161.09,182.23,76.77,116.59,7.29,27.54,9.48,0.0,8.98,0.0,78.27,0.0
1972-06-01,149.16,130.1,102.15,152.24,132.0,154.54,62.64,123.47,51.34,22.33,10.59,0.0,6.69,0.0,50.81,0.0
1972-07-01,127.16,104.47,51.78,132.09,109.11,129.02,47.22,43.6,23.83,0.96,0.96,0.0,18.43,0.0,26.95,0.0
1972-08-01,127.69,95.82,22.03,134.6,106.2,132.0,4.58,30.8,4.49,1.36,0.0,0.0,2.11,2.17,12.39,0.0
1972-09-01,150.45,137.64,50.38,156.99,127.76,167.79,52.19,58.92,33.58,0.0,0.0,0.0,10.77,0.0,12.56,0.0
1972-10-01,120.51,95.73,19.05,127.15,114.11,114.33,17.28,22.33,10.23,0.0,4.06,0.0,2.11,0.0,4.62,0.0
1972-11-01,115.51,91.33,29.08,121.16,109.77,106.8,27.79,31.98,15.28,0.9,4.2,0.0,11.98,0.0,9.39,0.9
1972-12-01,126.01,84.82,44.21,131.36,106.33,130.67,11.34,58.93,5.91,3.81,5.8,0.0,7.32,1.39,25.94,0.0
1973-01-01,114.1,82.61,36.25,119.19,110.79,109.33,27.79,35.61,7.21,0.0,5.28,0.0,2.5,0.0,22.48,0.0
1973-02-01,100.72,61.57,22.83,105.82,96.03,97.78,15.09,25.25,18.87,1.89,2.35,0.0,5.23,0.0,3.96,0.0
1973-03-01,101.45,80.55,41.23,105.38,92.34,104.01,41.57,31.21,35.05,0.0,3.9,0.0,11.79,0.0,4.09,2.42
1973-04-01,96.51,93.48,93.65,96.7,90.8,100.34,55.46,115.93,55.62,3.93,18.66,0.9,8.77,1.44,34.86,0.0
1973-05-01,86.21,74.89,74.83,86.95,80.02,86.48,75.94,67.6,41.91,0.0,7.47,1.79,29.28,4.87,14.51,0.0
1973-06-01,78.69,69.13,68.94,79.33,76.21,73.34,57.4,52.86,32.41,3.49,12.66,1.0,16.68,10.35,17.85,0.0
1973-07-01,94.11,80.62,55.25,96.65,79.76,100.48,39.36,60.86,30.82,0.0,5.41,0.0,6.17,5.93,13.33,0.0
1973-08-01,99.43,85.94,37.43,103.48,78.95,113.07,35.05,34.59,15.7,4.39,3.29,0.0,10.61,4.94,8.03,1.41
1973-09-01,97.82,82.32,64.0,100.03,83.44,96.4,77.06,42.47,42.67,1.53,13.59,3.01,16.4,12.81,8.17,0.0
1973-10-01,181.21,203.84,478.16,161.8,149.6,216.64,377.2,543.44,468.43,72.0,106.53,6.86,178.14,9.28,3.83,3.06
1973-11-01,120.37,140.95,283.19,109.73,130.98,109.27,345.16,218.73,275.78,25.17,51.74,0.0,91.63,5.11,6.87,2.31
1973-12-01,112.98,107.96,178.16,108.72,124.6,97.11,215.22,126.06,145.33,14.76,32.18,2.38,30.9,9.8,23.42,0.0
1974-01-01,98.96,99.81,111.91,98.12,105.22,81.97,138.3,70.88,82.9,21.39,6.56,0.0,18.34,0.0,30.06,0.0
1974-02-01,95.57,90.87,144.51,92.37,94.81,85.87,121.42,156.75,116.9,4.66,12.57,0.0,21.3,1.17,28.94,0.0
1974-03-01,91.39,99.62,84.41,91.84,95.69,75.56,92.62,68.05,65.79,18.3,15.74,1.9,14.68,12.11,0.0,0.0
1974-04-01,93.32,82.7,94.01,93.28,85.32,93.65,74.08,96.04,73.37,17.72,5.13,0.0,19.8,0.0,6.61,0.0
1974-05-01,90.82,80.64,100.19,90.2,87.43,90.1,80.63,101.17,55.55,5.56,10.41,0.0,8.67,4.51,10.74,0.0
1974-06-01,94.88,87.39,68.83,96.58,97.13,84.49,59.44,72.2,47.21,2.87,7.32,1.21,8.91,0.0,3.73,0.0
1974-07-01,104.23,106.38,84.46,105.52,99.17,111.79,93.27,89.61,73.44,2.87,0.98,0.0,0.0,2.08,2.53,2.71
1974-08-01,103.97,96.15,66.12,106.44,87.07,120.85,73.53,68.46,54.83,3.11,6.94,0.0,6.02,1.0,5.37,0.0
1974-09-01,82.77,67.98,78.6,83.04,84.44,77.6,88.53,54.37,61.26,3.91,13.81,5.14,3.87,1.31,7.78,2.21
1974-10-01,78.06,73.46,63.23,79.03,88.48,58.17,83.55,27.31,45.92,8.68,9.2,5.4,10.8,8.71,0.0,0.95
1974-11-01,92.29,88.66,123.45,90.25,107.0,68.5,184.79,35.34,113.99,25.68,14.98,0.0,17.43,1.35,0.93,0.0
1974-12-01,89.26,93.5,110.24,87.89,93.29,77.93,141.31,58.23,88.66,8.33,9.15,1.92,16.53,7.52,1.78,2.23
1975-01-01,100.52,93.11,244.25,91.12,107.2,86.78,316.19,131.36,199.89,22.96,28.55,1.88,35.69,10.36,39.24,3.16
1975-02-01,98.58,113.43,164.95,94.24,109.23,79.86,189.24,104.29,127.57,8.23,13.16,4.15,34.85,4.41,7.57,0.0
1975-03-01,122.88,113.03,167.56,119.95,118.25,127.13,175.19,175.71,113.83,13.95,17.03,0.0,24.88,2.83,36.48,0.0
1975-04-01,154.04,104.07,118.82,156.34,134.5,167.61,119.2,110.13,54.51,10.34,25.97,0.0,14.96,4.61,58.55,0.0
1975-05-01,107.39,89.36,106.72,107.43,106.91,102.01,109.3,89.36,63.35,1.78,20.54,0.0,16.77,3.67,28.06,1.92
1975-06-01,96.8,92.31,66.27,98.8,116.06,72.52,80.75,34.11,37.3,5.17,13.29,0.0,24.56,4.48,3.36,0.0
1975-07-01,101.38,107.17,142.19,98.71,116.29,81.97,132.2,126.68,85.81,10.08,10.6,3.89,58.44,3.89,2.8,0.0
1975-08-01,104.7,116.9,73.66,106.73,107.23,97.93,75.22,59.94,36.1,0.0,7.68,0.0,45.04,2.36,2.01,0.0
1975-09-01,103.48,85.81,75.22,105.32,107.66,94.28,73.92,63.79,37.83,3.04,12.12,0.0,13.03,15.99,9.48,5.44
1975-10-01,107.24,94.49,77.92,109.16,109.67,100.08,57.83,77.04,60.17,4.38,7.51,0.0,24.78,3.55,0.0,4.49
1975-11-01,101.57,91.06,111.02,100.95,103.41,97.16,100.94,114.86,42.26,1.03,5.01,0.0,66.23,3.24,2.75,0.0
1975-12-01,125.12,102.02,228.09,118.39,112.43,137.58,153.67,287.72,128.31,6.75,6.15,15.46,151.14,39.63,11.77,0.0
1976-01-01,113.47,103.17,104.15,114.08,121.26,106.64,100.88,97.44,49.28,0.0,4.29,5.19,51.93,0.96,7.18,0.0
1976-02-01,85.2,69.22,66.04,86.45,94.55,77.91,81.36,58.98,34.73,5.92,2.12,2.22,38.32,5.72,2.73,2.28
1976-03-01,98.97,89.0,32.15,103.34,109.88,82.07,27.06,25.0,20.55,2.08,2.03,0.0,7.5,0.91,0.0,0.0
1976-04-01,86.44,82.04,71.77,87.4,97.6,77.37,75.82,72.81,46.93,3.12,4.12,5.24,16.24,2.05,2.17,0.0
1976-05-01,80.14,82.37,54.24,81.83,87.56,68.75,50.87,50.58,36.11,8.06,6.02,0.0,8.1,5.04,0.0,1.21
1976-06-01,95.55,86.4,66.49,97.45,86.95,101.75,65.19,65.84,55.02,9.58,1.39,0.0,11.93,6.54,1.39,0.0
1976-07-01,98.02,101.57,107.47,97.4,82.33,114.47,112.4,95.14,70.26,2.15,8.08,0.0,14.11,3.13,4.67,0.0
1976-08-01,101.7,115.82,108.25,101.27,95.71,106.62,129.27,72.09,63.27,11.8,5.74,0.0,24.08,2.83,2.25,1.05
1976-09-01,97.67,89.39,59.06,100.19,105.88,83.29,63.32,41.72,38.63,8.01,12.89,1.99,3.31,2.31,4.82,0.0
1976-10-01,84.12,86.86,35.7,87.29,91.16,72.51,38.86,35.14,25.17,2.03,6.07,2.1,3.26,2.1,5.39,0.0
1976-11-01,82.21,72.21,57.91,83.8,93.73,67.89,57.52,43.16,44.05,3.85,0.0,0.0,6.04,1.86,2.06,0.0
1976-12-01,73.97,75.68,17.56,77.66,81.36,60.02,19.14,18.4,11.19,0.0,0.0,0.0,1.36,1.7,1.5,1.62
1977-01-01,71.52,72.16,27.45,74.4,82.39,51.13,35.35,22.54,10.74,0.0,0.0,0.0,12.84,0.0,2.36,0.0
1977-02-01,85.0,81.93,30.26,88.58,98.98,61.86,40.68,15.65,20.49,2.7,1.96,0.0,10.48,0.0,0.95,0.0
1977-03-01,90.71,79.79,30.24,94.66,92.12,78.39,24.22,27.57,9.63,0.0,0.0,0.0,19.99,3.01,0.83,0.0
1977-04-01,91.78,102.52,60.59,93.82,104.39,71.44,64.57,44.45,24.93,5.86,6.13,0.0,31.69,4.45,0.0,0.0
1977-05-01,84.77,97.84,52.19,86.9,106.09,54.43,72.69,19.95,33.15,1.26,2.13,0.0,9.77,0.0,0.0,0.0
1977-06-01,84.78,86.36,61.27,86.31,97.19,63.23,78.53,22.31,40.55,6.36,6.6,0.0,15.51,4.57,3.26,2.34
1977-07-01,98.31,101.55,84.7,99.19,115.11,73.28,76.66,89.61,23.37,7.91,15.05,0.0,37.94,1.9,0.0,1.64
1977-08-01,91.11,93.86,46.62,94.01,103.95,68.91,31.36,55.03,24.91,0.0,7.39,4.49,7.23,6.68,0.0,0.0
1977-09-01,84.07,85.21,32.84,87.42,93.53,65.81,30.03,32.5,15.96,0.0,1.33,0.0,0.0,2.65,3.98,0.0
1977-10-01,85.38,103.13,42.18,88.2,98.66,62.52,58.14,27.88,26.14,6.43,4.72,0.0,9.34,3.15,0.0,0.0
1977-11-01,89.81,93.42,40.67,93.02,112.56,61.71,57.61,27.68,29.09,0.0,0.0,4.01,17.71,4.01,0.0,0.0
1977-12-01,85.61,74.26,40.32,88.57,108.17,52.58,60.33,22.83,30.58,2.64,0.0,3.22,14.89,2.57,4.42,0.0
1978-01-01,85.83,84.46,55.4,87.82,107.68,54.8,81.63,12.75,44.07,5.06,0.0,0.0,13.25,3.95,1.96,0.0
1978-02-01,100.91,104.17,59.77,103.6,117.45,76.75,65.3,49.84,39.03,7.85,5.12,0.0,25.77,2.53,2.54,0.0
1978-03-01,105.61,129.76,65.35,108.25,114.66,99.73,74.82,68.13,45.79,4.23,0.89,1.45,16.64,1.45,5.43,0.0
1978-04-01,94.91,97.25,28.47,99.25,114.68,71.08,37.5,17.53,14.31,1.6,1.6,1.6,6.23,1.6,6.75,0.0
1978-05-01,113.33,146.53,74.66,115.86,121.13,104.04,91.7,35.11,41.03,14.32,4.12,0.0,31.23,1.4,9.04,0.0
1978-06-01,100.97,124.79,55.92,103.92,117.85,86.01,49.98,48.59,38.28,2.22,0.92,0.0,23.81,1.61,10.07,0.0
1978-07-01,91.81,109.38,45.0,94.87,105.84,75.66,63.53,28.35,30.82,7.15,0.0,0.0,9.86,0.98,0.91,0.0
1978-08-01,76.75,80.36,89.22,75.93,75.89,71.78,69.85,97.62,84.32,15.72,3.93,0.0,0.98,0.0,2.82,0.98
1978-09-01,94.53,90.36,92.28,94.67,98.82,82.97,107.45,70.77,54.73,7.68,0.0,0.0,6.65,13.23,7.68,6.07
1978-10-01,85.56,81.76,127.37,82.83,100.6,68.09,135.06,89.21,98.48,5.4,7.17,0.0,11.36,10.62,0.0,0.0
1978-11-01,100.64,97.02,148.26,97.52,113.54,80.89,159.75,119.69,111.77,5.37,0.0,7.45,7.02,18.88,9.96,0.0
1978-12-01,111.05,96.26,199.73,105.25,131.06,82.12,178.67,183.08,191.16,10.58,4.64,0.0,7.24,1.88,6.04,0.0
1979-01-01,115.52,107.71,213.66,109.1,132.02,97.01,247.29,167.55,197.06,11.32,5.0,0.0,11.94,0.0,16.61,2.08
1979-02-01,140.66,122.18,233.75,134.58,154.35,136.04,240.93,213.54,181.54,15.06,12.14,2.46,16.02,4.81,47.68,0.0
1979-03-01,119.26,115.15,166.42,116.18,136.52,102.25,208.22,100.78,134.55,9.48,11.33,0.0,31.0,0.79,20.1,0.0
1979-04-01,106.04,124.07,109.53,105.82,102.6,107.65,112.62,103.75,79.34,9.19,3.58,0.0,22.7,2.44,6.67,1.94
1979-05-01,94.35,100.33,78.96,95.35,105.61,77.53,78.62,91.05,59.65,11.05,2.31,0.0,6.75,10.37,8.91,1.52
1979-06-01,108.92,123.25,83.37,110.59,115.35,91.9,106.63,61.92,51.13,5.56,13.97,6.97,11.19,23.24,4.11,0.0
1979-07-01,96.51,108.19,101.01,96.22,105.34,83.41,94.69,86.98,82.03,9.04,2.5,1.86,14.71,8.06,11.03,0.0
1979-08-01,101.3,88.84,105.98,101.0,107.13,88.37,127.01,84.04,89.21,22.68,14.84,1.59,11.87,5.78,1.92,0.0
1979-09-01,103.39,99.77,61.64,106.12,124.84,79.62,67.08,41.32,32.68,10.73,4.91,0.0,7.08,7.17,13.57,1.97
1979-10-01,100.89,105.34,51.17,104.14,124.51,72.28,64.03,32.35,39.45,3.35,3.63,0.0,14.45,2.91,3.58,0.0
1979-11-01,147.54,113.09,324.92,135.94,153.77,144.9,346.09,332.6,315.23,17.4,90.28,6.2,12.5,4.81,1.5,0.0
1979-12-01,147.01,123.29,264.87,139.3,155.5,141.4,334.42,203.86,250.84,21.84,21.1,2.69,32.32,16.01,20.47,0.0
1980-01-01,188.77,195.49,452.12,171.55,228.11,172.17,601.85,371.85,410.88,236.69,19.89,0.0,14.74,5.47,111.39,0.0
1980-02-01,135.28,137.25,195.67,131.33,167.92,110.88,258.45,120.24,164.29,86.75,17.41,0.0,17.67,4.63,27.41,3.19
1980-03-01,112.48,115.33,108.07,112.76,126.96,95.76,142.45,52.85,92.11,25.16,12.32,2.09,4.53,10.52,6.18,1.9
1980-04-01,145.48,156.5,303.71,135.14,145.76,138.5,374.64,209.48,285.69,31.1,23.71,0.0,18.83,10.38,5.26,2.15
1980-05-01,121.04,112.57,133.86,120.2,122.94,119.44,163.18,128.16,96.66,26.42,14.14,1.57,21.61,13.38,7.29,0.0
1980-06-01,116.04,114.7,128.84,115.2,126.8,102.66,148.34,92.47,95.74,22.01,4.81,1.46,5.65,5.59,6.8,0.0
1980-07-01,102.3,88.52,93.03,102.91,103.27,102.31,97.32,82.19,69.65,9.49,13.99,0.0,12.79,8.92,15.21,0.0
1980-08-01,109.81,93.66,114.89,109.48,113.4,97.09,129.75,83.97,86.69,11.77,1.83,0.0,16.84,2.73,8.7,0.0
1980-09-01,134.04,138.73,374.02,118.35,139.93,119.52,275.05,444.92,358.95,13.09,7.22,1.62,19.24,0.0,2.37,1.61
1980-10-01,137.24,166.02,514.15,112.6,129.93,139.59,326.63,630.59,495.47,19.96,13.56,0.0,18.15,8.75,7.32,1.84
1980-11-01,107.14,125.17,239.66,98.48,113.0,95.29,122.14,308.47,227.88,13.58,12.66,0.0,5.87,0.0,2.44,0.0
1980-12-01,132.1,132.32,203.32,127.45,144.75,116.2,135.43,239.52,184.16,25.73,10.43,2.06,13.26,1.64,5.62,2.13
1981-01-01,107.46,141.53,122.99,106.45,115.72,96.92,112.67,132.22,94.18,10.46,8.01,0.0,24.72,6.07,0.91,0.0
1981-02-01,108.61,117.68,106.99,108.72,123.95,85.48,127.66,82.23,79.7,12.18,7.82,0.0,11.49,11.26,5.25,0.0
1981-03-01,104.68,107.49,121.77,103.57,125.97,82.96,134.93,98.53,85.05,19.42,5.31,0.0,28.53,18.62,6.66,0.0
1981-04-01,110.28,125.83,102.41,110.79,125.0,91.42,122.95,65.13,74.23,18.92,2.53,1.46,12.19,6.43,1.68,0.0
1981-05-01,115.52,132.94,107.23,116.06,126.8,103.09,125.45,83.86,82.15,8.32,10.83,0.0,31.26,3.02,0.0,3.59
1981-06-01,118.82,146.56,130.27,118.07,141.62,104.36,137.21,142.99,108.94,3.13,8.9,0.0,21.04,6.99,2.08,4.32
1981-07-01,104.81,102.1,110.78,104.42,111.17,97.76,100.85,124.37,99.15,4.34,7.16,2.86,12.91,5.17,1.65,0.0
1981-08-01,113.29,115.15,98.89,114.23,124.22,101.61,112.22,106.11,56.5,4.14,12.71,0.0,59.33,5.16,2.11,0.0
1981-09-01,114.4,113.79,91.8,115.87,131.33,87.64,87.48,84.78,73.3,15.65,4.83,0.0,12.47,5.11,0.0,0.0
1981-10-01,114.87,103.77,126.02,114.14,139.82,84.75,122.55,108.13,100.86,13.92,6.23,0.73,43.18,3.06,0.0,0.0
1981-11-01,108.24,136.76,62.12,111.26,137.53,66.39,74.32,32.87,39.26,6.96,2.66,9.11,6.74,7.24,7.86,0.0
1981-12-01,142.09,156.13,147.86,141.71,160.13,119.57,187.8,87.77,50.76,26.73,26.24,2.55,70.7,15.49,1.59,0.0
1982-01-01,110.47,136.29,62.96,113.58,120.79,91.69,65.92,49.7,34.45,19.83,3.8,0.0,10.25,1.63,0.0,0.0
1982-02-01,110.46,129.9,73.27,112.89,124.54,87.87,98.23,40.27,34.96,10.11,17.46,6.02,12.58,23.07,0.0,0.0
1982-03-01,117.66,154.63,88.95,119.54,142.07,89.3,90.53,85.31,56.69,5.23,9.05,0.0,18.15,21.83,2.26,0.0
1982-04-01,156.56,216.46,152.98,156.79,189.65,130.88,159.74,170.8,59.81,7.2,7.17,2.55,3.34,93.89,2.0,23.58
1982-05-01,153.07,194.8,147.94,153.4,142.37,162.09,105.74,164.11,105.4,4.29,6.11,4.71,2.55,32.91,3.01,0.0
1982-06-01,179.45,207.15,233.37,175.92,160.81,211.42,172.17,292.49,188.42,11.18,9.5,2.17,6.4,33.35,1.95,0.0
1982-07-01,138.43,161.18,218.86,133.17,147.82,137.47,184.85,264.68,199.55,7.4,6.73,3.56,9.23,9.75,0.0,0.0
1982-08-01,146.66,127.68,121.36,148.32,139.52,155.6,106.7,131.37,96.42,24.99,12.01,0.0,5.51,8.05,1.72,6.48
1982-09-01,123.0,114.03,69.17,126.52,124.32,122.9,62.64,74.62,55.68,15.63,4.91,2.04,2.88,2.98,0.0,0.0
1982-10-01,111.43,127.05,59.11,114.85,117.96,99.34,51.75,60.33,45.66,4.58,10.39,1.65,0.0,3.31,0.0,0.0
1982-11-01,103.74,128.58,84.06,105.03,121.63,79.0,52.04,117.78,71.55,5.81,0.0,0.0,4.46,6.49,3.32,0.0
1982-12-01,105.11,123.51,46.49,108.95,121.15,83.76,40.22,47.49,29.75,9.34,0.86,0.0,4.27,5.23,6.05,0.0
1983-01-01,88.89,111.49,52.42,91.27,104.49,66.46,55.94,43.75,45.12,8.85,0.0,0.95,3.45,1.88,5.71,0.0
1983-02-01,97.19,109.91,72.29,98.81,103.24,81.83,63.89,62.68,26.65,0.0,6.36,6.09,25.2,10.66,2.47,3.9
1983-03-01,94.13,103.49,43.08,97.46,120.9,61.44,54.6,32.51,25.31,5.71,1.8,0.0,5.06,9.63,2.5,0.0
1983-04-01,113.05,137.44,84.85,114.9,135.42,86.16,74.44,99.96,64.57,2.93,1.83,1.83,0.0,16.72,4.73,0.0
1983-05-01,99.26,123.93,52.96,102.29,121.5,76.29,55.9,45.08,43.7,8.16,0.0,0.0,1.48,6.7,2.22,3.27
1983-06-01,100.14,123.83,38.92,104.14,113.36,78.21,36.3,44.94,26.33,5.39,0.0,1.86,9.12,5.54,1.74,0.0
1983-07-01,108.67,113.44,61.72,111.74,124.08,83.7,67.13,39.14,29.9,2.5,0.0,0.0,10.67,22.87,0.0,0.0
1983-08-01,101.8,104.56,69.75,103.89,107.42,100.78,77.03,67.29,37.97,8.34,0.83,0.0,23.46,8.77,0.76,0.0
1983-09-01,137.83,154.58,86.31,141.2,129.09,158.08,95.28,75.73,56.26,10.88,2.52,1.16,7.65,15.02,1.84,0.0
1983-10-01,131.94,151.71,166.23,129.7,125.94,146.51,201.45,152.48,103.58,0.0,4.01,0.8,4.95,60.01,0.0,0.0
1983-11-01,129.9,168.05,119.94,130.56,140.81,129.55,109.73,133.13,107.86,0.76,9.09,0.0,12.04,13.72,0.0,0.0
1983-12-01,112.76,142.87,85.08,114.57,116.57,116.04,98.7,100.33,77.0,2.96,4.17,0.0,4.18,8.64,0.0,2.72
1984-01-01,96.8,120.96,68.48,98.65,107.19,82.64,70.24,51.37,49.51,1.88,3.41,0.0,14.74,10.64,0.0,0.83
1984-02-01,100.07,107.32,116.68,98.98,107.74,95.22,111.85,144.85,103.77,6.87,5.02,0.0,5.82,2.34,1.13,0.0
1984-03-01,91.28,103.08,141.59,87.99,95.86,86.46,94.01,172.05,111.1,2.06,1.77,0.0,8.42,20.3,1.02,0.0
1984-04-01,100.35,108.92,83.97,101.42,97.78,100.84,68.63,101.68,36.88,3.0,1.64,0.0,19.04,24.83,6.46,0.0
1984-05-01,94.08,114.57,198.91,87.22,106.43,84.31,217.96,214.88,181.34,0.71,3.6,1.56,8.75,11.5,0.78,2.44
1984-06-01,86.66,115.68,178.55,80.65,97.96,76.78,193.4,203.09,171.06,7.7,2.05,0.0,0.94,8.64,0.0,0.0
1984-07-01,69.93,85.01,60.83,70.52,73.96,60.34,40.23,69.41,53.82,2.0,0.0,0.0,3.55,2.51,0.0,0.0
1984-08-01,90.49,85.49,83.33,90.96,84.48,90.7,71.55,90.87,80.7,0.91,0.91,0.0,22.6,0.0,1.28,0.91
1984-09-01,102.97,110.06,73.99,104.87,103.96,97.42,34.59,105.53,67.1,3.91,0.0,0.0,8.27,1.02,0.0,1.89
1984-10-01,101.92,111.61,46.18,105.57,111.72,92.13,41.21,52.37,31.92,0.0,4.03,0.0,8.68,6.6,0.0,0.0
1984-11-01,112.49,113.26,32.46,117.72,115.65,109.44,41.66,26.84,15.74,1.07,0.0,0.0,11.31,7.43,0.0,1.07
1984-12-01,101.68,117.78,78.6,103.19,98.29,100.72,42.37,99.57,69.08,4.85,1.39,0.0,9.34,0.0,1.57,1.13
1985-01-01,97.78,95.89,67.69,99.75,104.8,82.44,29.26,87.74,50.06,3.63,3.16,0.0,14.2,6.03,4.46,3.63
1985-02-01,98.26,112.96,21.39,103.29,107.71,80.91,24.78,22.87,10.99,0.0,2.38,0.0,6.57,3.49,0.0,0.0
1985-03-01,112.17,127.19,94.94,113.29,114.29,100.42,44.81,121.88,84.57,0.0,1.17,0.0,1.99,5.55,1.66,0.0
1985-04-01,102.68,94.68,29.19,107.49,107.86,92.46,22.85,33.46,21.11,0.0,1.28,0.0,8.08,0.0,0.0,0.0
1985-05-01,109.76,105.63,67.13,112.55,108.72,104.51,39.12,88.2,39.52,2.0,11.29,0.92,27.61,6.32,0.0,0.0
1985-06-01,145.08,166.45,93.0,148.48,140.53,163.7,63.24,127.89,65.94,0.0,1.5,0.0,27.78,1.66,0.0,0.0
1985-07-01,120.03,142.1,69.16,123.36,115.38,127.86,59.43,79.19,46.17,1.6,4.65,0.0,18.22,6.52,3.66,0.0
1985-08-01,112.95,90.82,64.07,116.15,100.13,119.35,26.39,90.85,54.92,0.0,3.97,1.35,6.18,2.97,0.0,0.0
1985-09-01,118.92,111.59,89.33,120.85,112.89,116.45,34.03,117.49,66.98,1.22,1.82,0.0,17.08,2.59,0.87,0.0
1985-10-01,134.72,133.78,44.31,140.63,131.15,139.11,30.81,55.23,35.28,0.0,1.15,0.0,20.31,0.0,1.97,0.0
1985-11-01,123.56,117.54,61.67,127.6,133.14,100.68,47.05,71.68,40.07,0.0,0.0,0.0,16.05,0.0,0.0,0.0
1985-12-01,124.31,117.24,71.57,127.75,124.17,121.15,55.25,87.15,44.95,3.75,2.92,0.0,23.56,4.47,0.81,1.84
1986-01-01,117.77,143.47,132.9,116.79,127.2,109.05,129.1,140.11,62.9,5.23,14.98,0.0,80.62,2.55,0.0,2.53
1986-02-01,119.61,107.09,97.07,121.09,110.53,119.24,67.24,108.18,65.74,1.82,2.34,1.33,23.51,4.1,5.81,0.0
1986-03-01,119.87,109.22,61.94,123.65,127.45,111.71,40.86,72.9,40.4,0.0,3.26,0.0,25.59,0.0,1.29,0.0
1986-04-01,160.5,192.18,129.12,162.55,165.37,175.32,149.08,161.23,39.79,2.06,5.07,0.0,108.56,6.96,0.0,0.0
1986-05-01,124.66,126.86,75.7,127.86,127.35,117.05,77.56,77.24,47.64,0.0,8.85,0.0,33.13,2.1,1.23,0.0
1986-06-01,126.33,106.57,49.22,131.38,129.92,109.9,28.23,58.88,17.46,0.0,2.23,0.0,13.85,7.81,0.0,0.0
1986-07-01,121.84,97.98,22.63,128.33,112.1,118.03,18.8,30.47,15.85,1.25,0.0,0.0,5.85,2.16,0.0,0.0
1986-08-01,110.98,112.77,58.95,114.38,114.37,98.89,48.75,69.73,48.79,2.98,0.94,0.0,13.18,0.0,0.89,0.0
1986-09-01,128.31,125.32,64.73,132.47,128.91,125.07,34.36,78.28,48.05,2.48,2.88,0.0,16.88,3.34,0.0,0.0
1986-10-01,110.25,115.78,44.28,114.56,119.93,97.18,20.35,56.34,39.89,0.0,0.0,0.0,2.27,0.89,2.0,0.0
1986-11-01,114.84,129.14,101.4,115.71,124.23,114.72,83.88,126.64,82.32,5.13,5.32,0.0,14.31,3.2,0.0,0.0
1986-12-01,114.98,110.89,52.45,119.07,107.72,122.59,48.99,52.51,44.27,1.86,1.24,0.0,8.99,0.8,0.0,0.0
1987-01-01,111.39,107.72,96.11,112.38,109.88,114.33,59.37,126.18,81.83,2.11,3.96,1.9,4.84,2.8,1.75,0.0
1987-02-01,104.77,103.52,58.75,107.78,107.53,101.17,56.73,60.98,51.1,0.0,5.2,0.0,8.64,1.0,0.0,0.0
1987-03-01,95.62,96.68,63.69,97.71,110.76,72.5,81.73,40.82,46.02,0.0,0.0,0.0,3.11,2.12,0.0,0.0
1987-04-01,102.13,126.8,50.34,105.52,111.73,82.92,43.02,47.29,38.17,7.12,7.42,0.0,9.87,1.72,0.0,0.0
1987-05-01,101.83,99.63,163.0,97.83,104.17,97.17,188.49,185.62,157.81,26.4,7.7,0.0,3.97,0.0,0.95,0.0
1987-06-01,107.32,105.41,217.7,100.11,119.97,91.3,299.73,127.47,208.02,21.01,15.38,1.68,1.25,4.97,1.8,0.0
1987-07-01,108.53,111.4,224.79,100.93,120.59,102.36,262.05,205.64,219.89,7.4,23.14,0.0,2.58,2.95,3.39,1.79
1987-08-01,114.95,114.72,284.34,103.88,126.79,107.86,357.37,298.69,267.72,7.21,6.49,3.64,10.31,4.52,0.91,0.0
1987-09-01,105.72,131.98,226.93,97.79,119.05,94.57,194.94,271.38,219.63,2.68,5.17,0.0,9.56,1.18,1.7,2.1
1987-10-01,107.61,116.53,248.19,98.42,109.56,109.06,246.9,321.25,242.23,6.71,14.4,0.0,2.28,2.95,1.45,0.0
1987-11-01,100.44,111.22,92.12,100.99,97.52,98.25,69.36,100.79,88.24,4.33,1.98,0.0,0.85,3.88,0.0,0.0
1987-12-01,116.81,130.74,97.58,118.06,119.5,106.89,55.3,125.53,93.69,3.05,1.49,0.0,4.29,3.08,1.6,0.0
1988-01-01,105.0,94.38,71.84,107.17,104.99,97.6,54.77,76.07,62.76,3.85,3.07,2.23,6.8,6.57,1.64,0.0
1988-02-01,97.55,86.4,47.25,100.84,103.12,87.8,42.09,57.54,36.08,0.0,0.84,0.0,4.6,7.52,2.2,0.0
1988-03-01,115.39,115.48,104.86,116.08,114.67,120.23,65.01,141.32,79.19,12.64,2.84,0.0,3.26,3.25,20.97,0.0
1988-04-01,116.31,121.99,179.9,112.15,114.89,123.03,121.3,240.72,166.67,2.61,4.71,0.0,11.89,9.14,5.47,0.0
1988-05-01,98.36,113.22,49.34,101.57,93.08,94.96,27.92,61.11,43.18,1.63,2.8,0.0,0.0,3.73,2.43,0.0
1988-06-01,80.44,80.58,36.81,83.3,83.06,73.34,30.57,41.91,27.8,1.78,1.51,0.0,6.25,3.88,2.33,0.0
1988-07-01,96.2,90.89,83.93,97.0,90.95,104.32,71.04,110.47,70.84,0.0,0.0,0.0,5.73,1.52,4.58,0.0
1988-08-01,95.76,88.19,33.75,99.81,91.97,97.91,30.45,38.52,30.66,3.15,1.56,0.0,0.0,0.0,1.53,0.0
1988-09-01,84.26,81.6,28.61,87.9,79.49,83.55,21.84,29.49,21.61,0.0,2.16,0.0,2.58,1.45,2.01,0.0
1988-10-01,69.4,71.85,22.0,72.5,77.0,57.04,18.55,23.49,8.55,3.38,0.0,0.0,10.07,0.0,0.0,0.0
1988-11-01,73.04,76.16,21.61,76.4,81.22,59.4,27.55,14.85,13.52,2.62,0.0,0.0,6.26,1.72,3.39,0.0
1988-12-01,89.26,99.75,8.42,94.55,92.49,80.81,6.02,6.78,3.69,2.93,2.32,0.0,0.0,1.09,1.31,0.0
1989-01-01,84.99,91.0,22.79,89.05,95.46,73.52,26.3,23.07,9.59,3.28,4.91,1.37,9.24,2.21,3.57,0.0
1989-02-01,83.12,96.57,14.31,87.62,94.86,70.47,20.85,11.75,11.66,2.14,1.06,0.0,0.0,0.0,1.58,0.0
1989-03-01,82.99,87.45,23.2,86.9,81.82,77.36,18.74,20.46,13.45,0.0,0.0,5.96,2.32,4.12,0.0,0.0
1989-04-01,83.82,95.47,29.36,87.39,73.71,85.3,16.45,39.87,20.6,0.0,0.0,0.0,4.3,3.25,4.14,0.0
1989-05-01,95.87,109.19,15.53,101.12,105.3,79.44,10.76,16.43,6.36,0.0,0.0,0.0,0.0,0.0,8.24,0.0
1989-06-01,98.69,103.61,54.1,101.61,81.8,107.92,27.61,67.04,16.69,3.32,1.53,0.0,0.0,0.0,43.88,0.0
1989-07-01,71.44,80.38,5.91,75.73,75.61,62.45,3.9,6.33,5.91,0.0,0.0,0.0,0.0,0.0,0.0,0.0
1989-08-01,91.44,106.69,36.54,95.03,97.88,92.67,35.19,47.71,26.14,4.95,0.0,0.0,1.9,0.88,6.78,0.0
1989-09-01,82.62,81.91,14.63,87.07,88.17,73.44,11.18,20.58,5.71,0.0,0.0,0.0,2.29,1.48,5.15,0.0
1989-10-01,70.46,75.88,18.2,73.88,75.34,65.79,21.45,20.45,8.0,5.83,0.73,0.0,1.76,2.39,5.02,0.0
1989-11-01,79.55,108.71,16.18,83.69,82.6,73.06,17.31,20.18,10.09,0.0,1.4,0.0,1.27,2.95,1.62,0.0
1989-12-01,109.23,125.78,22.68,114.89,86.19,125.89,9.15,33.8,16.72,5.15,2.68,0.0,0.0,7.29,0.0,0.0
1990-01-01,105.44,85.66,57.6,108.56,94.87,109.83,37.81,75.4,10.47,20.91,0.0,0.0,1.66,3.28,49.0,0.0
1990-02-01,96.62,84.77,30.11,100.97,112.41,71.44,28.69,31.98,13.46,6.49,0.0,0.0,1.56,4.81,11.84,0.0
1990-03-01,93.28,76.29,26.72,97.64,106.79,71.48,27.75,29.39,11.35,9.0,0.0,1.73,5.32,4.55,1.07,0.0
1990-04-01,97.01,87.69,142.13,94.06,109.23,77.82,160.28,88.94,33.69,88.6,0.0,0.0,9.03,0.0,7.6,0.0
1990-05-01,98.76,92.47,85.87,99.6,110.02,79.76,93.28,55.17,14.42,56.4,1.56,0.0,16.39,0.0,4.71,0.0
1990-06-01,89.86,83.27,66.79,91.36,96.55,75.57,75.73,66.57,33.55,15.13,2.38,0.0,16.45,1.77,9.48,0.0
1990-07-01,86.86,89.26,74.96,87.63,85.62,79.46,87.18,41.88,52.54,3.95,3.78,0.0,18.94,5.35,3.0,0.0
1990-08-01,204.1,230.7,1153.9,142.01,210.26,214.89,1270.41,1093.92,1129.4,23.36,37.18,25.17,30.32,14.69,3.22,3.97
1990-09-01,150.69,174.36,450.11,131.11,176.1,129.28,563.08,350.13,435.16,11.09,21.03,3.9,15.81,3.3,1.77,1.77
1990-10-01,111.25,138.97,228.42,103.59,122.07,98.9,288.67,143.77,217.77,9.78,6.22,1.96,3.94,1.96,3.35,0.0
1990-11-01,124.26,159.06,239.12,116.75,157.0,83.74,352.42,106.23,223.13,31.43,14.45,1.38,4.6,3.14,4.13,2.86
1990-12-01,137.67,157.88,226.69,131.85,174.84,87.88,307.88,106.96,210.87,25.29,14.94,0.0,5.23,0.0,4.72,0.0
1991-01-01,259.57,302.52,699.12,230.83,242.11,277.82,639.74,692.41,697.04,10.22,18.44,1.23,12.08,3.65,0.0,1.17
1991-02-01,207.53,283.11,484.67,189.42,150.88,259.89,263.01,629.45,467.56,14.77,4.13,0.0,7.2,7.77,0.95,1.81
1991-03-01,116.74,145.34,239.61,108.71,104.18,133.16,205.95,282.25,232.52,9.09,1.39,0.0,7.55,1.78,0.0,0.0
1991-04-01,94.08,102.64,146.7,90.64,96.41,100.39,116.65,207.78,137.82,4.47,0.0,0.0,5.23,0.78,2.62,0.0
1991-05-01,88.52,93.24,60.16,90.38,87.74,87.87,82.34,46.05,49.91,9.91,0.79,0.0,0.0,0.0,2.79,0.0
1991-06-01,78.55,85.42,35.06,81.39,87.82,71.16,24.34,39.87,25.31,2.08,0.0,0.0,2.32,0.0,1.64,0.0
1991-07-01,93.95,106.81,90.82,94.16,109.15,83.52,120.01,64.16,79.16,7.51,0.0,0.0,1.41,1.61,0.0,0.0
1991-08-01,110.44,105.98,77.91,112.56,105.68,126.71,99.69,71.99,23.2,48.97,0.0,0.0,2.7,1.15,6.74,0.0
1991-09-01,103.19,109.88,66.15,105.61,113.12,94.76,65.59,70.0,30.98,24.61,0.85,0.0,1.28,5.7,4.99,0.0
1991-10-01,88.74,101.84,79.2,89.36,97.18,83.32,72.5,81.97,34.18,12.65,0.0,3.48,5.44,4.8,3.19,0.0
1991-11-01,93.67,90.22,146.36,90.23,100.31,87.15,159.7,154.67,44.55,19.62,2.28,0.0,25.65,0.89,9.97,0.89
1991-12-01,98.14,110.9,88.67,98.76,109.12,89.41,115.89,60.97,18.04,40.68,1.11,2.0,15.51,5.32,12.87,0.0
1992-01-01,98.34,103.73,75.58,99.82,105.95,94.27,95.08,52.1,32.44,31.3,0.9,0.0,15.75,4.69,25.57,0.0
1992-02-01,87.25,90.91,84.69,87.42,90.04,86.17,79.27,57.99,46.8,24.92,7.59,17.08,2.09,5.11,16.35,0.0
1992-03-01,83.72,83.66,67.33,84.79,99.21,71.98,91.55,54.63,26.33,16.34,1.09,0.0,10.94,6.62,20.73,0.0
1992-04-01,81.9,102.04,77.44,82.19,76.53,89.98,58.25,84.23,22.86,9.95,3.15,7.18,43.96,5.39,5.66,0.0
1992-05-01,88.84,89.55,152.22,84.7,77.42,105.22,122.94,175.09,33.23,26.46,0.0,0.0,11.83,5.57,33.92,0.0
1992-06-01,93.72,105.5,33.35,97.66,98.56,96.57,40.43,36.8,7.94,0.0,0.0,0.0,0.0,1.26,12.33,0.0
1992-07-01,95.97,86.78,89.74,96.38,96.5,101.2,107.64,70.95,67.55,13.99,0.0,0.0,8.77,1.33,5.89,0.0
1992-08-01,102.93,89.71,124.55,101.51,92.22,117.12,133.71,122.12,82.04,12.59,0.0,0.0,1.42,0.96,3.67,0.0
1992-09-01,87.87,85.51,31.48,91.56,87.93,87.01,32.16,32.55,15.95,1.72,0.0,0.0,0.0,0.0,7.37,0.0
1992-10-01,79.55,75.14,50.69,81.43,77.61,86.75,26.61,60.78,36.17,2.92,1.99,0.0,1.71,1.99,6.36,0.0
1992-11-01,99.22,111.49,194.39,92.99,93.25,105.57,151.53,214.18,56.88,46.12,1.79,10.75,48.25,38.69,5.82,0.0
1992-12-01,131.65,90.33,79.96,135.03,121.49,151.53,62.1,98.32,36.34,9.26,0.0,4.09,2.19,4.84,32.36,0.0
1993-01-01,110.43,133.41,170.8,106.49,111.16,123.79,207.86,195.97,115.58,13.55,0.0,0.0,35.72,0.0,12.49,8.77
1993-02-01,93.84,96.64,103.96,93.17,93.88,96.04,105.16,85.21,39.3,18.28,0.0,0.0,34.31,7.24,7.93,0.0
1993-03-01,116.68,99.47,142.73,114.98,96.38,138.82,168.08,156.8,59.84,22.09,4.05,0.0,43.92,1.81,5.85,0.0
1993-04-01,101.58,116.09,118.29,100.49,103.55,110.29,125.1,108.19,63.67,12.54,2.78,0.0,15.96,3.54,23.74,0.0
1993-05-01,103.53,108.19,129.81,101.82,104.89,109.74,134.58,114.44,62.88,18.6,0.0,1.22,30.43,8.04,10.77,0.0
1993-06-01,99.56,108.13,199.99,92.99,95.13,111.45,202.86,219.64,55.52,18.14,0.0,0.0,56.13,27.68,53.13,0.0
1993-07-01,110.0,129.25,157.24,106.91,105.69,121.72,169.76,149.95,100.21,5.0,4.85,0.0,20.06,0.0,34.16,0.0
1993-08-01,103.52,89.1,96.31,104.0,92.23,123.87,73.56,109.29,43.33,18.95,0.0,0.0,45.44,2.6,13.68,0.0
1993-09-01,101.28,94.86,133.54,99.17,110.55,99.3,142.02,157.08,57.71,39.68,0.0,0.0,32.77,0.0,5.77,0.0
1993-10-01,107.65,112.15,221.19,100.22,105.44,126.92,242.13,232.62,15.95,58.1,1.72,1.03,15.28,37.71,23.6,0.0
1993-11-01,86.08,88.6,255.15,75.03,89.19,85.28,262.37,230.43,95.64,23.81,0.0,0.0,82.96,14.62,19.39,0.0
1993-12-01,90.48,84.93,100.05,89.85,98.38,81.72,130.82,70.31,33.64,14.57,3.37,12.31,36.18,8.47,27.58,0.0
1994-01-01,91.45,86.65,90.44,91.52,103.95,79.13,85.2,87.61,26.35,10.85,0.0,5.43,34.97,20.12,15.14,0.0
1994-02-01,107.13,136.34,69.41,109.6,122.97,101.76,69.09,72.56,7.43,13.86,0.0,0.0,20.33,7.59,9.84,0.0
1994-03-01,106.68,103.92,50.08,110.39,109.6,115.67,53.02,35.63,17.49,3.52,1.94,0.0,13.64,8.2,6.94,0.0
1994-04-01,113.75,106.31,68.63,116.7,100.34,132.35,71.31,60.19,25.73,6.44,0.0,1.31,9.55,2.85,9.54,0.0
1994-05-01,101.08,120.7,259.15,90.75,96.85,103.86,108.86,341.32,128.91,5.6,0.0,1.31,15.23,72.76,11.63,0.0
1994-06-01,92.59,128.86,122.73,90.62,98.67,85.05,111.13,108.48,69.97,3.22,0.0,0.0,39.39,15.99,25.21,0.0
1994-07-01,109.62,116.78,129.94,108.29,106.07,116.19,78.14,154.65,33.12,16.63,10.67,1.39,66.57,7.6,2.64,1.47
1994-08-01,102.6,94.5,102.28,102.62,104.05,110.04,106.3,128.52,16.61,10.7,4.44,0.0,70.64,13.19,4.72,0.0
1994-09-01,102.69,95.62,67.35,105.0,106.65,107.89,76.96,76.28,5.98,24.92,1.33,0.0,11.17,8.3,13.9,0.0
1994-10-01,89.16,100.19,205.13,81.57,95.4,89.96,283.73,137.88,154.49,26.23,0.0,0.0,43.76,1.63,1.73,0.0
1994-11-01,78.38,92.68,75.33,78.58,75.05,93.05,90.37,86.48,32.25,8.95,0.88,0.0,45.16,0.0,5.9,0.0
1994-12-01,101.61,110.55,253.38,91.68,88.68,121.36,228.51,331.88,19.68,209.21,8.06,0.0,25.37,7.11,4.45,0.0
1995-01-01,86.91,77.96,164.54,81.83,72.65,99.33,92.36,205.82,34.24,100.92,1.53,0.0,5.72,23.18,4.31,0.0
1995-02-01,86.42,78.29,126.89,83.77,83.96,91.84,114.64,150.4,41.44,23.9,1.72,0.0,8.13,49.16,10.04,0.0
1995-03-01,79.63,78.65,123.29,76.78,74.73,87.19,128.12,86.27,73.71,11.75,21.74,1.3,18.96,3.7,18.46,0.0
1995-04-01,100.37,108.92,108.32,99.85,88.34,115.18,129.46,76.64,69.08,29.92,0.0,0.0,2.27,27.09,15.95,0.0
1995-05-01,87.93,84.96,82.42,88.29,90.53,86.19,85.81,55.9,43.05,25.51,15.42,0.0,21.33,0.0,4.91,0.0
1995-06-01,93.55,103.1,89.81,93.79,95.35,100.09,103.17,90.93,15.42,39.38,0.0,0.0,12.59,0.86,24.43,0.0
1995-07-01,88.17,100.98,71.7,89.25,82.48,100.67,73.36,96.74,26.78,26.36,1.34,0.0,2.5,13.98,2.9,0.0
1995-08-01,95.02,105.15,104.14,94.43,86.75,109.93,100.02,85.46,72.44,1.75,4.34,0.0,5.3,1.33,0.0,0.0
1995-09-01,79.09,66.7,48.68,81.07,70.45,91.99,62.86,45.16,2.81,22.31,1.93,0.0,4.3,2.49,16.25,0.0
1995-10-01,60.97,56.54,73.76,60.13,62.54,60.62,68.32,75.06,22.3,16.28,0.0,1.44,3.82,10.5,2.83,0.0
1995-11-01,80.19,63.47,117.92,77.72,79.63,89.97,62.81,136.74,55.06,2.84,0.0,0.0,60.22,0.0,1.41,0.0
1995-12-01,81.64,65.69,62.89,82.87,78.59,82.83,41.99,68.48,15.06,28.74,2.36,0.0,5.13,0.0,16.13,0.0
1996-01-01,72.13,71.75,84.16,71.35,63.55,78.99,67.94,107.45,38.35,28.16,5.32,0.0,13.96,1.55,0.0,0.0
1996-02-01,80.54,72.22,99.87,79.28,80.85,87.17,134.78,78.24,39.97,15.39,0.0,0.0,8.38,0.88,46.93,0.0
1996-03-01,82.53,71.46,64.5,83.7,90.19,87.77,63.04,61.97,36.56,22.5,0.0,0.0,5.2,0.0,6.6,0.0
1996-04-01,93.98,69.96,92.81,94.05,81.44,106.49,45.97,119.41,40.1,4.91,0.0,0.0,32.27,11.22,11.32,0.0
1996-05-01,74.66,58.98,68.2,75.09,76.47,69.94,61.02,85.47,2.99,25.87,0.0,0.0,27.61,0.0,13.0,0.0
1996-06-01,79.42,62.08,81.52,79.28,87.91,66.43,62.63,85.41,78.48,1.2,0.0,0.0,14.41,2.08,0.97,0.0
1996-07-01,95.28,70.88,105.96,94.58,90.23,107.47,143.6,122.91,75.1,3.82,4.91,0.0,15.13,16.05,5.59,0.0
1996-08-01,80.41,72.44,137.63,76.67,73.74,88.28,133.19,151.4,55.95,40.2,1.68,0.0,16.82,4.0,12.26,0.0
1996-09-01,91.72,81.75,241.94,81.9,89.55,101.84,236.36,287.67,230.35,3.12,1.47,0.0,0.0,3.5,6.28,1.72
1996-10-01,68.06,47.6,62.02,68.45,75.44,67.02,71.2,57.34,34.7,16.06,0.0,0.0,4.16,0.0,12.59,0.0
1996-11-01,76.27,56.27,75.39,76.33,75.48,81.19,90.58,30.61,40.42,4.13,0.0,0.0,16.06,11.28,11.68,0.0
1996-12-01,86.75,69.27,49.62,89.18,77.39,95.67,68.22,30.86,35.78,2.0,0.0,0.0,13.21,3.89,0.83,0.0
1997-01-01,77.43,51.51,9.94,81.84,72.65,79.64,13.1,7.18,5.12,0.0,1.88,0.0,4.82,0.0,0.0,0.0
1997-02-01,75.25,49.74,26.91,78.41,75.27,69.38,22.53,26.44,6.83,2.54,2.17,0.0,8.23,1.6,6.8,0.0
1997-03-01,90.82,60.96,27.63,94.95,88.54,93.95,25.82,35.05,11.46,7.61,0.0,0.0,5.55,1.22,4.21,0.0
1997-04-01,83.08,61.38,31.34,86.46,85.67,80.88,40.34,29.48,21.8,1.34,1.41,0.0,8.21,0.0,0.0,0.0
1997-05-01,76.53,55.66,36.72,79.13,77.39,72.0,34.36,33.03,16.47,5.99,0.0,0.0,18.8,0.0,9.53,0.0
1997-06-01,69.02,38.23,26.01,71.83,68.58,66.67,27.79,23.85,12.29,2.28,0.0,0.0,12.03,0.0,2.58,0.0
1997-07-01,74.38,39.7,13.68,78.35,71.13,77.81,17.2,14.16,3.63,0.0,0.0,0.0,7.44,1.79,1.66,0.0
1997-08-01,71.46,44.8,14.46,75.19,67.5,80.76,15.88,14.64,4.77,1.83,0.0,1.34,5.69,1.34,1.83,0.0
1997-09-01,60.29,40.32,27.7,62.43,63.41,56.57,31.76,13.16,23.33,8.67,0.0,0.0,4.92,0.0,7.35,0.0
1997-10-01,61.78,46.45,69.0,61.3,68.84,51.49,85.57,48.31,50.08,12.42,1.72,0.0,20.49,4.97,8.6,0.0
1997-11-01,72.42,62.26,122.43,69.15,88.02,51.74,165.94,72.41,106.46,13.98,13.99,0.0,6.19,1.24,8.22,0.0
1997-12-01,70.33,42.01,39.1,72.37,79.4,53.37,45.45,25.67,26.38,6.97,1.77,0.0,8.77,3.83,2.95,0.0
1998-01-01,75.52,43.51,58.88,76.61,85.18,57.52,70.98,37.06,36.69,6.56,2.06,0.0,10.22,0.0,12.65,0.0
1998-02-01,95.13,65.43,116.68,93.72,119.8,57.88,151.38,54.98,92.29,9.9,2.37,0.0,7.72,0.0,16.26,0.0
1998-03-01,67.63,56.04,33.6,69.86,82.25,51.47,52.22,22.34,16.49,3.42,0.0,0.0,3.99,0.0,14.59,0.0
1998-04-01,64.91,40.69,20.49,67.81,76.16,52.38,29.61,12.5,7.83,4.32,0.0,0.0,2.87,0.73,7.28,0.0
1998-05-01,90.54,75.19,70.28,91.87,105.19,77.65,84.22,62.77,19.92,12.51,1.16,1.12,9.52,6.07,30.26,0.0
1998-06-01,91.11,70.92,52.8,93.61,105.27,76.56,52.46,47.39,19.83,8.75,1.59,1.62,15.04,6.23,7.1,0.0
1998-07-01,73.24,56.41,48.75,74.85,74.8,69.69,53.2,41.89,23.29,7.9,0.0,1.23,16.23,6.91,5.37,0.0
1998-08-01,120.18,89.15,125.18,119.85,96.81,146.85,117.08,141.66,65.64,8.56,3.09,0.0,59.84,14.22,9.32,0.0
1998-09-01,75.95,65.54,47.56,77.81,85.78,70.69,59.51,40.56,31.45,4.26,3.05,0.0,10.09,3.87,10.04,0.0
1998-10-01,78.44,47.18,56.28,79.89,95.84,67.65,56.86,57.76,25.78,6.51,1.38,1.16,16.59,10.52,9.99,0.0
1998-11-01,81.35,65.83,63.76,82.5,99.03,64.96,85.21,44.26,53.76,2.3,0.0,0.0,3.78,1.87,8.1,0.0
1998-12-01,93.24,66.85,108.86,92.22,90.1,100.36,76.57,123.8,96.36,5.14,0.0,0.0,15.71,0.0,0.74,0.0
1999-01-01,76.8,56.67,60.75,77.85,79.72,76.14,61.5,62.58,37.64,6.49,0.78,0.0,19.6,5.17,6.72,0.0
1999-02-01,78.43,47.82,49.43,80.33,95.72,64.48,57.81,36.92,31.91,8.14,0.0,1.4,4.64,3.28,7.71,0.0
1999-03-01,112.96,90.98,62.71,116.24,107.85,124.53,39.66,78.18,31.73,8.09,2.54,5.6,11.61,9.0,9.87,0.0
1999-04-01,162.66,106.21,197.25,160.39,129.08,214.31,97.73,272.93,21.99,40.53,0.0,2.07,2.06,2.07,1.55,0.0
1999-05-01,124.43,93.41,56.56,128.87,104.33,153.26,26.9,75.99,2.06,5.7,1.25,0.0,4.01,3.22,4.39,0.0
1999-06-01,111.86,86.26,30.8,117.16,95.98,143.88,31.69,37.66,6.6,6.71,0.0,0.0,6.25,0.0,1.3,0.0
1999-07-01,90.36,56.54,31.37,94.22,92.21,91.99,31.82,36.04,12.27,0.0,0.0,2.53,11.56,2.52,5.02,0.0
1999-08-01,79.68,57.93,23.83,83.33,76.83,84.23,21.84,33.79,2.76,12.14,0.0,2.13,5.47,2.13,5.2,0.0
1999-09-01,83.14,68.34,85.24,83.0,80.02,96.01,62.72,108.79,12.09,39.19,1.51,2.67,1.37,2.14,32.98,0.0
1999-10-01,72.53,65.25,44.87,74.34,68.69,75.74,29.25,55.91,8.93,17.62,0.0,0.0,8.68,2.8,4.01,0.0
1999-11-01,71.17,56.13,54.4,72.26,71.79,67.53,50.51,57.29,19.9,20.85,2.04,0.0,12.7,0.0,11.16,0.0
1999-12-01,90.5,88.79,64.24,92.21,89.77,91.77,61.47,64.52,18.26,29.43,0.0,1.57,12.91,5.07,6.31,1.82
2000-01-01,71.79,63.75,33.87,74.27,69.24,72.51,23.88,42.96,7.85,15.9,0.0,0.81,13.93,2.85,3.68,0.0
2000-02-01,79.49,66.01,62.16,80.62,78.09,79.12,48.39,80.45,43.17,20.82,1.61,0.84,12.23,3.56,5.87,0.0
2000-03-01,64.15,48.0,24.89,66.72,73.86,51.63,29.66,24.52,14.65,5.92,0.0,0.0,2.52,1.11,4.24,0.0
2000-04-01,65.3,46.31,28.52,67.71,67.89,58.83,39.81,21.28,17.14,6.33,1.65,2.14,5.04,2.14,4.46,1.4
2000-05-01,76.38,69.73,34.63,79.11,68.93,83.46,24.19,46.31,10.29,3.24,0.0,0.0,17.79,1.03,4.06,0.0
2000-06-01,71.29,56.42,17.51,74.81,75.67,61.38,19.55,14.3,8.23,1.19,0.0,0.0,6.81,1.23,3.35,0.0
2000-07-01,61.16,42.59,9.22,64.56,67.65,48.98,10.12,7.46,4.94,4.53,0.0,0.0,0.0,0.72,1.57,0.0
2000-08-01,54.74,40.24,15.64,57.3,55.08,52.54,9.05,19.48,6.43,0.0,0.0,0.0,5.82,0.0,4.16,0.0
2000-09-01,56.8,51.05,36.13,58.15,59.43,49.1,38.46,26.13,19.77,10.04,0.0,1.82,2.4,0.72,6.79,0.0
2000-10-01,85.32,66.97,102.1,84.22,75.31,101.62,87.33,126.29,80.68,0.0,6.28,1.33,8.91,13.1,5.37,0.0
2000-11-01,50.65,41.16,30.62,51.96,53.49,54.85,29.47,36.57,16.93,1.53,1.76,0.76,1.72,1.59,8.11,0.0
2000-12-01,55.69,42.47,31.11,57.29,52.42,56.6,24.9,28.8,18.98,8.27,0.0,0.72,2.26,11.13,2.03,0.0
2001-01-01,53.15,44.4,43.61,53.77,57.64,50.57,45.71,44.69,17.82,7.61,0.0,1.44,15.74,7.74,2.77,0.0
2001-02-01,61.07,39.35,40.63,62.41,61.79,60.77,46.31,41.2,24.89,0.86,3.46,1.73,2.95,14.95,0.86,0.0
2001-03-01,61.54,46.18,38.51,63.05,62.66,61.62,44.33,30.9,21.84,9.77,0.98,2.21,2.79,4.9,9.07,0.0
2001-04-01,74.66,43.38,32.3,77.43,73.32,77.0,33.54,25.86,15.0,5.37,0.77,0.0,3.86,7.28,12.6,0.0
2001-05-01,70.8,55.46,32.67,73.29,66.77,71.52,29.54,28.59,14.58,3.77,2.72,0.0,8.07,7.72,2.61,0.0
2001-06-01,76.1,62.56,44.06,78.2,76.09,73.44,38.35,43.06,17.28,5.09,0.0,0.0,5.98,4.7,9.31,0.0
2001-07-01,77.52,56.45,23.91,81.03,80.85,71.96,25.7,19.79,12.16,10.16,0.0,0.8,1.64,1.12,3.21,0.0
2001-08-01,70.26,53.12,23.52,73.32,69.14,71.71,15.66,31.07,13.78,0.0,0.0,0.0,2.15,2.39,5.21,0.0
2001-09-01,262.59,331.45,163.78,269.05,172.3,363.55,141.72,207.24,136.62,10.24,65.49,0.0,3.38,5.07,26.25,0.0
2001-10-01,243.16,336.94,127.21,250.75,213.69,303.18,127.28,155.23,109.21,2.32,14.13,0.0,10.07,0.7,25.09,0.0
2001-11-01,187.45,231.73,63.01,195.59,168.6,213.24,75.59,66.52,46.15,11.85,4.42,0.0,3.39,0.71,21.18,0.0
2001-12-01,156.47,187.58,54.21,163.16,141.53,190.71,66.06,64.69,44.67,3.9,2.14,0.98,2.88,2.72,13.47,0.0
2002-01-01,112.13,142.61,30.98,117.44,110.79,122.44,39.9,24.47,22.61,2.88,1.22,0.0,0.72,3.04,7.98,0.0
2002-02-01,110.92,116.77,62.33,114.09,116.87,108.55,72.1,60.18,31.05,0.76,3.95,2.6,15.43,11.0,5.25,0.0
2002-03-01,122.56,129.7,53.08,127.1,116.39,132.56,60.71,47.4,39.4,1.38,3.8,1.02,4.74,1.02,6.66,0.0
2002-04-01,134.07,122.62,124.11,134.72,119.0,163.01,117.33,153.94,85.72,0.0,5.25,34.59,11.47,17.21,2.52,0.0
2002-05-01,117.75,131.69,40.02,122.83,124.0,115.63,48.5,33.82,25.73,2.37,4.49,1.69,4.29,0.69,0.0,0.0
2002-06-01,116.33,118.76,34.54,121.68,126.73,105.48,35.74,27.68,23.86,4.5,5.18,0.71,0.0,2.47,0.0,0.0
2002-07-01,97.58,102.05,34.62,101.69,97.34,95.72,42.1,28.59,16.76,0.0,3.16,3.82,8.82,1.22,4.17,0.0
2002-08-01,106.32,96.24,93.95,107.13,114.96,93.35,130.22,37.53,78.65,8.5,5.88,3.54,1.61,6.26,2.48,0.0
2002-09-01,135.03,125.87,114.83,136.35,163.96,103.69,155.54,45.04,98.83,12.88,7.66,1.81,11.94,2.16,6.67,0.0
2002-10-01,142.94,135.15,202.58,139.04,149.17,124.88,241.59,151.84,147.85,28.36,15.4,4.2,15.88,7.43,23.34,0.0
2002-11-01,121.9,133.67,122.98,121.83,132.3,104.4,144.97,77.49,78.0,1.23,17.16,13.61,16.18,5.06,2.35,0.0
2002-12-01,126.92,130.1,212.24,121.34,150.43,98.27,277.95,150.91,130.99,15.01,19.74,66.0,27.96,6.68,12.35,0.0
2003-01-01,138.18,154.83,210.85,133.43,182.45,78.9,279.3,108.31,163.98,6.14,15.51,50.89,16.04,8.05,0.69,1.05
2003-02-01,166.03,163.35,257.53,160.05,231.0,79.58,378.34,82.38,231.56,5.33,16.46,31.32,13.15,5.49,5.63,0.0
2003-03-01,245.09,277.55,515.34,227.42,236.5,227.92,433.16,485.93,493.1,9.72,11.06,9.51,24.3,6.84,2.24,0.0
2003-04-01,199.99,239.28,264.02,195.8,138.23,253.99,184.11,315.31,234.84,2.52,3.24,3.45,20.19,2.06,10.89,0.0
2003-05-01,111.87,148.67,90.26,113.28,107.56,117.42,73.96,104.23,70.62,1.69,4.61,0.0,11.13,0.76,14.85,0.0
2003-06-01,108.87,141.21,80.7,110.71,95.6,126.18,62.2,90.63,62.55,7.19,0.68,1.85,11.21,2.51,6.77,0.0
2003-07-01,109.48,138.11,67.95,112.2,108.28,120.78,60.55,79.53,41.15,4.13,1.28,0.0,20.29,0.0,8.67,0.0
2003-08-01,105.33,128.48,122.14,104.23,91.98,125.08,87.14,163.28,90.53,1.46,2.98,1.25,26.24,6.02,7.23,0.0
2003-09-01,102.33,118.04,58.41,105.2,107.58,109.08,62.44,64.02,51.61,0.63,1.39,0.0,2.63,0.0,4.17,0.0
2003-10-01,89.2,106.37,56.41,91.34,84.17,94.88,49.94,68.58,49.9,0.66,0.72,0.95,2.7,1.3,3.58,0.0
2003-11-01,101.71,111.86,95.92,102.09,94.42,114.15,83.62,123.27,80.68,12.17,1.53,0.0,6.75,0.0,5.81,0.0
2003-12-01,109.31,127.92,80.77,111.18,110.23,109.17,68.96,86.01,61.04,10.73,2.07,1.83,6.12,1.43,12.57,0.0
2004-01-01,85.5,105.97,73.17,86.31,92.06,77.79,70.18,67.61,58.56,4.22,1.7,0.0,5.12,5.72,7.58,0.0
2004-02-01,92.3,119.24,46.38,95.3,92.68,90.87,41.04,51.92,34.29,5.07,1.82,0.0,8.92,2.76,1.06,0.0
2004-03-01,103.7,119.96,65.19,106.22,90.16,125.2,76.09,76.72,42.45,3.17,4.84,3.61,8.31,2.88,9.07,0.0
2004-04-01,116.01,133.49,98.34,117.16,110.15,134.17,70.77,135.14,83.52,0.0,5.68,0.0,4.91,0.0,7.64,0.0
2004-05-01,120.21,121.78,116.77,120.44,98.73,145.5,67.23,152.43,104.52,4.24,7.49,1.0,10.12,2.14,3.22,0.0
2004-06-01,110.56,135.92,150.61,107.94,104.12,123.23,140.08,191.29,134.15,3.52,0.66,0.0,16.59,0.0,7.56,0.0
2004-07-01,97.74,133.2,84.11,98.63,95.87,103.02,67.29,102.71,64.53,10.85,0.91,0.0,11.7,2.6,1.93,0.0
2004-08-01,110.78,139.84,107.12,111.02,106.21,116.12,107.18,127.74,84.03,15.59,12.0,17.49,14.14,4.43,0.92,0.0
2004-09-01,107.09,146.85,114.28,106.62,99.65,120.08,106.84,135.8,63.21,18.53,2.85,0.64,40.04,0.0,9.05,0.0
2004-10-01,91.02,115.26,52.78,93.52,87.92,98.47,53.25,59.22,39.23,1.55,2.96,0.0,10.15,2.83,2.34,0.0
2004-11-01,101.95,127.0,80.33,103.37,94.49,107.89,70.82,88.62,62.79,3.53,0.0,1.96,14.59,2.7,2.46,0.0
2004-12-01,90.35,94.75,65.83,91.96,79.72,96.31,57.2,67.89,48.32,9.35,2.31,0.0,8.76,0.64,4.56,0.0
2005-01-01,82.01,93.85,48.24,84.21,83.47,85.57,53.85,59.0,33.68,1.25,1.21,5.87,6.86,5.87,3.58,0.0
2005-02-01,77.8,132.86,76.96,77.85,80.28,71.88,67.82,69.11,52.62,2.46,4.68,8.56,11.69,6.46,1.39,0.0
2005-03-01,75.08,106.62,61.87,75.94,75.15,73.41,55.96,61.94,49.44,3.66,6.32,4.06,3.11,1.14,5.32,0.0
2005-04-01,62.75,104.14,76.8,61.83,60.06,60.78,77.98,58.06,39.63,4.8,3.63,5.94,13.3,1.14,25.88,0.0
2005-05-01,78.13,116.24,72.07,78.53,72.01,80.77,50.64,79.93,48.82,3.16,3.0,0.0,3.65,1.0,23.77,0.0
2005-06-01,72.47,101.24,81.57,71.88,64.87,73.88,52.54,96.62,63.81,1.72,5.17,0.0,6.19,11.1,13.24,0.0
2005-07-01,99.25,165.81,63.96,101.56,84.03,114.94,66.95,64.96,42.2,1.31,12.98,4.68,11.31,6.27,9.95,0.0
2005-08-01,87.08,120.0,141.22,83.54,90.03,85.85,179.76,88.36,130.27,7.35,12.96,8.98,3.16,11.23,5.56,0.0
2005-09-01,59.23,120.34,89.79,57.23,56.81,62.41,97.57,68.84,77.28,6.83,5.48,0.0,9.8,0.9,7.49,0.0
2005-10-01,64.8,107.11,77.09,63.99,63.74,64.95,80.16,61.76,59.79,2.73,1.72,4.79,1.19,3.99,12.73,0.0
2005-11-01,71.81,95.06,68.2,72.04,65.2,77.68,73.08,78.77,58.91,8.16,0.0,0.75,2.69,3.14,7.44,0.0
2005-12-01,81.18,115.23,79.86,81.27,80.15,85.65,95.5,70.47,54.67,11.58,1.45,3.89,3.57,3.89,14.82,0.0
2006-01-01,73.17,112.34,128.45,69.55,77.26,68.74,150.97,88.43,93.62,37.75,0.0,4.85,21.83,3.29,12.97,0.0
2006-02-01,81.69,101.14,141.25,77.79,86.53,76.14,137.76,129.7,105.02,13.36,11.77,8.66,35.95,6.28,7.21,0.0
2006-03-01,75.78,121.57,117.51,73.05,75.29,76.87,136.51,87.4,104.2,25.14,7.03,2.62,11.36,0.0,1.83,0.0
2006-04-01,76.69,99.4,153.25,71.68,75.11,76.89,180.05,95.95,111.37,13.13,11.1,10.89,44.67,3.95,11.14,0.0
2006-05-01,79.25,111.25,109.0,77.31,70.72,82.97,133.85,74.28,89.22,15.18,0.0,7.35,13.36,4.67,9.24,0.0
2006-06-01,85.79,121.73,95.37,85.16,82.23,91.8,99.54,96.87,68.88,5.57,9.21,4.97,13.98,0.68,6.31,0.0
2006-07-01,118.35,151.22,172.64,114.8,100.77,146.31,136.55,206.4,147.76,7.98,2.98,4.6,9.96,3.45,7.36,0.0
2006-08-01,122.28,153.18,182.4,118.34,102.35,150.42,153.11,216.29,144.97,11.41,8.34,5.03,26.41,7.08,8.43,0.0
2006-09-01,97.05,142.36,112.01,96.07,97.6,98.79,103.58,101.39,99.6,2.79,0.0,8.05,10.36,1.19,7.08,0.0
2006-10-01,90.43,129.98,132.65,87.67,90.28,94.5,142.62,121.36,85.77,4.75,0.0,0.0,21.89,2.07,30.09,0.0
2006-11-01,90.63,107.42,98.45,90.12,90.66,95.59,120.96,76.97,83.92,4.45,1.14,3.58,10.06,2.79,3.6,0.0
2006-12-01,99.78,112.14,122.71,98.28,106.01,97.86,147.26,110.35,89.51,11.56,1.0,2.41,21.14,3.24,12.14,0.0
2007-01-01,93.93,121.9,112.58,92.71,93.37,93.9,124.58,80.5,81.09,19.64,3.17,2.27,9.14,1.18,13.23,0.0
2007-02-01,88.82,123.55,129.35,86.17,87.78,87.1,158.08,98.46,86.83,17.58,5.94,4.79,25.57,2.93,11.84,0.0
2007-03-01,78.28,101.97,59.37,79.52,74.65,80.06,66.05,47.07,40.99,9.62,0.67,0.0,11.52,0.65,4.28,0.65
2007-04-01,85.3,100.85,122.88,82.85,80.46,89.47,127.4,115.59,85.86,4.44,0.0,2.17,24.82,3.46,16.93,0.0
2007-05-01,98.17,120.77,140.17,95.42,87.54,109.44,164.28,155.17,80.41,15.69,1.78,0.0,46.59,0.0,17.33,0.0
2007-06-01,91.0,126.9,130.66,88.41,77.88,104.29,122.76,137.69,90.31,16.69,15.73,5.81,18.31,3.93,10.13,0.0
2007-07-01,95.08,118.04,107.85,94.25,88.04,98.02,99.26,110.84,84.19,5.89,3.11,1.71,4.12,10.82,0.76,0.0
2007-08-01,73.13,90.03,111.14,70.64,73.66,71.92,119.86,89.9,83.15,17.38,12.1,1.09,8.09,11.47,6.59,0.0
2007-09-01,83.58,121.99,79.11,83.87,82.65,82.94,87.26,68.17,62.02,2.72,3.7,0.0,1.9,3.68,8.29,0.0
2007-10-01,77.13,122.87,135.21,73.34,78.36,75.87,143.16,95.55,110.54,9.49,4.59,4.9,7.86,2.99,14.12,0.0
2007-11-01,77.63,103.91,87.41,76.99,79.33,76.2,90.65,86.45,60.39,12.72,1.33,7.51,8.45,0.0,16.41,0.0
2007-12-01,80.53,102.74,125.39,77.6,76.18,84.52,102.95,147.19,99.35,9.34,1.9,3.78,9.16,5.58,0.77,0.0
2008-01-01,81.59,97.08,86.66,81.25,69.19,91.28,90.55,85.2,61.93,6.43,0.8,6.82,12.23,8.33,1.16,0.0
2008-02-01,87.03,105.3,104.4,85.89,85.96,90.23,99.69,82.41,45.39,20.87,9.94,11.41,22.79,5.45,2.6,0.0
2008-03-01,84.04,92.75,68.1,85.08,80.02,91.96,60.45,76.65,47.64,6.18,0.94,6.32,8.9,6.43,3.94,0.0
2008-04-01,80.14,89.59,44.82,82.45,76.13,87.99,44.42,44.44,34.1,0.0,0.0,2.66,8.33,6.09,9.0,0.0
2008-05-01,75.71,81.87,82.04,75.29,69.26,79.61,74.96,95.26,52.7,0.0,0.0,5.37,23.47,12.34,2.8,0.0
2008-06-01,80.42,89.94,90.15,79.78,78.51,83.73,102.91,70.38,61.75,7.65,3.35,8.06,20.12,4.54,7.13,0.0
2008-07-01,88.09,92.78,67.37,89.45,85.63,87.45,81.0,46.99,48.95,9.44,7.03,4.65,6.89,3.53,4.0,0.0
2008-08-01,98.92,88.09,154.72,95.28,77.78,124.33,137.64,189.39,37.1,111.95,3.84,4.62,9.23,1.38,46.57,0.0
2008-09-01,80.21,92.65,113.98,78.0,77.39,88.43,124.12,115.83,36.9,32.37,4.3,24.44,12.85,28.0,8.83,0.0
2008-10-01,64.95,68.91,74.91,64.3,64.29,68.0,88.39,69.8,40.29,17.14,0.0,10.76,14.53,9.12,15.96,0.0
2008-11-01,76.68,78.96,85.72,76.09,64.34,86.71,68.07,98.37,60.69,14.51,0.0,4.09,11.43,4.01,0.0,0.0
2008-12-01,92.53,100.61,96.04,92.3,86.74,111.98,94.75,102.36,60.2,13.75,0.0,3.99,27.39,1.77,1.02,0.0
2009-01-01,85.32,79.25,72.47,86.16,68.58,107.43,56.95,90.3,51.48,13.54,1.97,3.96,13.69,0.0,1.11,0.0
2009-02-01,77.27,81.82,43.72,79.47,79.2,75.62,52.58,42.95,26.93,0.0,1.21,0.0,12.08,2.41,3.32,0.0
2009-03-01,80.42,69.96,36.82,83.27,81.27,76.91,31.58,36.85,19.7,5.39,0.0,2.13,9.49,4.47,0.0,0.0
2009-04-01,81.18,81.96,39.82,83.88,78.03,85.1,38.84,43.83,28.47,6.0,0.0,0.0,9.58,0.0,3.34,0.0
2009-05-01,84.84,89.61,50.93,87.06,77.53,89.55,60.51,53.45,37.28,2.0,0.0,4.68,10.16,0.0,6.07,0.0
2009-06-01,96.27,76.26,63.63,98.41,93.64,97.81,48.58,59.06,39.59,5.96,1.08,9.8,4.0,13.67,2.08,0.0
2009-07-01,88.88,74.84,72.6,89.94,73.09,99.97,51.89,69.25,37.63,1.15,0.0,6.21,10.86,6.21,20.09,0.0
2009-08-01,86.3,67.11,48.6,88.77,74.58,100.31,49.97,52.18,25.26,2.49,0.0,8.83,6.9,10.26,2.37,0.0
2009-09-01,91.3,83.29,59.52,93.38,95.45,80.15,57.41,46.27,42.77,4.67,1.02,4.63,5.11,4.06,16.58,0.0
2009-10-01,88.44,88.46,44.05,91.34,87.39,85.76,52.71,33.86,30.85,2.2,0.0,0.0,9.99,2.34,1.01,2.2
2009-11-01,86.8,73.2,47.93,89.34,89.84,78.26,54.49,46.02,43.97,2.24,0.0,0.0,7.25,2.66,5.21,0.0
2009-12-01,100.79,93.71,94.01,101.23,95.57,102.43,91.94,103.74,81.96,4.36,5.84,0.0,6.42,10.91,7.86,0.0
2010-01-01,104.68,98.33,88.39,105.75,93.52,116.75,97.85,94.11,63.3,7.36,0.0,0.0,18.8,0.0,9.76,0.0
2010-02-01,95.17,91.63,80.96,96.1,92.07,94.14,118.95,45.57,51.84,10.63,4.76,0.0,14.34,9.97,11.34,4.61
2010-03-01,93.46,74.67,53.0,96.11,96.77,85.58,67.94,27.28,45.32,1.77,0.0,2.82,4.85,2.82,4.24,0.0
2010-04-01,91.49,91.6,64.46,93.25,93.75,87.84,67.51,45.44,40.46,9.49,5.22,3.37,3.69,5.11,15.12,0.0
2010-05-01,109.31,111.21,71.14,111.8,108.14,115.49,90.29,65.18,45.53,6.81,6.35,1.54,5.17,6.81,12.4,0.0
2010-06-01,106.34,122.46,65.95,108.98,103.46,111.88,68.02,49.24,51.05,3.71,6.23,0.0,0.0,1.38,15.9,0.0
2010-07-01,97.73,82.25,84.17,98.62,93.78,106.26,108.47,74.15,44.98,1.88,3.77,13.77,16.77,13.38,13.94,0.0
2010-08-01,96.3,92.56,54.42,99.04,91.86,100.1,61.72,49.98,37.98,7.74,0.0,0.0,5.93,5.82,11.19,0.0
2010-09-01,91.95,80.5,57.11,94.23,93.74,85.61,80.64,33.1,26.64,0.0,1.8,1.8,13.55,7.18,9.81,0.0
2010-10-01,85.75,71.03,83.32,85.9,87.11,81.02,87.06,74.12,38.96,4.67,2.55,2.66,24.19,3.67,10.36,0.0
2010-11-01,105.44,105.2,56.24,108.66,117.77,95.37,67.0,41.43,29.63,5.34,1.94,1.94,12.09,6.28,2.04,2.16
2010-12-01,102.88,101.55,52.69,106.16,114.44,99.37,69.48,41.03,27.96,6.53,0.0,1.37,23.96,4.12,6.8,0.0
2011-01-01,104.25,87.25,95.81,104.8,101.49,103.37,108.85,91.7,41.81,10.55,5.82,0.0,52.83,3.88,1.85,0.0
2011-02-01,132.47,89.49,213.59,127.16,116.79,144.99,162.55,248.12,113.94,2.0,5.27,0.0,165.77,0.0,0.0,0.0
2011-03-01,143.18,124.51,319.11,131.68,121.96,181.47,240.68,421.06,114.2,0.0,2.53,0.0,266.4,0.0,4.96,0.0
2011-04-01,123.0,94.69,173.67,119.69,91.07,160.85,127.31,224.96,97.34,0.0,1.52,0.0,106.28,0.0,0.0,0.0
2011-05-01,125.6,116.35,159.46,123.39,112.59,150.98,141.91,179.4,77.05,6.4,2.71,1.98,68.87,2.56,0.0,0.0
2011-06-01,117.71,99.01,192.45,112.82,108.86,127.85,152.86,247.73,94.13,5.6,0.0,2.21,73.8,4.78,26.96,0.0
2011-07-01,100.63,86.27,104.18,100.4,90.37,108.09,99.28,124.05,42.86,0.0,2.89,0.0,43.74,4.75,4.35,0.0
2011-08-01,101.45,92.12,150.26,98.26,78.99,123.2,84.41,199.34,64.54,0.0,3.21,2.06,86.81,0.0,5.88,0.0
2011-09-01,111.15,95.41,122.79,110.39,108.78,108.6,87.51,146.69,84.92,11.23,8.45,0.0,29.04,1.65,2.89,0.0
2011-10-01,99.51,87.3,87.6,100.29,95.63,104.87,75.02,110.25,71.72,0.0,11.02,0.0,14.84,2.26,4.06,0.0
2011-11-01,100.94,89.33,104.19,100.72,105.25,90.35,119.83,80.41,80.71,1.91,0.0,0.0,20.33,0.0,13.51,0.0
2011-12-01,107.82,95.35,170.67,103.71,118.1,98.61,182.43,167.33,133.6,7.66,1.66,0.0,27.17,5.72,12.27,0.0
2012-01-01,96.3,85.2,213.08,88.67,103.5,89.26,253.72,140.29,186.62,2.67,0.0,7.1,29.12,7.22,19.18,0.0
2012-02-01,105.68,100.53,183.29,100.6,109.75,101.56,244.66,129.79,150.14,15.3,4.99,0.0,21.22,7.75,6.59,1.44
2012-03-01,104.79,94.73,135.18,102.8,106.31,99.73,142.67,91.46,103.71,1.74,2.89,4.56,14.48,5.94,19.14,0.0
2012-04-01,91.57,97.81,125.07,89.38,98.49,89.13,142.17,129.45,54.32,0.0,2.78,0.0,42.47,9.38,10.18,1.39
2012-05-01,104.46,84.68,103.26,104.54,116.24,87.4,105.0,88.26,75.88,6.77,0.0,3.61,17.56,4.51,4.51,0.0
2012-06-01,91.42,76.69,119.82,89.57,94.42,87.41,154.65,62.69,80.25,7.33,0.0,2.71,34.56,0.0,12.58,0.0
2012-07-01,90.63,86.01,115.93,88.98,90.32,89.8,126.71,102.98,88.65,3.48,0.0,0.0,25.58,0.0,3.28,0.0
2012-08-01,87.34,85.97,113.2,85.65,77.03,93.42,122.77,80.44,89.15,0.0,1.88,2.41,9.46,5.67,14.12,0.0
2012-09-01,101.94,74.39,97.48,102.23,99.51,110.25,109.38,95.92,61.51,2.57,2.27,1.53,38.33,0.0,27.65,0.0
2012-10-01,92.63,88.47,97.06,92.34,91.47,95.19,101.84,105.79,82.96,1.59,1.59,1.34,17.22,0.0,0.0,0.0
2012-11-01,79.74,80.35,54.87,81.36,79.92,83.92,54.17,66.78,43.26,2.41,1.54,0.0,16.02,0.0,5.32,0.0
2012-12-01,84.33,80.47,117.3,82.17,89.13,82.18,132.68,101.17,81.8,0.0,0.0,0.0,36.14,0.0,9.26,0.0
2013-01-01,89.21,88.29,87.55,89.32,79.1,90.92,63.09,92.53,36.32,6.7,2.31,2.69,56.33,2.69,4.52,0.0
2013-02-01,86.96,91.98,83.04,87.21,90.84,79.75,83.63,80.57,46.97,4.14,5.39,0.0,26.28,2.35,11.11,0.0
2013-03-01,83.03,67.79,83.79,82.98,92.61,75.04,103.24,77.1,62.57,6.53,2.94,4.41,8.65,6.38,13.03,0.0
2013-04-01,109.99,92.51,75.69,112.23,92.43,119.63,92.34,71.72,54.92,0.0,0.0,7.45,12.76,2.05,2.34,0.0
2013-05-01,93.34,92.31,63.15,95.32,88.79,98.73,67.86,58.24,55.83,6.81,8.23,2.03,2.81,0.0,2.84,0.0
2013-06-01,88.76,87.57,71.89,89.87,95.12,81.54,62.31,81.33,66.4,4.64,0.0,0.0,8.38,1.46,5.22,0.0
2013-07-01,81.37,73.78,89.49,80.84,79.46,81.92,97.67,103.77,38.71,1.26,0.0,4.07,48.85,5.54,4.06,0.0
2013-08-01,106.65,92.57,107.64,106.59,102.38,115.4,109.05,120.37,86.63,3.62,0.0,0.0,52.25,0.0,3.23,0.0
2013-09-01,118.48,103.6,112.09,118.89,135.9,102.51,121.3,101.41,82.85,21.13,2.03,3.52,13.18,0.0,9.44,3.19
2013-10-01,88.12,84.08,79.19,88.71,80.99,88.74,72.95,74.86,48.55,7.17,1.77,3.38,23.29,3.38,5.35,0.0
2013-11-01,89.34,90.0,63.54,91.02,98.75,73.76,78.45,40.99,47.74,5.65,3.35,0.0,10.16,3.35,0.0,0.0
2013-12-01,92.9,86.93,160.59,88.47,86.01,93.3,136.42,167.14,67.04,13.47,0.0,0.0,17.33,0.0,0.0,0.0
2014-01-01,99.21,86.61,94.73,99.51,92.51,103.76,83.19,108.2,54.55,11.57,0.0,0.0,11.32,4.73,0.0,0.0
2014-02-01,98.96,79.35,101.43,98.8,100.99,99.46,83.02,112.89,41.25,30.02,0.0,9.24,10.43,0.0,5.75,0.0
2014-03-01,127.36,117.85,179.85,123.93,136.53,145.09,204.1,194.63,38.6,108.18,11.69,17.1,32.08,2.61,4.42,0.0
2014-04-01,100.67,97.37,131.21,98.67,102.38,108.58,132.46,149.56,11.61,80.89,4.39,3.56,15.99,0.0,5.25,2.41
2014-05-01,105.86,90.29,188.9,100.43,100.08,123.55,181.87,241.3,26.52,48.03,1.38,0.0,41.62,2.12,74.14,1.41
2014-06-01,124.05,101.66,162.76,121.52,120.46,146.84,167.47,195.52,116.49,17.75,0.0,0.0,8.49,4.01,23.05,0.0
2014-07-01,143.14,124.84,217.67,138.27,122.12,189.16,203.94,279.94,103.0,70.27,4.25,1.49,54.56,2.98,18.09,3.51
2014-08-01,131.36,118.29,164.52,129.19,116.76,171.11,178.71,189.09,127.76,51.09,3.83,0.0,7.04,3.91,6.8,0.0
2014-09-01,138.7,127.2,216.97,133.58,147.56,152.91,235.91,237.06,147.82,73.22,6.22,0.0,22.04,0.0,10.17,0.0
2014-10-01,105.47,85.65,121.78,104.41,99.43,114.63,117.77,135.46,76.37,34.83,2.24,2.97,10.37,2.94,8.49,0.0
2014-11-01,94.14,84.13,104.31,93.48,94.56,94.8,107.91,87.13,76.35,22.74,3.58,4.38,1.39,5.72,4.36,0.0
2014-12-01,115.05,83.34,159.25,112.16,107.8,128.75,117.27,215.27,69.66,66.16,2.14,13.06,23.34,8.97,5.56,0.0
2015-01-01,127.56,115.04,142.01,126.62,117.4,148.27,147.27,161.87,85.94,37.77,4.37,3.23,22.07,3.29,3.09,0.0
2015-02-01,117.94,117.55,202.91,112.38,123.51,122.93,194.07,228.02,113.33,39.14,3.55,3.77,55.2,2.63,1.9,0.0
2015-03-01,112.11,110.33,147.23,109.81,112.54,106.55,132.01,161.01,91.45,18.93,2.96,5.6,22.85,2.38,7.37,3.36
2015-04-01,111.91,115.33,130.2,110.71,102.68,111.75,109.33,141.19,92.74,16.95,1.46,0.0,25.49,10.94,5.31,0.0
2015-05-01,103.42,85.84,105.31,103.29,102.0,104.27,112.64,95.26,67.07,15.93,0.0,1.47,15.32,0.0,26.93,0.0
2015-06-01,105.4,91.05,94.61,106.11,105.54,102.53,75.66,106.3,52.04,21.29,0.0,3.3,14.97,6.4,0.0,0.0
2015-07-01,119.21,114.5,77.91,121.91,117.14,105.37,84.55,46.05,67.6,4.96,1.52,0.0,1.89,0.0,1.97,0.0
2015-08-01,104.05,95.03,100.23,104.3,97.12,108.79,70.45,111.76,69.45,8.87,9.05,0.0,12.87,3.0,6.8,0.0
2015-09-01,114.93,115.62,81.02,117.15,110.8,113.05,83.63,86.85,50.37,32.83,4.9,2.58,8.47,7.15,11.98,0.0
2015-10-01,103.79,105.93,84.83,105.03,91.79,120.0,64.29,91.51,64.92,17.49,3.2,0.0,5.96,1.78,9.89,0.0
2015-11-01,154.83,146.88,120.83,157.05,153.53,186.83,135.06,164.21,108.35,31.0,0.0,4.36,29.02,1.81,5.8,0.0
2015-12-01,139.17,159.86,130.62,139.72,130.64,145.81,128.21,136.39,110.79,16.99,8.49,4.84,8.73,7.02,6.45,0.0
2016-01-01,117.86,116.2,136.52,116.64,107.39,127.23,154.62,147.34,91.54,8.13,3.36,2.71,27.56,2.71,15.98,0.0
2016-02-01,96.14,94.25,92.43,96.39,100.53,96.73,96.94,89.97,42.03,13.9,0.0,0.0,33.28,6.81,11.94,0.0
2016-03-01,109.98,115.15,71.62,112.49,98.43,122.62,61.05,79.03,43.78,7.85,1.7,0.0,23.15,0.0,8.93,0.0
2016-04-01,88.85,100.52,92.46,88.62,83.38,92.5,101.73,95.85,63.2,0.0,0.0,0.0,19.5,0.0,8.58,0.0
2016-05-01,82.07,92.86,80.02,82.2,80.11,77.42,65.41,84.2,53.06,2.86,0.0,11.96,8.98,7.59,6.01,0.0
2016-06-01,102.62,84.58,38.31,106.82,83.98,108.59,36.85,34.13,19.78,3.43,0.0,9.33,2.49,3.12,4.18,0.0
2016-07-01,119.38,108.06,68.78,122.69,97.77,135.97,54.14,71.7,33.72,6.69,2.07,0.0,6.62,0.0,19.35,0.0
2016-08-01,94.89,94.69,55.87,97.45,73.88,109.15,44.81,72.63,35.27,28.27,2.72,0.0,14.44,0.0,0.0,0.0
2016-09-01,106.37,112.4,88.97,107.51,92.29,115.76,64.24,105.08,51.24,8.24,4.42,0.0,21.24,0.0,13.77,0.0
2016-10-01,90.12,92.99,37.66,93.55,76.56,97.07,21.21,53.08,35.62,4.65,0.0,0.0,0.0,0.0,2.04,0.0
2016-11-01,91.33,91.22,40.93,94.62,95.48,69.0,34.7,31.01,29.67,15.54,9.4,0.0,4.21,4.28,0.0,0.0
2016-12-01,133.27,101.78,93.99,135.84,137.52,118.75,74.14,89.6,67.15,43.16,8.42,2.43,5.45,0.0,2.19,0.0
2017-01-01,114.25,107.21,76.26,116.74,127.61,83.42,68.36,81.27,52.8,13.48,0.0,3.69,10.55,3.69,6.21,2.89
2017-02-01,126.44,125.88,62.27,130.64,145.74,87.84,61.44,51.41,50.08,7.27,5.45,2.68,0.0,2.16,0.0,0.0
2017-03-01,109.7,98.87,43.21,114.05,121.08,87.74,47.64,29.22,21.48,6.04,0.0,0.0,12.89,0.0,12.32,0.0
2017-04-01,133.37,116.58,81.54,136.76,141.35,123.52,83.26,74.51,45.1,20.62,6.5,18.1,4.52,12.02,11.92,0.0
2017-05-01,121.85,98.39,52.63,126.37,130.45,101.96,48.77,40.87,20.31,7.5,2.61,14.45,11.66,4.02,9.26,0.0
2017-06-01,120.42,135.6,65.4,124.01,110.64,121.02,68.63,77.93,47.95,9.71,0.0,6.27,8.72,0.0,1.97,0.0
2017-07-01,110.93,107.93,119.19,110.39,130.92,82.64,122.65,100.77,54.87,28.78,11.15,31.23,9.3,8.69,14.72,0.0
2017-08-01,127.5,142.45,107.55,128.8,142.48,96.84,141.95,72.9,37.1,14.72,18.21,33.9,18.36,13.49,13.14,0.0
2017-09-01,98.62,117.71,153.23,95.05,116.61,72.81,213.68,91.59,66.9,26.56,10.76,1.54,20.47,1.54,53.89,0.0
2017-10-01,107.23,95.2,88.26,108.47,113.18,91.57,57.18,105.95,71.76,5.8,0.0,3.34,7.25,3.34,1.62,0.0
2017-11-01,98.14,76.01,84.37,99.04,98.32,89.7,93.99,92.09,65.95,16.56,6.71,2.69,10.71,0.0,8.4,0.0
2017-12-01,96.78,81.61,80.39,97.85,107.31,77.8,88.09,57.64,39.46,12.93,7.78,3.26,21.57,6.47,28.64,0.0
2018-01-01,98.07,87.62,59.24,100.61,117.39,66.12,55.91,59.12,37.18,2.18,2.18,8.9,2.26,10.06,9.08,0.0
2018-02-01,91.56,74.97,57.93,93.76,101.33,75.01,66.73,47.95,34.21,11.24,0.0,9.16,10.97,9.16,12.2,0.0
2018-03-01,121.87,96.12,103.18,123.09,148.16,85.87,112.45,114.59,36.17,64.89,12.37,3.84,7.27,1.62,3.24,0.0
2018-04-01,115.59,94.01,63.46,119.0,139.6,91.85,80.21,45.92,42.3,30.7,4.04,7.63,4.57,3.89,1.7,0.0
2018-05-01,117.29,103.17,98.64,118.51,146.62,73.41,105.24,63.62,78.81,13.11,2.74,18.89,3.87,6.85,6.79,0.0
2018-06-01,107.09,97.13,43.39,111.25,136.26,59.55,51.9,31.65,25.08,6.7,4.61,2.29,2.18,6.19,9.79,0.0
2018-07-01,120.03,87.54,83.91,122.39,149.3,75.89,86.08,65.92,45.59,30.47,16.49,13.11,9.23,8.44,6.07,0.0
2018-08-01,97.8,93.64,106.0,97.26,102.28,83.55,103.0,95.55,55.04,34.56,9.0,10.61,12.77,14.34,9.3,0.0
2018-09-01,82.77,64.15,67.67,83.75,96.3,59.18,62.49,50.61,38.22,15.95,5.15,7.65,19.95,0.0,7.26,0.0
2018-10-01,114.17,74.35,107.11,114.63,116.5,110.36,112.74,113.22,93.26,12.87,13.65,2.33,4.71,0.0,2.35,0.0
2018-11-01,94.73,64.78,77.45,95.86,92.91,94.02,76.64,67.67,70.45,4.26,6.72,2.74,0.0,0.0,3.98,0.0
2018-12-01,105.94,76.18,78.61,107.73,128.42,89.29,98.46,88.24,53.61,10.79,7.15,8.68,12.96,13.02,15.35,0.0
2019-01-01,107.0,83.53,126.68,105.71,128.99,78.16,154.12,118.28,20.5,2.3,19.42,85.66,8.87,35.59,6.17,0.0
2019-02-01,98.23,94.83,97.29,98.29,124.93,65.83,114.78,70.43,28.0,2.75,10.28,63.81,0.0,41.19,0.0,0.0
2019-03-01,99.74,81.71,97.48,99.89,98.03,97.07,122.05,90.76,29.53,21.03,7.84,55.15,5.27,12.5,4.65,0.0
2019-04-01,96.67,73.39,125.08,94.82,96.58,87.17,123.3,103.43,43.71,7.8,4.33,38.67,46.93,16.49,17.77,0.0
2019-05-01,108.75,94.34,147.48,106.22,128.37,75.95,183.14,96.6,104.3,5.08,7.52,31.77,0.0,7.32,13.57,0.0
2019-06-01,113.23,93.91,218.14,106.37,141.77,76.49,306.03,186.41,193.8,5.81,13.61,11.41,3.36,7.97,8.65,0.0
2019-07-01,101.63,87.84,145.86,98.74,114.78,81.83,199.51,137.36,133.71,4.07,1.74,0.0,10.73,3.95,12.61,0.0
2019-08-01,139.81,121.52,128.29,140.56,158.98,114.62,130.41,130.9,91.57,2.41,8.4,19.65,6.1,1.85,14.41,2.43
2019-09-01,105.07,86.3,248.47,95.69,124.6,86.93,293.36,284.61,224.15,8.07,11.6,11.34,1.5,11.36,5.8,0.0
2019-10-01,124.81,90.59,145.62,123.45,131.71,127.08,163.35,181.64,137.76,8.38,17.46,0.0,0.0,2.55,2.41,0.0
2019-11-01,98.24,80.63,86.78,98.99,99.67,93.08,94.67,98.19,64.2,1.66,0.0,4.3,6.82,8.85,5.74,0.0
2019-12-01,96.49,64.8,88.66,97.0,83.59,97.86,95.07,84.37,63.97,15.23,9.05,3.84,15.66,4.6,7.59,0.0
2020-01-01,146.39,127.37,298.92,136.42,177.13,154.73,382.99,349.92,264.85,4.93,5.34,11.93,37.77,6.22,2.76,0.0
2020-02-01,87.73,79.9,82.47,88.07,93.28,74.67,89.67,84.22,45.78,17.87,9.62,14.95,25.97,6.72,1.88,0.0
2020-03-01,61.93,101.26,44.85,63.05,62.53,59.74,39.2,57.0,31.02,13.53,8.49,2.38,5.49,3.51,2.75,0.0
2020-04-01,42.36,83.85,30.06,43.17,46.39,32.72,43.46,28.36,20.3,5.17,2.52,2.65,2.09,0.0,7.67,0.0
2020-05-01,63.57,89.14,61.5,63.71,73.07,47.74,55.56,73.86,29.03,0.0,7.57,8.24,16.76,3.32,14.82,0.0
2020-06-01,63.83,66.68,43.13,65.18,66.33,57.96,23.07,54.8,23.83,14.05,0.0,3.84,20.2,0.0,2.72,0.0
2020-07-01,73.02,66.61,61.61,73.76,80.57,61.14,67.59,50.43,32.12,3.67,3.67,8.07,6.91,3.53,23.22,0.0
2020-08-01,79.64,60.37,63.56,80.69,74.86,74.96,76.49,48.52,36.38,15.93,1.73,11.79,10.59,0.0,5.56,0.0
2020-09-01,78.64,70.23,43.91,80.91,83.67,67.43,43.92,38.74,18.85,10.7,4.36,2.61,11.95,5.08,0.0,0.0
2020-10-01,68.29,68.61,45.45,69.78,73.62,57.32,21.24,53.72,16.39,6.24,0.0,2.44,8.98,0.0,20.46,0.0
2020-11-01,65.07,62.54,49.62,66.08,63.59,56.95,52.28,55.45,30.65,7.95,2.58,3.49,4.93,3.49,12.44,0.0
2020-12-01,72.59,70.67,30.88,75.31,65.2,70.09,30.07,42.15,25.91,0.0,0.0,4.98,0.0,4.98,0.0,0.0
2021-01-01,80.75,78.22,25.76,84.35,93.5,65.93,26.46,30.65,12.94,0.0,4.08,4.67,0.0,0.0,8.15,0.0
2021-02-01,74.85,67.36,15.32,78.74,69.41,75.4,23.82,16.86,12.54,0.0,0.0,0.0,2.79,0.0,0.0,0.0
2021-03-01,79.37,69.35,63.47,80.41,75.97,70.54,51.9,73.16,42.64,4.24,0.0,0.0,10.6,0.0,11.6,0.0
2021-04-01,78.84,78.42,33.27,81.82,87.0,66.87,24.3,49.58,13.35,6.59,0.0,0.0,5.04,0.0,5.71,0.0
2021-05-01,91.65,94.32,47.19,94.56,63.6,112.24,32.05,57.02,25.85,7.5,0.0,1.76,9.64,1.76,2.44,0.0
2021-06-01,75.52,75.15,33.52,78.27,82.47,60.49,40.49,27.64,22.96,10.56,2.74,0.0,0.0,0.0,0.0,0.0
2021-07-01,81.83,60.73,42.8,84.38,69.41,89.72,30.03,43.39,12.04,13.95,14.56,2.54,0.0,0.0,14.27,0.0
2021-08-01,131.44,76.01,27.93,138.2,96.37,170.71,20.49,27.56,25.53,2.4,0.0,2.4,0.0,0.0,0.0,0.0
2021-09-01,96.74,81.23,20.05,101.76,90.79,97.04,8.01,22.2,7.89,5.16,2.58,0.0,7.01,0.0,0.0,0.0
2021-10-01,78.64,66.86,36.86,81.38,75.09,68.93,28.85,29.98,16.64,15.12,3.64,9.54,0.0,3.49,2.41,0.0
2021-11-01,80.22,65.86,40.16,82.84,76.27,75.49,21.01,45.08,23.67,0.0,5.17,2.61,13.6,2.89,5.12,0.0
2021-12-01,82.46,87.32,51.49,84.49,94.56,55.91,75.9,8.95,7.34,33.24,3.36,0.0,13.67,0.0,2.59,0.0
2022-01-01,99.78,113.37,126.94,98.0,110.1,74.77,118.01,116.81,23.37,65.35,2.51,0.0,9.08,0.0,49.55,0.0
2022-02-01,187.43,158.66,411.31,172.79,186.6,173.74,377.82,358.64,21.14,383.33,48.21,0.0,16.01,5.38,28.53,0.0
2022-03-01,318.93,218.38,736.13,291.65,177.2,465.67,481.37,1020.64,70.17,720.14,168.19,25.55,12.62,0.0,18.79,0.0
2022-04-01,211.9,164.0,366.61,201.78,139.31,300.31,309.9,486.14,30.07,340.43,56.26,7.35,9.21,4.77,13.75,1.88
2022-05-01,153.44,127.43,258.88,146.55,114.28,200.22,241.43,319.72,15.71,246.67,29.45,5.08,17.49,6.29,18.24,2.67
2022-06-01,142.16,122.37,243.27,135.55,111.66,180.02,236.51,322.63,26.79,225.37,31.12,2.69,21.19,2.54,18.32,0.0
2022-07-01,144.37,122.4,205.54,140.37,119.37,170.63,234.99,198.78,65.79,156.14,27.0,6.61,9.19,0.0,15.71,0.0
2022-08-01,162.19,148.07,132.29,164.15,141.42,194.72,132.28,172.52,35.65,86.62,24.58,0.0,9.41,0.0,5.52,0.0
2022-09-01,141.02,142.1,195.38,137.47,121.45,170.07,175.09,226.77,22.36,175.86,16.99,0.0,7.64,0.0,18.3,7.98
2022-10-01,153.47,154.69,229.81,148.48,132.15,179.7,199.64,280.25,74.11,195.3,34.27,9.98,12.22,0.0,21.43,12.41
2022-11-01,137.04,120.0,136.17,137.1,121.29,155.36,149.7,144.79,23.25,131.71,9.32,0.0,7.04,1.86,4.49,5.23
2022-12-01,144.59,119.95,129.52,145.57,112.93,172.33,88.58,137.93,22.66,114.6,23.07,0.0,0.0,3.64,18.15,5.41
2023-01-01,119.94,102.66,55.0,124.19,96.2,139.55,47.67,56.82,18.09,37.41,2.31,0.0,5.91,0.0,5.06,0.0
2023-02-01,157.36,122.7,156.91,157.39,135.99,179.37,127.21,176.62,32.75,105.04,2.86,2.69,6.26,2.69,16.23,0.0
2023-03-01,132.63,120.66,93.95,135.16,134.84,124.9,128.22,89.82,39.1,58.52,2.52,0.0,0.0,0.0,13.76,0.0
2023-04-01,134.28,112.46,123.22,135.0,125.99,137.23,107.84,142.63,30.54,73.96,3.24,0.0,27.19,0.0,20.58,0.0
2023-05-01,119.75,109.13,99.81,121.05,115.85,123.95,110.77,121.5,21.96,68.92,0.0,4.04,13.37,4.04,2.82,0.0
2023-06-01,123.59,122.81,92.09,125.65,114.39,135.0,72.16,96.96,12.77,82.68,0.0,0.0,3.09,0.0,11.07,0.0
2023-07-01,124.44,119.48,72.53,127.83,121.31,124.42,73.8,74.98,5.37,61.17,3.36,3.62,10.62,3.14,0.0,4.48
2023-08-01,112.79,96.07,146.71,110.58,99.86,126.02,126.81,155.19,36.96,79.48,1.86,0.0,37.75,15.5,9.47,0.0
2023-09-01,117.35,88.54,87.43,119.3,122.15,120.18,70.38,104.49,17.85,51.22,7.39,7.73,12.23,3.19,25.0,0.0
2023-10-01,242.19,184.25,321.19,237.03,213.48,325.83,313.85,459.3,277.75,65.75,3.17,0.0,14.68,14.85,17.49,0.0
2023-11-01,193.7,179.63,115.88,198.78,165.27,255.62,84.38,162.0,104.47,16.01,3.79,0.0,15.07,0.0,0.0,0.0
2023-12-01,173.86,163.99,184.15,173.18,157.2,210.44,148.01,216.76,111.62,43.2,7.82,21.61,34.91,18.89,4.53,0.0
2024-01-01,161.94,169.48,216.14,158.4,147.78,206.53,159.18,285.56,136.14,89.07,7.06,0.0,6.4,7.18,3.23,0.0
2024-02-01,174.52,155.1,147.24,176.31,183.66,196.56,147.96,165.11,59.01,75.81,12.65,3.64,3.03,3.53,12.8,0.0
2024-03-01,142.41,139.35,101.9,145.06,129.48,160.63,48.13,127.02,32.96,68.94,0.0,0.0,1.98,0.0,5.35,0.0
2024-04-01,172.93,158.51,193.15,171.6,175.56,201.47,200.11,266.45,142.13,62.53,3.33,0.0,0.0,0.0,16.38,0.0
2024-05-01,174.4,151.02,143.65,176.41,168.54,197.7,129.17,171.78,50.68,84.09,3.62,6.41,11.24,0.0,25.39,0.0
2024-06-01,128.28,123.71,76.76,131.65,125.63,142.76,59.36,100.38,35.16,37.52,0.0,3.37,14.63,3.37,3.22,0.0
2024-07-01,138.87,99.2,130.28,139.44,121.09,155.53,118.88,147.42,41.23,49.81,0.0,27.07,0.0,18.96,15.42,0.0
2024-08-01,163.36,153.68,240.59,158.31,135.6,196.95,201.55,272.65,83.46,123.68,11.96,16.49,6.92,5.69,19.87,0.0
2024-09-01,163.06,135.44,170.45,162.58,137.82,193.92,149.71,211.96,102.35,85.51,3.69,17.11,3.54,0.0,15.77,0.0
2024-10-01,163.78,128.45,278.7,156.26,160.42,195.56,321.9,311.75,233.65,48.91,10.49,3.26,5.69,3.26,11.65,0.0
2024-11-01,141.74,141.1,155.51,140.83,147.81,145.19,188.87,149.38,75.87,83.31,22.31,6.64,0.0,0.0,3.92,0.0
2024-12-01,170.84,167.07,187.66,169.74,136.62,202.04,194.44,229.87,109.46,80.86,3.14,3.19,4.68,0.0,0.0,0.0
2025-01-01,168.78,133.97,166.6,168.92,160.87,169.33,130.31,169.68,64.28,88.32,10.51,0.0,8.02,3.81,11.08,10.03
2025-02-01,181.79,124.49,151.98,183.74,231.87,134.54,190.48,129.14,44.37,100.89,39.64,0.0,11.97,9.35,13.15,0.0
2025-03-01,187.92,163.34,177.96,188.57,223.76,168.16,209.02,210.57,41.71,103.83,39.86,0.0,19.13,14.19,11.05,0.0
2025-04-01,179.63,158.22,124.06,183.27,217.45,129.07,124.29,116.72,48.77,67.43,11.07,0.0,3.37,3.47,10.97,0.0
2025-05-01,172.98,184.58,117.82,176.59,192.11,163.09,133.44,120.37,21.64,71.09,13.78,5.01,3.9,6.88,22.92,0.0
2025-06-01,212.69,205.37,444.64,197.52,217.28,233.27,498.11,482.88,392.81,62.88,35.11,0.0,9.88,4.83,44.37,0.0
2025-07-01,151.5,139.66,177.73,149.79,138.92,156.95,175.72,134.37,55.99,100.04,14.23,0.0,3.82,0.0,66.22,0.0
2025-08-01,154.08,151.32,168.78,153.12,163.86,147.4,191.91,145.59,26.9,123.93,42.86,16.71,3.93,21.21,24.59,0.0
2025-09-01,164.41,145.21,163.08,164.5,162.63,168.99,164.28,189.05,52.73,94.16,8.14,6.92,4.3,12.21,18.99,0.0
2025-10-01,174.93,173.66,197.29,173.46,177.02,180.36,202.01,175.79,10.41,129.87,24.34,42.63,14.35,7.81,13.55,0.0
2025-11-01,132.3,112.8,162.59,130.31,137.75,121.92,191.56,130.42,42.68,54.98,14.54,72.46,7.11,13.98,9.56,0.0
2025-12-01,163.92,152.8,202.27,161.41,147.43,176.28,173.37,237.81,32.48,47.77,16.65,108.31,19.03,33.07,14.12,0.0
2026-01-01,198.62,181.97,661.98,168.33,203.72,210.08,690.35,758.83,157.91,97.02,155.02,471.24,10.84,178.24,54.22,0.0
2026-02-01,145.92,140.81,255.03,138.79,164.09,126.45,272.99,272.31,72.18,112.29,80.68,95.96,0.0,68.73,22.15,0.0
2026-03-01,279.73,337.18,1844.1,177.45,228.42,377.85,1577.85,2484.79,1767.45,175.94,332.14,96.87,3.46,50.62,71.52,0.0
2026-04-01,232.36,286.32,1240.22,166.47,231.08,285.21,1263.53,1599.15,1176.22,152.17,237.15,37.88,10.95,17.71,76.67,3.72
2026-05-01,192.7,223.0,856.75,149.28,176.83,218.27,906.87,1019.39,753.8,119.49,146.06,29.94,0.0,26.73,78.38,0.0
2026-06-01,177.08,235.74,775.04,137.99,184.0,204.36,788.84,1085.89,619.2,183.67,161.98,14.23,3.52,4.68,42.04,0.0
2026-07-01,173.34,202.7,813.28,131.5,167.02,210.14,811.95,1116.94,664.32,169.32,155.42,9.78,15.56,14.21,27.73,0.0
2026-08-01,152.04,169.61,569.73,124.73,151.25,157.18,592.8,633.01,470.28,135.32,109.68,19.41,24.95,14.9,43.64,0.0
