Date,GPR_AI,GPR_AER,GPR_OIL,GPR_NONOIL
1960-01-01,116.35,83.01,22.59,122.48
1960-02-01,129.76,115.2,48.7,135.06
1960-03-01,112.5,90.54,12.41,119.04
1960-04-01,120.21,111.91,12.85,127.23
1960-05-01,153.26,127.65,15.72,162.26
1960-06-01,140.76,108.1,36.13,147.6
1960-07-01,159.29,104.12,92.44,163.66
1960-08-01,166.46,122.4,82.85,171.92
1960-09-01,156.08,115.62,57.19,162.55
1960-10-01,155.37,125.26,26.79,163.78
1960-11-01,133.09,114.56,49.11,138.58
1960-12-01,141.75,111.86,64.29,146.81
1961-01-01,140.79,112.99,20.49,148.66
1961-02-01,141.19,102.01,38.75,147.89
1961-03-01,147.89,118.04,47.54,154.45
1961-04-01,193.68,173.82,30.78,204.33
1961-05-01,167.2,137.59,31.02,176.1
1961-06-01,164.5,131.37,75.61,170.31
1961-07-01,199.85,181.31,167.65,201.96
1961-08-01,218.98,216.76,53.64,229.79
1961-09-01,224.58,234.59,42.54,236.48
1961-10-01,191.88,166.74,14.92,203.45
1961-11-01,187.59,165.05,30.56,197.86
1961-12-01,197.93,181.29,75.5,205.93
1962-01-01,148.04,136.09,41.24,155.03
1962-02-01,151.53,141.52,21.35,160.04
1962-03-01,152.66,156.55,40.29,160.01
1962-04-01,145.71,146.38,35.93,152.89
1962-05-01,150.51,138.41,24.89,158.73
1962-06-01,133.79,120.92,36.38,140.16
1962-07-01,134.1,115.95,32.87,140.72
1962-08-01,134.9,98.97,14.44,142.77
1962-09-01,160.02,137.06,23.81,168.92
1962-10-01,245.7,295.33,103.82,254.97
1962-11-01,190.24,217.41,133.35,193.96
1962-12-01,176.45,184.05,126.32,179.73
1963-01-01,167.09,150.87,46.01,175.0
1963-02-01,178.58,188.22,177.27,178.66
1963-03-01,157.65,144.17,127.0,159.66
1963-04-01,142.06,142.55,52.88,147.89
1963-05-01,134.02,127.98,34.13,140.55
1963-06-01,123.63,108.63,48.85,128.52
1963-07-01,146.33,149.99,21.73,154.47
1963-08-01,147.65,161.82,43.07,154.49
1963-09-01,149.26,126.05,62.16,154.95
1963-10-01,136.06,132.8,47.13,141.87
1963-11-01,125.88,124.15,41.12,131.42
1963-12-01,110.09,92.55,35.52,114.97
1964-01-01,140.23,89.53,32.81,147.25
1964-02-01,152.74,102.21,47.82,159.6
1964-03-01,133.47,95.83,40.06,139.58
1964-04-01,126.81,95.0,35.47,132.78
1964-05-01,150.98,98.16,57.58,157.08
1964-06-01,145.47,126.83,32.55,152.85
1964-07-01,157.08,152.05,26.91,165.59
1964-08-01,174.69,160.77,60.95,182.13
1964-09-01,141.54,118.48,69.52,146.25
1964-10-01,123.57,126.58,5.68,131.28
1964-11-01,141.73,112.42,18.36,149.8
1964-12-01,131.18,124.37,49.59,136.52
1965-01-01,115.87,86.71,32.48,121.32
1965-02-01,174.19,114.06,30.84,183.56
1965-03-01,152.36,97.09,73.72,157.5
1965-04-01,155.92,108.53,42.52,163.33
1965-05-01,182.81,139.76,56.16,191.09
1965-06-01,156.48,125.55,47.58,163.6
1965-07-01,153.71,138.3,48.88,160.57
1965-08-01,162.4,134.62,64.15,168.83
1965-09-01,201.89,201.87,67.53,210.68
1965-10-01,156.77,143.49,25.19,165.37
1965-11-01,158.13,123.32,62.09,164.41
1965-12-01,167.51,157.88,98.09,172.04
1966-01-01,149.85,132.14,53.61,156.14
1966-02-01,162.65,142.66,55.79,169.64
1966-03-01,143.65,109.2,49.99,149.78
1966-04-01,140.5,112.26,143.61,140.29
1966-05-01,137.8,116.93,49.3,143.59
1966-06-01,137.17,106.64,130.27,137.62
1966-07-01,161.14,135.17,370.13,147.48
1966-08-01,137.46,117.01,176.91,134.88
1966-09-01,138.21,103.92,84.54,141.72
1966-10-01,144.02,113.12,62.99,149.32
1966-11-01,127.71,112.49,50.74,132.74
1966-12-01,143.09,120.03,136.41,143.53
1967-01-01,141.37,102.66,83.36,145.16
1967-02-01,142.72,124.11,44.17,149.16
1967-03-01,143.16,143.23,71.75,147.82
1967-04-01,127.06,116.3,65.66,131.07
1967-05-01,186.12,161.36,209.05,184.62
1967-06-01,249.66,241.42,385.49,240.78
1967-07-01,192.02,194.98,216.97,190.38
1967-08-01,175.18,161.26,131.08,178.06
1967-09-01,146.68,126.82,101.39,149.64
1967-10-01,142.08,141.77,109.9,144.19
1967-11-01,156.65,131.31,54.76,163.31
1967-12-01,144.2,146.57,53.45,150.14
1968-01-01,185.51,155.76,51.54,194.27
1968-02-01,206.11,183.5,50.8,216.27
1968-03-01,158.68,148.41,62.93,164.94
1968-04-01,162.17,140.6,39.53,170.19
1968-05-01,137.1,120.34,69.93,141.49
1968-06-01,121.37,102.0,19.96,128.0
1968-07-01,165.85,137.67,66.47,172.35
1968-08-01,192.83,159.81,47.56,202.32
1968-09-01,162.2,149.7,33.84,170.59
1968-10-01,143.49,115.86,43.81,150.01
1968-11-01,149.02,113.52,32.8,156.62
1968-12-01,129.1,102.61,42.21,134.78
1969-01-01,135.21,128.7,51.24,140.7
1969-02-01,141.34,130.13,72.2,145.86
1969-03-01,162.82,167.27,117.22,165.8
1969-04-01,148.92,144.33,73.87,153.83
1969-05-01,128.05,110.47,85.03,130.87
1969-06-01,130.32,111.28,106.52,131.88
1969-07-01,140.74,118.28,73.54,145.13
1969-08-01,149.44,124.84,63.98,155.03
1969-09-01,144.19,112.79,86.94,147.94
1969-10-01,133.87,110.73,46.63,139.58
1969-11-01,129.55,134.03,72.62,133.27
1969-12-01,139.33,112.9,80.41,143.19
1970-01-01,110.3,120.85,78.86,112.36
1970-02-01,122.52,119.04,71.23,125.88
1970-03-01,139.82,115.57,57.84,145.18
1970-04-01,137.39,113.88,30.95,144.35
1970-05-01,179.03,159.85,92.06,184.72
1970-06-01,148.31,121.04,110.94,150.75
1970-07-01,141.0,141.74,56.71,146.51
1970-08-01,140.37,134.96,53.88,146.02
1970-09-01,192.96,224.07,149.01,195.84
1970-10-01,150.0,145.6,70.43,155.21
1970-11-01,118.86,94.07,40.04,124.02
1970-12-01,123.67,89.51,45.97,128.75
1971-01-01,123.09,110.23,80.09,125.9
1971-02-01,136.39,131.41,68.17,140.85
1971-03-01,141.05,113.79,37.88,147.8
1971-04-01,136.4,121.62,50.15,142.04
1971-05-01,123.76,94.47,49.79,128.6
1971-06-01,112.12,97.44,41.76,116.72
1971-07-01,131.83,119.2,47.29,137.35
1971-08-01,125.96,102.73,36.22,131.82
1971-09-01,125.49,102.16,57.5,129.93
1971-10-01,125.86,107.28,27.87,132.27
1971-11-01,127.81,114.95,24.12,134.59
1971-12-01,167.93,143.09,91.23,172.95
1972-01-01,143.61,117.38,46.56,149.95
1972-02-01,130.32,104.08,32.94,136.68
1972-03-01,127.17,86.04,34.46,133.23
1972-04-01,155.44,142.49,94.46,159.43
1972-05-01,180.27,168.47,105.09,185.18
1972-06-01,149.16,130.1,102.15,152.24
1972-07-01,127.16,104.47,51.78,132.09
1972-08-01,127.69,95.82,22.03,134.6
1972-09-01,150.45,137.64,50.38,156.99
1972-10-01,120.51,95.73,19.05,127.15
1972-11-01,115.51,91.33,29.08,121.16
1972-12-01,126.01,84.82,44.21,131.36
1973-01-01,114.1,82.61,36.25,119.19
1973-02-01,100.72,61.57,22.83,105.82
1973-03-01,101.45,80.55,41.23,105.38
1973-04-01,96.51,93.48,93.65,96.7
1973-05-01,86.21,74.89,74.83,86.95
1973-06-01,78.69,69.13,68.94,79.33
1973-07-01,94.11,80.62,55.25,96.65
1973-08-01,99.43,85.94,37.43,103.48
1973-09-01,97.82,82.32,64.0,100.03
1973-10-01,181.21,203.84,478.16,161.8
1973-11-01,120.37,140.95,283.19,109.73
1973-12-01,112.98,107.96,178.16,108.72
1974-01-01,98.96,99.81,111.91,98.12
1974-02-01,95.57,90.87,144.51,92.37
1974-03-01,91.39,99.62,84.41,91.84
1974-04-01,93.32,82.7,94.01,93.28
1974-05-01,90.82,80.64,100.19,90.2
1974-06-01,94.88,87.39,68.83,96.58
1974-07-01,104.23,106.38,84.46,105.52
1974-08-01,103.97,96.15,66.12,106.44
1974-09-01,82.77,67.98,78.6,83.04
1974-10-01,78.06,73.46,63.23,79.03
1974-11-01,92.29,88.66,123.45,90.25
1974-12-01,89.26,93.5,110.24,87.89
1975-01-01,100.52,93.11,244.25,91.12
1975-02-01,98.58,113.43,164.95,94.24
1975-03-01,122.88,113.03,167.56,119.95
1975-04-01,154.04,104.07,118.82,156.34
1975-05-01,107.39,89.36,106.72,107.43
1975-06-01,96.8,92.31,66.27,98.8
1975-07-01,101.38,107.17,142.19,98.71
1975-08-01,104.7,116.9,73.66,106.73
1975-09-01,103.48,85.81,75.22,105.32
1975-10-01,107.24,94.49,77.92,109.16
1975-11-01,101.57,91.06,111.02,100.95
1975-12-01,125.12,102.02,228.09,118.39
1976-01-01,113.47,103.17,104.15,114.08
1976-02-01,85.2,69.22,66.04,86.45
1976-03-01,98.97,89.0,32.15,103.34
1976-04-01,86.44,82.04,71.77,87.4
1976-05-01,80.14,82.37,54.24,81.83
1976-06-01,95.55,86.4,66.49,97.45
1976-07-01,98.02,101.57,107.47,97.4
1976-08-01,101.7,115.82,108.25,101.27
1976-09-01,97.67,89.39,59.06,100.19
1976-10-01,84.12,86.86,35.7,87.29
1976-11-01,82.21,72.21,57.91,83.8
1976-12-01,73.97,75.68,17.56,77.66
1977-01-01,71.52,72.16,27.45,74.4
1977-02-01,85.0,81.93,30.26,88.58
1977-03-01,90.71,79.79,30.24,94.66
1977-04-01,91.78,102.52,60.59,93.82
1977-05-01,84.77,97.84,52.19,86.9
1977-06-01,84.78,86.36,61.27,86.31
1977-07-01,98.31,101.55,84.7,99.19
1977-08-01,91.11,93.86,46.62,94.01
1977-09-01,84.07,85.21,32.84,87.42
1977-10-01,85.38,103.13,42.18,88.2
1977-11-01,89.81,93.42,40.67,93.02
1977-12-01,85.61,74.26,40.32,88.57
1978-01-01,85.83,84.46,55.4,87.82
1978-02-01,100.91,104.17,59.77,103.6
1978-03-01,105.61,129.76,65.35,108.25
1978-04-01,94.91,97.25,28.47,99.25
1978-05-01,113.33,146.53,74.66,115.86
1978-06-01,100.97,124.79,55.92,103.92
1978-07-01,91.81,109.38,45.0,94.87
1978-08-01,76.75,80.36,89.22,75.93
1978-09-01,94.53,90.36,92.28,94.67
1978-10-01,85.56,81.76,127.37,82.83
1978-11-01,100.64,97.02,148.26,97.52
1978-12-01,111.05,96.26,199.73,105.25
1979-01-01,115.52,107.71,213.66,109.1
1979-02-01,140.66,122.18,233.75,134.58
1979-03-01,119.26,115.15,166.42,116.18
1979-04-01,106.04,124.07,109.53,105.82
1979-05-01,94.35,100.33,78.96,95.35
1979-06-01,108.92,123.25,83.37,110.59
1979-07-01,96.51,108.19,101.01,96.22
1979-08-01,101.3,88.84,105.98,101.0
1979-09-01,103.39,99.77,61.64,106.12
1979-10-01,100.89,105.34,51.17,104.14
1979-11-01,147.54,113.09,324.92,135.94
1979-12-01,147.01,123.29,264.87,139.3
1980-01-01,188.77,195.49,452.12,171.55
1980-02-01,135.28,137.25,195.67,131.33
1980-03-01,112.48,115.33,108.07,112.76
1980-04-01,145.48,156.5,303.71,135.14
1980-05-01,121.04,112.57,133.86,120.2
1980-06-01,116.04,114.7,128.84,115.2
1980-07-01,102.3,88.52,93.03,102.91
1980-08-01,109.81,93.66,114.89,109.48
1980-09-01,134.04,138.73,374.02,118.35
1980-10-01,137.24,166.02,514.15,112.6
1980-11-01,107.14,125.17,239.66,98.48
1980-12-01,132.1,132.32,203.32,127.45
1981-01-01,107.46,141.53,122.99,106.45
1981-02-01,108.61,117.68,106.99,108.72
1981-03-01,104.68,107.49,121.77,103.57
1981-04-01,110.28,125.83,102.41,110.79
1981-05-01,115.52,132.94,107.23,116.06
1981-06-01,118.82,146.56,130.27,118.07
1981-07-01,104.81,102.1,110.78,104.42
1981-08-01,113.29,115.15,98.89,114.23
1981-09-01,114.4,113.79,91.8,115.87
1981-10-01,114.87,103.77,126.02,114.14
1981-11-01,108.24,136.76,62.12,111.26
1981-12-01,142.09,156.13,147.86,141.71
1982-01-01,110.47,136.29,62.96,113.58
1982-02-01,110.46,129.9,73.27,112.89
1982-03-01,117.66,154.63,88.95,119.54
1982-04-01,156.56,216.46,152.98,156.79
1982-05-01,153.07,194.8,147.94,153.4
1982-06-01,179.45,207.15,233.37,175.92
1982-07-01,138.43,161.18,218.86,133.17
1982-08-01,146.66,127.68,121.36,148.32
1982-09-01,123.0,114.03,69.17,126.52
1982-10-01,111.43,127.05,59.11,114.85
1982-11-01,103.74,128.58,84.06,105.03
1982-12-01,105.11,123.51,46.49,108.95
1983-01-01,88.89,111.49,52.42,91.27
1983-02-01,97.19,109.91,72.29,98.81
1983-03-01,94.13,103.49,43.08,97.46
1983-04-01,113.05,137.44,84.85,114.9
1983-05-01,99.26,123.93,52.96,102.29
1983-06-01,100.14,123.83,38.92,104.14
1983-07-01,108.67,113.44,61.72,111.74
1983-08-01,101.8,104.56,69.75,103.89
1983-09-01,137.83,154.58,86.31,141.2
1983-10-01,131.94,151.71,166.23,129.7
1983-11-01,129.9,168.05,119.94,130.56
1983-12-01,112.76,142.87,85.08,114.57
1984-01-01,96.8,120.96,68.48,98.65
1984-02-01,100.07,107.32,116.68,98.98
1984-03-01,91.28,103.08,141.59,87.99
1984-04-01,100.35,108.92,83.97,101.42
1984-05-01,94.08,114.57,198.91,87.22
1984-06-01,86.66,115.68,178.55,80.65
1984-07-01,69.93,85.01,60.83,70.52
1984-08-01,90.49,85.49,83.33,90.96
1984-09-01,102.97,110.06,73.99,104.87
1984-10-01,101.92,111.61,46.18,105.57
1984-11-01,112.49,113.26,32.46,117.72
1984-12-01,101.68,117.78,78.6,103.19
1985-01-01,97.78,95.89,67.69,99.75
1985-02-01,98.26,112.96,21.39,103.29
1985-03-01,112.17,127.19,94.94,113.29
1985-04-01,102.68,94.68,29.19,107.49
1985-05-01,109.76,105.63,67.13,112.55
1985-06-01,145.08,166.45,93.0,148.48
1985-07-01,120.03,142.1,69.16,123.36
1985-08-01,112.95,90.82,64.07,116.15
1985-09-01,118.92,111.59,89.33,120.85
1985-10-01,134.72,133.78,44.31,140.63
1985-11-01,123.56,117.54,61.67,127.6
1985-12-01,124.31,117.24,71.57,127.75
1986-01-01,117.77,143.47,132.9,116.79
1986-02-01,119.61,107.09,97.07,121.09
1986-03-01,119.87,109.22,61.94,123.65
1986-04-01,160.5,192.18,129.12,162.55
1986-05-01,124.66,126.86,75.7,127.86
1986-06-01,126.33,106.57,49.22,131.38
1986-07-01,121.84,97.98,22.63,128.33
1986-08-01,110.98,112.77,58.95,114.38
1986-09-01,128.31,125.32,64.73,132.47
1986-10-01,110.25,115.78,44.28,114.56
1986-11-01,114.84,129.14,101.4,115.71
1986-12-01,114.98,110.89,52.45,119.07
1987-01-01,111.39,107.72,96.11,112.38
1987-02-01,104.77,103.52,58.75,107.78
1987-03-01,95.62,96.68,63.69,97.71
1987-04-01,102.13,126.8,50.34,105.52
1987-05-01,101.83,99.63,163.0,97.83
1987-06-01,107.32,105.41,217.7,100.11
1987-07-01,108.53,111.4,224.79,100.93
1987-08-01,114.95,114.72,284.34,103.88
1987-09-01,105.72,131.98,226.93,97.79
1987-10-01,107.61,116.53,248.19,98.42
1987-11-01,100.44,111.22,92.12,100.99
1987-12-01,116.81,130.74,97.58,118.06
1988-01-01,105.0,94.38,71.84,107.17
1988-02-01,97.55,86.4,47.25,100.84
1988-03-01,115.39,115.48,104.86,116.08
1988-04-01,116.31,121.99,179.9,112.15
1988-05-01,98.36,113.22,49.34,101.57
1988-06-01,80.44,80.58,36.81,83.3
1988-07-01,96.2,90.89,83.93,97.0
1988-08-01,95.76,88.19,33.75,99.81
1988-09-01,84.26,81.6,28.61,87.9
1988-10-01,69.4,71.85,22.0,72.5
1988-11-01,73.04,76.16,21.61,76.4
1988-12-01,89.26,99.75,8.42,94.55
1989-01-01,84.99,91.0,22.79,89.05
1989-02-01,83.12,96.57,14.31,87.62
1989-03-01,82.99,87.45,23.2,86.9
1989-04-01,83.82,95.47,29.36,87.39
1989-05-01,95.87,109.19,15.53,101.12
1989-06-01,98.69,103.61,54.1,101.61
1989-07-01,71.44,80.38,5.91,75.73
1989-08-01,91.44,106.69,36.54,95.03
1989-09-01,82.62,81.91,14.63,87.07
1989-10-01,70.46,75.88,18.2,73.88
1989-11-01,79.55,108.71,16.18,83.69
1989-12-01,109.23,125.78,22.68,114.89
1990-01-01,105.44,85.66,57.6,108.56
1990-02-01,96.62,84.77,30.11,100.97
1990-03-01,93.28,76.29,26.72,97.64
1990-04-01,97.01,87.69,142.13,94.06
1990-05-01,98.76,92.47,85.87,99.6
1990-06-01,89.86,83.27,66.79,91.36
1990-07-01,86.86,89.26,74.96,87.63
1990-08-01,204.1,230.7,1153.9,142.01
1990-09-01,150.69,174.36,450.11,131.11
1990-10-01,111.25,138.97,228.42,103.59
1990-11-01,124.26,159.06,239.12,116.75
1990-12-01,137.67,157.88,226.69,131.85
1991-01-01,259.57,302.52,699.12,230.83
1991-02-01,207.53,283.11,484.67,189.42
1991-03-01,116.74,145.34,239.61,108.71
1991-04-01,94.08,102.64,146.7,90.64
1991-05-01,88.52,93.24,60.16,90.38
1991-06-01,78.55,85.42,35.06,81.39
1991-07-01,93.95,106.81,90.82,94.16
1991-08-01,110.44,105.98,77.91,112.56
1991-09-01,103.19,109.88,66.15,105.61
1991-10-01,88.74,101.84,79.2,89.36
1991-11-01,93.67,90.22,146.36,90.23
1991-12-01,98.14,110.9,88.67,98.76
1992-01-01,98.34,103.73,75.58,99.82
1992-02-01,87.25,90.91,84.69,87.42
1992-03-01,83.72,83.66,67.33,84.79
1992-04-01,81.9,102.04,77.44,82.19
1992-05-01,88.84,89.55,152.22,84.7
1992-06-01,93.72,105.5,33.35,97.66
1992-07-01,95.97,86.78,89.74,96.38
1992-08-01,102.93,89.71,124.55,101.51
1992-09-01,87.87,85.51,31.48,91.56
1992-10-01,79.55,75.14,50.69,81.43
1992-11-01,99.22,111.49,194.39,92.99
1992-12-01,131.65,90.33,79.96,135.03
1993-01-01,110.43,133.41,170.8,106.49
1993-02-01,93.84,96.64,103.96,93.17
1993-03-01,116.68,99.47,142.73,114.98
1993-04-01,101.58,116.09,118.29,100.49
1993-05-01,103.53,108.19,129.81,101.82
1993-06-01,99.56,108.13,199.99,92.99
1993-07-01,110.0,129.25,157.24,106.91
1993-08-01,103.52,89.1,96.31,104.0
1993-09-01,101.28,94.86,133.54,99.17
1993-10-01,107.65,112.15,221.19,100.22
1993-11-01,86.08,88.6,255.15,75.03
1993-12-01,90.48,84.93,100.05,89.85
1994-01-01,91.45,86.65,90.44,91.52
1994-02-01,107.13,136.34,69.41,109.6
1994-03-01,106.68,103.92,50.08,110.39
1994-04-01,113.75,106.31,68.63,116.7
1994-05-01,101.08,120.7,259.15,90.75
1994-06-01,92.59,128.86,122.73,90.62
1994-07-01,109.62,116.78,129.94,108.29
1994-08-01,102.6,94.5,102.28,102.62
1994-09-01,102.69,95.62,67.35,105.0
1994-10-01,89.16,100.19,205.13,81.57
1994-11-01,78.38,92.68,75.33,78.58
1994-12-01,101.61,110.55,253.38,91.68
1995-01-01,86.91,77.96,164.54,81.83
1995-02-01,86.42,78.29,126.89,83.77
1995-03-01,79.63,78.65,123.29,76.78
1995-04-01,100.37,108.92,108.32,99.85
1995-05-01,87.93,84.96,82.42,88.29
1995-06-01,93.55,103.1,89.81,93.79
1995-07-01,88.17,100.98,71.7,89.25
1995-08-01,95.02,105.15,104.14,94.43
1995-09-01,79.09,66.7,48.68,81.07
1995-10-01,60.97,56.54,73.76,60.13
1995-11-01,80.19,63.47,117.92,77.72
1995-12-01,81.64,65.69,62.89,82.87
1996-01-01,72.13,71.75,84.16,71.35
1996-02-01,80.54,72.22,99.87,79.28
1996-03-01,82.53,71.46,64.5,83.7
1996-04-01,93.98,69.96,92.81,94.05
1996-05-01,74.66,58.98,68.2,75.09
1996-06-01,79.42,62.08,81.52,79.28
1996-07-01,95.28,70.88,105.96,94.58
1996-08-01,80.41,72.44,137.63,76.67
1996-09-01,91.72,81.75,241.94,81.9
1996-10-01,68.06,47.6,62.02,68.45
1996-11-01,76.27,56.27,75.39,76.33
1996-12-01,86.75,69.27,49.62,89.18
1997-01-01,77.43,51.51,9.94,81.84
1997-02-01,75.25,49.74,26.91,78.41
1997-03-01,90.82,60.96,27.63,94.95
1997-04-01,83.08,61.38,31.34,86.46
1997-05-01,76.53,55.66,36.72,79.13
1997-06-01,69.02,38.23,26.01,71.83
1997-07-01,74.38,39.7,13.68,78.35
1997-08-01,71.46,44.8,14.46,75.19
1997-09-01,60.29,40.32,27.7,62.43
1997-10-01,61.78,46.45,69.0,61.3
1997-11-01,72.42,62.26,122.43,69.15
1997-12-01,70.33,42.01,39.1,72.37
1998-01-01,75.52,43.51,58.88,76.61
1998-02-01,95.13,65.43,116.68,93.72
1998-03-01,67.63,56.04,33.6,69.86
1998-04-01,64.91,40.69,20.49,67.81
1998-05-01,90.54,75.19,70.28,91.87
1998-06-01,91.11,70.92,52.8,93.61
1998-07-01,73.24,56.41,48.75,74.85
1998-08-01,120.18,89.15,125.18,119.85
1998-09-01,75.95,65.54,47.56,77.81
1998-10-01,78.44,47.18,56.28,79.89
1998-11-01,81.35,65.83,63.76,82.5
1998-12-01,93.24,66.85,108.86,92.22
1999-01-01,76.8,56.67,60.75,77.85
1999-02-01,78.43,47.82,49.43,80.33
1999-03-01,112.96,90.98,62.71,116.24
1999-04-01,162.66,106.21,197.25,160.39
1999-05-01,124.43,93.41,56.56,128.87
1999-06-01,111.86,86.26,30.8,117.16
1999-07-01,90.36,56.54,31.37,94.22
1999-08-01,79.68,57.93,23.83,83.33
1999-09-01,83.14,68.34,85.24,83.0
1999-10-01,72.53,65.25,44.87,74.34
1999-11-01,71.17,56.13,54.4,72.26
1999-12-01,90.5,88.79,64.24,92.21
2000-01-01,71.79,63.75,33.87,74.27
2000-02-01,79.49,66.01,62.16,80.62
2000-03-01,64.15,48.0,24.89,66.72
2000-04-01,65.3,46.31,28.52,67.71
2000-05-01,76.38,69.73,34.63,79.11
2000-06-01,71.29,56.42,17.51,74.81
2000-07-01,61.16,42.59,9.22,64.56
2000-08-01,54.74,40.24,15.64,57.3
2000-09-01,56.8,51.05,36.13,58.15
2000-10-01,85.32,66.97,102.1,84.22
2000-11-01,50.65,41.16,30.62,51.96
2000-12-01,55.69,42.47,31.11,57.29
2001-01-01,53.15,44.4,43.61,53.77
2001-02-01,61.07,39.35,40.63,62.41
2001-03-01,61.54,46.18,38.51,63.05
2001-04-01,74.66,43.38,32.3,77.43
2001-05-01,70.8,55.46,32.67,73.29
2001-06-01,76.1,62.56,44.06,78.2
2001-07-01,77.52,56.45,23.91,81.03
2001-08-01,70.26,53.12,23.52,73.32
2001-09-01,262.59,331.45,163.78,269.05
2001-10-01,243.16,336.94,127.21,250.75
2001-11-01,187.45,231.73,63.01,195.59
2001-12-01,156.47,187.58,54.21,163.16
2002-01-01,112.13,142.61,30.98,117.44
2002-02-01,110.92,116.77,62.33,114.09
2002-03-01,122.56,129.7,53.08,127.1
2002-04-01,134.07,122.62,124.11,134.72
2002-05-01,117.75,131.69,40.02,122.83
2002-06-01,116.33,118.76,34.54,121.68
2002-07-01,97.58,102.05,34.62,101.69
2002-08-01,106.32,96.24,93.95,107.13
2002-09-01,135.03,125.87,114.83,136.35
2002-10-01,142.94,135.15,202.58,139.04
2002-11-01,121.9,133.67,122.98,121.83
2002-12-01,126.92,130.1,212.24,121.34
2003-01-01,138.18,154.83,210.85,133.43
2003-02-01,166.03,163.35,257.53,160.05
2003-03-01,245.09,277.55,515.34,227.42
2003-04-01,199.99,239.28,264.02,195.8
2003-05-01,111.87,148.67,90.26,113.28
2003-06-01,108.87,141.21,80.7,110.71
2003-07-01,109.48,138.11,67.95,112.2
2003-08-01,105.33,128.48,122.14,104.23
2003-09-01,102.33,118.04,58.41,105.2
2003-10-01,89.2,106.37,56.41,91.34
2003-11-01,101.71,111.86,95.92,102.09
2003-12-01,109.31,127.92,80.77,111.18
2004-01-01,85.5,105.97,73.17,86.31
2004-02-01,92.3,119.24,46.38,95.3
2004-03-01,103.7,119.96,65.19,106.22
2004-04-01,116.01,133.49,98.34,117.16
2004-05-01,120.21,121.78,116.77,120.44
2004-06-01,110.56,135.92,150.61,107.94
2004-07-01,97.74,133.2,84.11,98.63
2004-08-01,110.78,139.84,107.12,111.02
2004-09-01,107.09,146.85,114.28,106.62
2004-10-01,91.02,115.26,52.78,93.52
2004-11-01,101.95,127.0,80.33,103.37
2004-12-01,90.35,94.75,65.83,91.96
2005-01-01,82.01,93.85,48.24,84.21
2005-02-01,77.8,132.86,76.96,77.85
2005-03-01,75.08,106.62,61.87,75.94
2005-04-01,62.75,104.14,76.8,61.83
2005-05-01,78.13,116.24,72.07,78.53
2005-06-01,72.47,101.24,81.57,71.88
2005-07-01,99.25,165.81,63.96,101.56
2005-08-01,87.08,120.0,141.22,83.54
2005-09-01,59.23,120.34,89.79,57.23
2005-10-01,64.8,107.11,77.09,63.99
2005-11-01,71.81,95.06,68.2,72.04
2005-12-01,81.18,115.23,79.86,81.27
2006-01-01,73.17,112.34,128.45,69.55
2006-02-01,81.69,101.14,141.25,77.79
2006-03-01,75.78,121.57,117.51,73.05
2006-04-01,76.69,99.4,153.25,71.68
2006-05-01,79.25,111.25,109.0,77.31
2006-06-01,85.79,121.73,95.37,85.16
2006-07-01,118.35,151.22,172.64,114.8
2006-08-01,122.28,153.18,182.4,118.34
2006-09-01,97.05,142.36,112.01,96.07
2006-10-01,90.43,129.98,132.65,87.67
2006-11-01,90.63,107.42,98.45,90.12
2006-12-01,99.78,112.14,122.71,98.28
2007-01-01,93.93,121.9,112.58,92.71
2007-02-01,88.82,123.55,129.35,86.17
2007-03-01,78.28,101.97,59.37,79.52
2007-04-01,85.3,100.85,122.88,82.85
2007-05-01,98.17,120.77,140.17,95.42
2007-06-01,91.0,126.9,130.66,88.41
2007-07-01,95.08,118.04,107.85,94.25
2007-08-01,73.13,90.03,111.14,70.64
2007-09-01,83.58,121.99,79.11,83.87
2007-10-01,77.13,122.87,135.21,73.34
2007-11-01,77.63,103.91,87.41,76.99
2007-12-01,80.53,102.74,125.39,77.6
2008-01-01,81.59,97.08,86.66,81.25
2008-02-01,87.03,105.3,104.4,85.89
2008-03-01,84.04,92.75,68.1,85.08
2008-04-01,80.14,89.59,44.82,82.45
2008-05-01,75.71,81.87,82.04,75.29
2008-06-01,80.42,89.94,90.15,79.78
2008-07-01,88.09,92.78,67.37,89.45
2008-08-01,98.92,88.09,154.72,95.28
2008-09-01,80.21,92.65,113.98,78.0
2008-10-01,64.95,68.91,74.91,64.3
2008-11-01,76.68,78.96,85.72,76.09
2008-12-01,92.53,100.61,96.04,92.3
2009-01-01,85.32,79.25,72.47,86.16
2009-02-01,77.27,81.82,43.72,79.47
2009-03-01,80.42,69.96,36.82,83.27
2009-04-01,81.18,81.96,39.82,83.88
2009-05-01,84.84,89.61,50.93,87.06
2009-06-01,96.27,76.26,63.63,98.41
2009-07-01,88.88,74.84,72.6,89.94
2009-08-01,86.3,67.11,48.6,88.77
2009-09-01,91.3,83.29,59.52,93.38
2009-10-01,88.44,88.46,44.05,91.34
2009-11-01,86.8,73.2,47.93,89.34
2009-12-01,100.79,93.71,94.01,101.23
2010-01-01,104.68,98.33,88.39,105.75
2010-02-01,95.17,91.63,80.96,96.1
2010-03-01,93.46,74.67,53.0,96.11
2010-04-01,91.49,91.6,64.46,93.25
2010-05-01,109.31,111.21,71.14,111.8
2010-06-01,106.34,122.46,65.95,108.98
2010-07-01,97.73,82.25,84.17,98.62
2010-08-01,96.3,92.56,54.42,99.04
2010-09-01,91.95,80.5,57.11,94.23
2010-10-01,85.75,71.03,83.32,85.9
2010-11-01,105.44,105.2,56.24,108.66
2010-12-01,102.88,101.55,52.69,106.16
2011-01-01,104.25,87.25,95.81,104.8
2011-02-01,132.47,89.49,213.59,127.16
2011-03-01,143.18,124.51,319.11,131.68
2011-04-01,123.0,94.69,173.67,119.69
2011-05-01,125.6,116.35,159.46,123.39
2011-06-01,117.71,99.01,192.45,112.82
2011-07-01,100.63,86.27,104.18,100.4
2011-08-01,101.45,92.12,150.26,98.26
2011-09-01,111.15,95.41,122.79,110.39
2011-10-01,99.51,87.3,87.6,100.29
2011-11-01,100.94,89.33,104.19,100.72
2011-12-01,107.82,95.35,170.67,103.71
2012-01-01,96.3,85.2,213.08,88.67
2012-02-01,105.68,100.53,183.29,100.6
2012-03-01,104.79,94.73,135.18,102.8
2012-04-01,91.57,97.81,125.07,89.38
2012-05-01,104.46,84.68,103.26,104.54
2012-06-01,91.42,76.69,119.82,89.57
2012-07-01,90.63,86.01,115.93,88.98
2012-08-01,87.34,85.97,113.2,85.65
2012-09-01,101.94,74.39,97.48,102.23
2012-10-01,92.63,88.47,97.06,92.34
2012-11-01,79.74,80.35,54.87,81.36
2012-12-01,84.33,80.47,117.3,82.17
2013-01-01,89.21,88.29,87.55,89.32
2013-02-01,86.96,91.98,83.04,87.21
2013-03-01,83.03,67.79,83.79,82.98
2013-04-01,109.99,92.51,75.69,112.23
2013-05-01,93.34,92.31,63.15,95.32
2013-06-01,88.76,87.57,71.89,89.87
2013-07-01,81.37,73.78,89.49,80.84
2013-08-01,106.65,92.57,107.64,106.59
2013-09-01,118.48,103.6,112.09,118.89
2013-10-01,88.12,84.08,79.19,88.71
2013-11-01,89.34,90.0,63.54,91.02
2013-12-01,92.9,86.93,160.59,88.47
2014-01-01,99.21,86.61,94.73,99.51
2014-02-01,98.96,79.35,101.43,98.8
2014-03-01,127.36,117.85,179.85,123.93
2014-04-01,100.67,97.37,131.21,98.67
2014-05-01,105.86,90.29,188.9,100.43
2014-06-01,124.05,101.66,162.76,121.52
2014-07-01,143.14,124.84,217.67,138.27
2014-08-01,131.36,118.29,164.52,129.19
2014-09-01,138.7,127.2,216.97,133.58
2014-10-01,105.47,85.65,121.78,104.41
2014-11-01,94.14,84.13,104.31,93.48
2014-12-01,115.05,83.34,159.25,112.16
2015-01-01,127.56,115.04,142.01,126.62
2015-02-01,117.94,117.55,202.91,112.38
2015-03-01,112.11,110.33,147.23,109.81
2015-04-01,111.91,115.33,130.2,110.71
2015-05-01,103.42,85.84,105.31,103.29
2015-06-01,105.4,91.05,94.61,106.11
2015-07-01,119.21,114.5,77.91,121.91
2015-08-01,104.05,95.03,100.23,104.3
2015-09-01,114.93,115.62,81.02,117.15
2015-10-01,103.79,105.93,84.83,105.03
2015-11-01,154.83,146.88,120.83,157.05
2015-12-01,139.17,159.86,130.62,139.72
2016-01-01,117.86,116.2,136.52,116.64
2016-02-01,96.14,94.25,92.43,96.39
2016-03-01,109.98,115.15,71.62,112.49
2016-04-01,88.85,100.52,92.46,88.62
2016-05-01,82.07,92.86,80.02,82.2
2016-06-01,102.62,84.58,38.31,106.82
2016-07-01,119.38,108.06,68.78,122.69
2016-08-01,94.89,94.69,55.87,97.45
2016-09-01,106.37,112.4,88.97,107.51
2016-10-01,90.12,92.99,37.66,93.55
2016-11-01,91.33,91.22,40.93,94.62
2016-12-01,133.27,101.78,93.99,135.84
2017-01-01,114.25,107.21,76.26,116.74
2017-02-01,126.44,125.88,62.27,130.64
2017-03-01,109.7,98.87,43.21,114.05
2017-04-01,133.37,116.58,81.54,136.76
2017-05-01,121.85,98.39,52.63,126.37
2017-06-01,120.42,135.6,65.4,124.01
2017-07-01,110.93,107.93,119.19,110.39
2017-08-01,127.5,142.45,107.55,128.8
2017-09-01,98.62,117.71,153.23,95.05
2017-10-01,107.23,95.2,88.26,108.47
2017-11-01,98.14,76.01,84.37,99.04
2017-12-01,96.78,81.61,80.39,97.85
2018-01-01,98.07,87.62,59.24,100.61
2018-02-01,91.56,74.97,57.93,93.76
2018-03-01,121.87,96.12,103.18,123.09
2018-04-01,115.59,94.01,63.46,119.0
2018-05-01,117.29,103.17,98.64,118.51
2018-06-01,107.09,97.13,43.39,111.25
2018-07-01,120.03,87.54,83.91,122.39
2018-08-01,97.8,93.64,106.0,97.26
2018-09-01,82.77,64.15,67.67,83.75
2018-10-01,114.17,74.35,107.11,114.63
2018-11-01,94.73,64.78,77.45,95.86
2018-12-01,105.94,76.18,78.61,107.73
2019-01-01,107.0,83.53,126.68,105.71
2019-02-01,98.23,94.83,97.29,98.29
2019-03-01,99.74,81.71,97.48,99.89
2019-04-01,96.67,73.39,125.08,94.82
2019-05-01,108.75,94.34,147.48,106.22
2019-06-01,113.23,93.91,218.14,106.37
2019-07-01,101.63,87.84,145.86,98.74
2019-08-01,139.81,121.52,128.29,140.56
2019-09-01,105.07,86.3,248.47,95.69
2019-10-01,124.81,90.59,145.62,123.45
2019-11-01,98.24,80.63,86.78,98.99
2019-12-01,96.49,64.8,88.66,97.0
2020-01-01,146.39,127.37,298.92,136.42
2020-02-01,87.73,79.9,82.47,88.07
2020-03-01,61.93,101.26,44.85,63.05
2020-04-01,42.36,83.85,30.06,43.17
2020-05-01,63.57,89.14,61.5,63.71
2020-06-01,63.83,66.68,43.13,65.18
2020-07-01,73.02,66.61,61.61,73.76
2020-08-01,79.64,60.37,63.56,80.69
2020-09-01,78.64,70.23,43.91,80.91
2020-10-01,68.29,68.61,45.45,69.78
2020-11-01,65.07,62.54,49.62,66.08
2020-12-01,72.59,70.67,30.88,75.31
2021-01-01,80.75,78.22,25.76,84.35
2021-02-01,74.85,67.36,15.32,78.74
2021-03-01,79.37,69.35,63.47,80.41
2021-04-01,78.84,78.42,33.27,81.82
2021-05-01,91.65,94.32,47.19,94.56
2021-06-01,75.52,75.15,33.52,78.27
2021-07-01,81.83,60.73,42.8,84.38
2021-08-01,131.44,76.01,27.93,138.2
2021-09-01,96.74,81.23,20.05,101.76
2021-10-01,78.64,66.86,36.86,81.38
2021-11-01,80.22,65.86,40.16,82.84
2021-12-01,82.46,87.32,51.49,84.49
2022-01-01,99.78,113.37,126.94,98.0
2022-02-01,187.43,158.66,411.31,172.79
2022-03-01,318.93,218.38,736.13,291.65
2022-04-01,211.9,164.0,366.61,201.78
2022-05-01,153.44,127.43,258.88,146.55
2022-06-01,142.16,122.37,243.27,135.55
2022-07-01,144.37,122.4,205.54,140.37
2022-08-01,162.19,148.07,132.29,164.15
2022-09-01,141.02,142.1,195.38,137.47
2022-10-01,153.47,154.69,229.81,148.48
2022-11-01,137.04,120.0,136.17,137.1
2022-12-01,144.59,119.95,129.52,145.57
2023-01-01,119.94,102.66,55.0,124.19
2023-02-01,157.36,122.7,156.91,157.39
2023-03-01,132.63,120.66,93.95,135.16
2023-04-01,134.28,112.46,123.22,135.0
2023-05-01,119.75,109.13,99.81,121.05
2023-06-01,123.59,122.81,92.09,125.65
2023-07-01,124.44,119.48,72.53,127.83
2023-08-01,112.79,96.07,146.71,110.58
2023-09-01,117.35,88.54,87.43,119.3
2023-10-01,242.19,184.25,321.19,237.03
2023-11-01,193.7,179.63,115.88,198.78
2023-12-01,173.86,163.99,184.15,173.18
2024-01-01,161.94,169.48,216.14,158.4
2024-02-01,174.52,155.1,147.24,176.31
2024-03-01,142.41,139.35,101.9,145.06
2024-04-01,172.93,158.51,193.15,171.6
2024-05-01,174.4,151.02,143.65,176.41
2024-06-01,128.28,123.71,76.76,131.65
2024-07-01,138.87,99.2,130.28,139.44
2024-08-01,163.36,153.68,240.59,158.31
2024-09-01,163.06,135.44,170.45,162.58
2024-10-01,163.78,128.45,278.7,156.26
2024-11-01,141.74,141.1,155.51,140.83
2024-12-01,170.84,167.07,187.66,169.74
2025-01-01,168.78,133.97,166.6,168.92
2025-02-01,181.79,124.49,151.98,183.74
2025-03-01,187.92,163.34,177.96,188.57
2025-04-01,179.63,158.22,124.06,183.27
2025-05-01,172.98,184.58,117.82,176.59
2025-06-01,212.69,205.37,444.64,197.52
2025-07-01,151.5,139.66,177.73,149.79
2025-08-01,154.08,151.32,168.78,153.12
2025-09-01,164.41,145.21,163.08,164.5
2025-10-01,174.93,173.66,197.29,173.46
2025-11-01,132.3,112.8,162.59,130.31
2025-12-01,163.92,152.8,202.27,161.41
2026-01-01,198.68,182.01,662.67,168.34
2026-02-01,145.92,140.81,255.03,138.79
2026-03-01,282.18,343.43,1812.43,182.13
