Date,GPR_AI,GPR_AER,GPR_OIL
1960-01-01,116.35,83.01,38.7
1960-02-01,129.76,115.2,97.43
1960-03-01,112.5,90.54,32.93
1960-04-01,120.21,111.91,34.79
1960-05-01,153.26,127.65,5.93
1960-06-01,140.76,108.1,42.08
1960-07-01,159.29,104.12,28.36
1960-08-01,166.46,122.4,67.34
1960-09-01,156.08,115.62,38.08
1960-10-01,155.37,125.26,0.0
1960-11-01,133.09,114.56,54.85
1960-12-01,141.75,111.86,62.61
1961-01-01,140.79,112.99,19.88
1961-02-01,141.19,102.01,31.04
1961-03-01,147.89,118.04,41.81
1961-04-01,193.68,173.82,22.23
1961-05-01,167.2,137.59,47.68
1961-06-01,164.5,131.37,71.37
1961-07-01,199.85,181.31,203.21
1961-08-01,218.98,216.76,92.36
1961-09-01,224.58,234.59,59.99
1961-10-01,191.88,166.74,27.81
1961-11-01,187.59,165.05,64.54
1961-12-01,197.93,181.29,117.0
1962-01-01,148.04,136.09,18.99
1962-02-01,151.53,141.52,41.97
1962-03-01,152.66,156.55,81.93
1962-04-01,145.71,146.38,6.26
1962-05-01,150.51,138.41,55.82
1962-06-01,133.79,120.92,30.06
1962-07-01,134.1,115.95,22.96
1962-08-01,134.9,98.97,23.13
1962-09-01,160.02,137.06,35.9
1962-10-01,245.7,295.33,131.32
1962-11-01,190.24,217.41,127.54
1962-12-01,176.45,184.05,131.6
1963-01-01,167.09,150.87,85.23
1963-02-01,178.58,188.22,173.37
1963-03-01,157.65,144.17,272.66
1963-04-01,142.06,142.55,50.91
1963-05-01,134.02,127.98,18.28
1963-06-01,123.63,108.63,81.79
1963-07-01,146.33,149.99,47.97
1963-08-01,147.65,161.82,68.77
1963-09-01,149.26,126.05,0.0
1963-10-01,136.06,132.8,49.05
1963-11-01,125.88,124.15,42.2
1963-12-01,110.09,92.55,16.66
1964-01-01,140.23,89.53,15.57
1964-02-01,152.74,102.21,91.88
1964-03-01,133.47,95.83,33.75
1964-04-01,126.81,95.0,16.87
1964-05-01,150.98,98.16,57.8
1964-06-01,145.47,126.83,43.74
1964-07-01,157.08,152.05,27.52
1964-08-01,174.69,160.77,121.89
1964-09-01,141.54,118.48,46.6
1964-10-01,123.57,126.58,0.0
1964-11-01,141.73,112.42,5.96
1964-12-01,131.18,124.37,104.11
1965-01-01,115.87,86.71,27.49
1965-02-01,174.19,114.06,0.0
1965-03-01,152.36,97.09,87.85
1965-04-01,155.92,108.53,41.64
1965-05-01,182.81,139.76,55.87
1965-06-01,156.48,125.55,52.78
1965-07-01,153.71,138.3,118.22
1965-08-01,162.4,134.62,28.49
1965-09-01,201.89,201.87,95.55
1965-10-01,156.77,143.49,11.38
1965-11-01,158.13,123.32,69.63
1965-12-01,167.51,157.88,44.43
1966-01-01,149.85,132.14,34.15
1966-02-01,162.65,142.66,53.22
1966-03-01,143.65,109.2,70.05
1966-04-01,140.5,112.26,142.94
1966-05-01,137.8,116.93,28.98
1966-06-01,137.17,106.64,131.23
1966-07-01,161.14,135.17,278.73
1966-08-01,137.46,117.01,134.61
1966-09-01,138.21,103.92,34.59
1966-10-01,144.02,113.12,104.34
1966-11-01,127.71,112.49,52.6
1966-12-01,143.09,120.03,109.65
1967-01-01,141.37,102.66,162.04
1967-02-01,142.72,124.11,38.86
1967-03-01,143.16,143.23,50.15
1967-04-01,127.06,116.3,82.04
1967-05-01,186.12,161.36,276.45
1967-06-01,249.66,241.42,365.91
1967-07-01,192.02,194.98,201.45
1967-08-01,175.18,161.26,200.37
1967-09-01,146.68,126.82,71.63
1967-10-01,142.08,141.77,153.16
1967-11-01,156.65,131.31,116.35
1967-12-01,144.2,146.57,68.25
1968-01-01,185.51,155.76,72.09
1968-02-01,206.11,183.5,67.21
1968-03-01,158.68,148.41,87.23
1968-04-01,162.17,140.6,68.42
1968-05-01,137.1,120.34,102.14
1968-06-01,121.37,102.0,39.2
1968-07-01,165.85,137.67,34.33
1968-08-01,192.83,159.81,59.41
1968-09-01,162.2,149.7,41.48
1968-10-01,143.49,115.86,24.89
1968-11-01,149.02,113.52,12.67
1968-12-01,129.1,102.61,84.39
1969-01-01,135.21,128.7,53.68
1969-02-01,141.34,130.13,64.55
1969-03-01,162.82,167.27,194.44
1969-04-01,148.92,144.33,43.63
1969-05-01,128.05,110.47,96.08
1969-06-01,130.32,111.28,74.78
1969-07-01,140.74,118.28,73.44
1969-08-01,149.44,124.84,83.82
1969-09-01,144.19,112.79,109.48
1969-10-01,133.87,110.73,54.72
1969-11-01,129.55,134.03,56.02
1969-12-01,139.33,112.9,122.47
1970-01-01,110.3,120.85,47.59
1970-02-01,122.52,119.04,48.32
1970-03-01,139.82,115.57,56.88
1970-04-01,137.39,113.88,53.79
1970-05-01,179.03,159.85,72.7
1970-06-01,148.31,121.04,60.61
1970-07-01,141.0,141.74,66.63
1970-08-01,140.37,134.96,35.95
1970-09-01,192.96,224.07,31.05
1970-10-01,150.0,145.6,110.5
1970-11-01,118.86,94.07,39.29
1970-12-01,123.67,89.51,18.13
1971-01-01,123.09,110.23,127.58
1971-02-01,136.39,131.41,68.23
1971-03-01,141.05,113.79,47.71
1971-04-01,136.4,121.62,90.92
1971-05-01,123.76,94.47,13.27
1971-06-01,112.12,97.44,24.24
1971-07-01,131.83,119.2,69.84
1971-08-01,125.96,102.73,7.41
1971-09-01,125.49,102.16,63.26
1971-10-01,125.86,107.28,21.57
1971-11-01,127.81,114.95,0.0
1971-12-01,167.93,143.09,121.06
1972-01-01,143.61,117.38,55.86
1972-02-01,130.32,104.08,78.88
1972-03-01,127.17,86.04,34.68
1972-04-01,155.44,142.49,165.03
1972-05-01,180.27,168.47,101.39
1972-06-01,149.16,130.1,50.92
1972-07-01,127.16,104.47,61.51
1972-08-01,127.69,95.82,21.83
1972-09-01,150.45,137.64,53.34
1972-10-01,120.51,95.73,22.87
1972-11-01,115.51,91.33,17.14
1972-12-01,126.01,84.82,66.44
1973-01-01,114.1,82.61,40.07
1973-02-01,100.72,61.57,45.2
1973-03-01,101.45,80.55,20.38
1973-04-01,96.51,93.48,124.72
1973-05-01,86.21,74.89,72.72
1973-06-01,78.69,69.13,102.72
1973-07-01,94.11,80.62,75.83
1973-08-01,99.43,85.94,62.37
1973-09-01,97.82,82.32,18.74
1973-10-01,181.21,203.84,482.36
1973-11-01,120.37,140.95,291.09
1973-12-01,112.98,107.96,230.57
1974-01-01,98.96,99.81,52.49
1974-02-01,95.57,90.87,140.88
1974-03-01,91.39,99.62,82.59
1974-04-01,93.32,82.7,100.21
1974-05-01,90.82,80.64,155.94
1974-06-01,94.88,87.39,79.43
1974-07-01,104.23,106.38,61.4
1974-08-01,103.97,96.15,90.77
1974-09-01,82.77,67.98,56.64
1974-10-01,78.06,73.46,42.48
1974-11-01,92.29,88.66,146.62
1974-12-01,89.26,93.5,65.0
1975-01-01,100.52,93.11,318.35
1975-02-01,98.58,113.43,240.69
1975-03-01,122.88,113.03,232.68
1975-04-01,154.04,104.07,207.63
1975-05-01,107.39,89.36,89.02
1975-06-01,96.8,92.31,66.56
1975-07-01,101.38,107.17,89.2
1975-08-01,104.7,116.9,60.46
1975-09-01,103.48,85.81,107.65
1975-10-01,107.24,94.49,56.95
1975-11-01,101.57,91.06,85.59
1975-12-01,125.12,102.02,287.12
1976-01-01,113.47,103.17,170.57
1976-02-01,85.2,69.22,46.64
1976-03-01,98.97,89.0,57.17
1976-04-01,86.44,82.04,48.73
1976-05-01,80.14,82.37,46.06
1976-06-01,95.55,86.4,63.34
1976-07-01,98.02,101.57,144.2
1976-08-01,101.7,115.82,107.49
1976-09-01,97.67,89.39,77.53
1976-10-01,84.12,86.86,15.46
1976-11-01,82.21,72.21,40.57
1976-12-01,73.97,75.68,39.49
1977-01-01,71.52,72.16,0.0
1977-02-01,85.0,81.93,0.0
1977-03-01,90.71,79.79,51.09
1977-04-01,91.78,102.52,42.11
1977-05-01,84.77,97.84,16.47
1977-06-01,84.78,86.36,59.18
1977-07-01,98.31,101.55,115.46
1977-08-01,91.11,93.86,36.73
1977-09-01,84.07,85.21,69.21
1977-10-01,85.38,103.13,41.85
1977-11-01,89.81,93.42,39.5
1977-12-01,85.61,74.26,37.99
1978-01-01,85.83,84.46,27.48
1978-02-01,100.91,104.17,54.29
1978-03-01,105.61,129.76,10.55
1978-04-01,94.91,97.25,15.75
1978-05-01,113.33,146.53,97.38
1978-06-01,100.97,124.79,53.94
1978-07-01,91.81,109.38,35.09
1978-08-01,76.75,80.36,80.89
1978-09-01,94.53,90.36,102.11
1978-10-01,85.56,81.76,109.11
1978-11-01,100.64,97.02,109.81
1978-12-01,111.05,96.26,208.33
1979-01-01,115.52,107.71,241.77
1979-02-01,140.66,122.18,285.78
1979-03-01,119.26,115.15,113.39
1979-04-01,106.04,124.07,106.66
1979-05-01,94.35,100.33,49.41
1979-06-01,108.92,123.25,45.28
1979-07-01,96.51,108.19,112.74
1979-08-01,101.3,88.84,129.05
1979-09-01,103.39,99.77,39.87
1979-10-01,100.89,105.34,41.76
1979-11-01,147.54,113.09,227.39
1979-12-01,147.01,123.29,235.51
1980-01-01,188.77,195.49,358.42
1980-02-01,135.28,137.25,195.57
1980-03-01,112.48,115.33,37.0
1980-04-01,145.48,156.5,205.16
1980-05-01,121.04,112.57,106.9
1980-06-01,116.04,114.7,179.78
1980-07-01,102.3,88.52,104.86
1980-08-01,109.81,93.66,62.64
1980-09-01,134.04,138.73,564.18
1980-10-01,137.24,166.02,532.01
1980-11-01,107.14,125.17,215.64
1980-12-01,132.1,132.32,266.39
1981-01-01,107.46,141.53,126.8
1981-02-01,108.61,117.68,237.46
1981-03-01,104.68,107.49,137.77
1981-04-01,110.28,125.83,64.54
1981-05-01,115.52,132.94,82.6
1981-06-01,118.82,146.56,177.84
1981-07-01,104.81,102.1,89.46
1981-08-01,113.29,115.15,70.24
1981-09-01,114.4,113.79,115.86
1981-10-01,114.87,103.77,98.69
1981-11-01,108.24,136.76,26.54
1981-12-01,142.09,156.13,221.76
1982-01-01,110.47,136.29,47.85
1982-02-01,110.46,129.9,82.06
1982-03-01,117.66,154.63,67.72
1982-04-01,156.56,216.46,165.8
1982-05-01,153.07,194.8,209.99
1982-06-01,179.45,207.15,267.87
1982-07-01,138.43,161.18,141.94
1982-08-01,146.66,127.68,67.56
1982-09-01,123.0,114.03,77.2
1982-10-01,111.43,127.05,86.22
1982-11-01,103.74,128.58,96.94
1982-12-01,105.11,123.51,12.65
1983-01-01,88.89,111.49,37.77
1983-02-01,97.19,109.91,82.6
1983-03-01,94.13,103.49,54.51
1983-04-01,113.05,137.44,130.53
1983-05-01,99.26,123.93,114.29
1983-06-01,100.14,123.83,36.98
1983-07-01,108.67,113.44,54.93
1983-08-01,101.8,104.56,59.07
1983-09-01,137.83,154.58,78.83
1983-10-01,131.94,151.71,35.67
1983-11-01,129.9,168.05,67.11
1983-12-01,112.76,142.87,64.69
1984-01-01,96.8,120.96,52.7
1984-02-01,100.07,107.32,130.29
1984-03-01,91.28,103.08,159.48
1984-04-01,100.35,108.92,63.69
1984-05-01,94.08,114.57,210.33
1984-06-01,86.66,115.68,165.93
1984-07-01,69.93,85.01,31.02
1984-08-01,90.49,85.49,86.78
1984-09-01,102.97,110.06,61.76
1984-10-01,101.92,111.61,55.6
1984-11-01,112.49,113.26,69.19
1984-12-01,101.68,117.78,57.92
1985-01-01,97.78,95.89,73.92
1985-02-01,98.26,112.96,26.95
1985-03-01,112.17,127.19,78.59
1985-04-01,102.68,94.68,23.3
1985-05-01,109.76,105.63,128.32
1985-06-01,145.08,166.45,95.92
1985-07-01,120.03,142.1,95.62
1985-08-01,112.95,90.82,55.95
1985-09-01,118.92,111.59,98.95
1985-10-01,134.72,133.78,59.01
1985-11-01,123.56,117.54,59.77
1985-12-01,124.31,117.24,99.67
1986-01-01,117.77,143.47,151.15
1986-02-01,119.61,107.09,77.45
1986-03-01,119.87,109.22,48.14
1986-04-01,160.5,192.18,216.32
1986-05-01,124.66,126.86,52.22
1986-06-01,126.33,106.57,43.42
1986-07-01,121.84,97.98,37.12
1986-08-01,110.98,112.77,142.71
1986-09-01,128.31,125.32,68.35
1986-10-01,110.25,115.78,50.19
1986-11-01,114.84,129.14,107.61
1986-12-01,114.98,110.89,6.16
1987-01-01,111.39,107.72,105.37
1987-02-01,104.77,103.52,35.0
1987-03-01,95.62,96.68,83.9
1987-04-01,102.13,126.8,55.23
1987-05-01,101.83,99.63,232.1
1987-06-01,107.32,105.41,189.93
1987-07-01,108.53,111.4,242.35
1987-08-01,114.95,114.72,285.12
1987-09-01,105.72,131.98,268.43
1987-10-01,107.61,116.53,218.8
1987-11-01,100.44,111.22,37.46
1987-12-01,116.81,130.74,121.61
1988-01-01,105.0,94.38,84.56
1988-02-01,97.55,86.4,56.09
1988-03-01,115.39,115.48,115.88
1988-04-01,116.31,121.99,228.8
1988-05-01,98.36,113.22,47.54
1988-06-01,80.44,80.58,51.49
1988-07-01,96.2,90.89,79.77
1988-08-01,95.76,88.19,70.39
1988-09-01,84.26,81.6,19.74
1988-10-01,69.4,71.85,10.3
1988-11-01,73.04,76.16,57.79
1988-12-01,89.26,99.75,11.77
1989-01-01,84.99,91.0,64.21
1989-02-01,83.12,96.57,8.18
1989-03-01,82.99,87.45,28.5
1989-04-01,83.82,95.47,46.25
1989-05-01,95.87,109.19,23.19
1989-06-01,98.69,103.61,27.54
1989-07-01,71.44,80.38,12.76
1989-08-01,91.44,106.69,53.95
1989-09-01,82.62,81.91,0.0
1989-10-01,70.46,75.88,24.46
1989-11-01,79.55,108.71,7.43
1989-12-01,109.23,125.78,12.45
1990-01-01,105.44,85.66,48.71
1990-02-01,96.62,84.77,12.0
1990-03-01,93.28,76.29,0.0
1990-04-01,97.01,87.69,77.56
1990-05-01,98.76,92.47,20.95
1990-06-01,89.86,83.27,10.44
1990-07-01,86.86,89.26,56.41
1990-08-01,204.1,230.7,1321.23
1990-09-01,150.69,174.36,460.85
1990-10-01,111.25,138.97,208.63
1990-11-01,124.26,159.06,256.78
1990-12-01,137.67,157.88,305.23
1991-01-01,259.57,302.52,649.65
1991-02-01,207.53,283.11,619.38
1991-03-01,116.74,145.34,135.41
1991-04-01,94.08,102.64,153.22
1991-05-01,88.52,93.24,34.82
1991-06-01,78.55,85.42,31.95
1991-07-01,93.95,106.81,77.37
1991-08-01,110.44,105.98,11.6
1991-09-01,103.19,109.88,56.34
1991-10-01,88.74,101.84,49.6
1991-11-01,93.67,90.22,108.4
1991-12-01,98.14,110.9,29.56
1992-01-01,98.34,103.73,31.58
1992-02-01,87.25,90.91,88.26
1992-03-01,83.72,83.66,93.66
1992-04-01,81.9,102.04,99.34
1992-05-01,88.84,89.55,109.69
1992-06-01,93.72,105.5,38.54
1992-07-01,95.97,86.78,18.28
1992-08-01,102.93,89.71,45.95
1992-09-01,87.87,85.51,16.37
1992-10-01,79.55,75.14,15.3
1992-11-01,99.22,111.49,106.51
1992-12-01,131.65,90.33,83.7
1993-01-01,110.43,133.41,131.76
1993-02-01,93.84,96.64,71.91
1993-03-01,116.68,99.47,51.91
1993-04-01,101.58,116.09,102.82
1993-05-01,103.53,108.19,40.79
1993-06-01,99.56,108.13,100.75
1993-07-01,110.0,129.25,83.43
1993-08-01,103.52,89.1,70.14
1993-09-01,101.28,94.86,29.58
1993-10-01,107.65,112.15,164.84
1993-11-01,86.08,88.6,110.39
1993-12-01,90.48,84.93,21.58
1994-01-01,91.45,86.65,10.39
1994-02-01,107.13,136.34,13.01
1994-03-01,106.68,103.92,21.37
1994-04-01,113.75,106.31,24.25
1994-05-01,101.08,120.7,71.78
1994-06-01,92.59,128.86,81.16
1994-07-01,109.62,116.78,81.47
1994-08-01,102.6,94.5,67.44
1994-09-01,102.69,95.62,32.78
1994-10-01,89.16,100.19,124.18
1994-11-01,78.38,92.68,50.46
1994-12-01,101.61,110.55,96.54
1995-01-01,86.91,77.96,89.26
1995-02-01,86.42,78.29,76.3
1995-03-01,79.63,78.65,83.81
1995-04-01,100.37,108.92,44.17
1995-05-01,87.93,84.96,66.2
1995-06-01,93.55,103.1,19.13
1995-07-01,88.17,100.98,64.06
1995-08-01,95.02,105.15,111.57
1995-09-01,79.09,66.7,21.62
1995-10-01,60.97,56.54,47.46
1995-11-01,80.19,63.47,68.02
1995-12-01,81.64,65.69,15.67
1996-01-01,72.13,71.75,12.99
1996-02-01,80.54,72.22,48.8
1996-03-01,82.53,71.46,9.67
1996-04-01,93.98,69.96,28.41
1996-05-01,74.66,58.98,0.0
1996-06-01,79.42,62.08,49.64
1996-07-01,95.28,70.88,24.18
1996-08-01,80.41,72.44,44.1
1996-09-01,91.72,81.75,142.51
1996-10-01,68.06,47.6,30.22
1996-11-01,76.27,56.27,12.02
1996-12-01,86.75,69.27,27.48
1997-01-01,77.43,51.51,13.83
1997-02-01,75.25,49.74,11.94
1997-03-01,90.82,60.96,48.34
1997-04-01,83.08,61.38,0.0
1997-05-01,76.53,55.66,22.77
1997-06-01,69.02,38.23,9.14
1997-07-01,74.38,39.7,0.0
1997-08-01,71.46,44.8,26.6
1997-09-01,60.29,40.32,41.63
1997-10-01,61.78,46.45,101.73
1997-11-01,72.42,62.26,79.33
1997-12-01,70.33,42.01,25.85
1998-01-01,75.52,43.51,8.22
1998-02-01,95.13,65.43,150.93
1998-03-01,67.63,56.04,52.82
1998-04-01,64.91,40.69,28.35
1998-05-01,90.54,75.19,97.11
1998-06-01,91.11,70.92,88.33
1998-07-01,73.24,56.41,57.6
1998-08-01,120.18,89.15,102.4
1998-09-01,75.95,65.54,50.85
1998-10-01,78.44,47.18,73.99
1998-11-01,81.35,65.83,83.1
1998-12-01,93.24,66.85,60.74
1999-01-01,76.8,56.67,61.29
1999-02-01,78.43,47.82,75.43
1999-03-01,112.96,90.98,100.24
1999-04-01,162.66,106.21,173.48
1999-05-01,124.43,93.41,109.73
1999-06-01,111.86,86.26,81.29
1999-07-01,90.36,56.54,53.82
1999-08-01,79.68,57.93,42.18
1999-09-01,83.14,68.34,51.86
1999-10-01,72.53,65.25,46.13
1999-11-01,71.17,56.13,53.71
1999-12-01,90.5,88.79,31.86
2000-01-01,71.79,63.75,81.74
2000-02-01,79.49,66.01,80.58
2000-03-01,64.15,48.0,44.59
2000-04-01,65.3,46.31,21.53
2000-05-01,76.38,69.73,32.63
2000-06-01,71.29,56.42,15.88
2000-07-01,61.16,42.59,12.02
2000-08-01,54.74,40.24,0.0
2000-09-01,56.8,51.05,62.37
2000-10-01,85.32,66.97,101.97
2000-11-01,50.65,41.16,5.39
2000-12-01,55.69,42.47,35.64
2001-01-01,53.15,44.4,43.37
2001-02-01,61.07,39.35,26.49
2001-03-01,61.54,46.18,76.0
2001-04-01,74.66,43.38,0.0
2001-05-01,70.8,55.46,26.69
2001-06-01,76.1,62.56,58.92
2001-07-01,77.52,56.45,33.17
2001-08-01,70.26,53.12,23.69
2001-09-01,262.59,331.45,150.87
2001-10-01,243.16,336.94,192.2
2001-11-01,187.45,231.73,53.97
2001-12-01,156.47,187.58,96.42
2002-01-01,112.13,142.61,33.87
2002-02-01,110.92,116.77,107.86
2002-03-01,122.56,129.7,56.39
2002-04-01,134.07,122.62,126.76
2002-05-01,117.75,131.69,10.57
2002-06-01,116.33,118.76,15.61
2002-07-01,97.58,102.05,15.59
2002-08-01,106.32,96.24,110.59
2002-09-01,135.03,125.87,115.99
2002-10-01,142.94,135.15,224.55
2002-11-01,121.9,133.67,85.75
2002-12-01,126.92,130.1,264.54
2003-01-01,138.18,154.83,202.46
2003-02-01,166.03,163.35,170.08
2003-03-01,245.09,277.55,449.42
2003-04-01,199.99,239.28,289.69
2003-05-01,111.87,148.67,105.22
2003-06-01,108.87,141.21,73.24
2003-07-01,109.48,138.11,53.43
2003-08-01,105.33,128.48,129.21
2003-09-01,102.33,118.04,80.03
2003-10-01,89.2,106.37,68.22
2003-11-01,101.71,111.86,179.2
2003-12-01,109.31,127.92,60.02
2004-01-01,85.5,105.97,53.87
2004-02-01,92.3,119.24,45.82
2004-03-01,103.7,119.96,100.74
2004-04-01,116.01,133.49,189.92
2004-05-01,120.21,121.78,135.74
2004-06-01,110.56,135.92,210.07
2004-07-01,97.74,133.2,55.32
2004-08-01,110.78,139.84,94.64
2004-09-01,107.09,146.85,117.97
2004-10-01,91.02,115.26,50.51
2004-11-01,101.95,127.0,107.38
2004-12-01,90.35,94.75,56.46
2005-01-01,82.01,93.85,31.1
2005-02-01,77.8,132.86,67.84
2005-03-01,75.08,106.62,59.62
2005-04-01,62.75,104.14,94.61
2005-05-01,78.13,116.24,92.52
2005-06-01,72.47,101.24,95.01
2005-07-01,99.25,165.81,92.63
2005-08-01,87.08,120.0,118.18
2005-09-01,59.23,120.34,81.9
2005-10-01,64.8,107.11,44.53
2005-11-01,71.81,95.06,31.48
2005-12-01,81.18,115.23,60.84
2006-01-01,73.17,112.34,134.36
2006-02-01,81.69,101.14,179.34
2006-03-01,75.78,121.57,89.21
2006-04-01,76.69,99.4,84.18
2006-05-01,79.25,111.25,108.2
2006-06-01,85.79,121.73,51.55
2006-07-01,118.35,151.22,184.9
2006-08-01,122.28,153.18,147.74
2006-09-01,97.05,142.36,88.49
2006-10-01,90.43,129.98,149.71
2006-11-01,90.63,107.42,92.01
2006-12-01,99.78,112.14,75.59
2007-01-01,93.93,121.9,96.94
2007-02-01,88.82,123.55,98.56
2007-03-01,78.28,101.97,60.23
2007-04-01,85.3,100.85,144.23
2007-05-01,98.17,120.77,67.01
2007-06-01,91.0,126.9,104.18
2007-07-01,95.08,118.04,102.06
2007-08-01,73.13,90.03,114.21
2007-09-01,83.58,121.99,107.1
2007-10-01,77.13,122.87,128.24
2007-11-01,77.63,103.91,39.27
2007-12-01,80.53,102.74,116.04
2008-01-01,81.59,97.08,84.25
2008-02-01,87.03,105.3,35.64
2008-03-01,84.04,92.75,65.21
2008-04-01,80.14,89.59,39.72
2008-05-01,75.71,81.87,89.32
2008-06-01,80.42,89.94,46.55
2008-07-01,88.09,92.78,28.03
2008-08-01,98.92,88.09,187.52
2008-09-01,80.21,92.65,143.18
2008-10-01,64.95,68.91,59.33
2008-11-01,76.68,78.96,65.7
2008-12-01,92.53,100.61,119.42
2009-01-01,85.32,79.25,110.17
2009-02-01,77.27,81.82,24.88
2009-03-01,80.42,69.96,26.2
2009-04-01,81.18,81.96,23.54
2009-05-01,84.84,89.61,31.05
2009-06-01,96.27,76.26,36.32
2009-07-01,88.88,74.84,88.19
2009-08-01,86.3,67.11,64.22
2009-09-01,91.3,83.29,181.63
2009-10-01,88.44,88.46,40.35
2009-11-01,86.8,73.2,38.93
2009-12-01,100.79,93.71,131.72
2010-01-01,104.68,98.33,167.14
2010-02-01,95.17,91.63,46.07
2010-03-01,93.46,74.67,89.04
2010-04-01,91.49,91.6,80.38
2010-05-01,109.31,111.21,68.11
2010-06-01,106.34,122.46,50.64
2010-07-01,97.73,82.25,68.19
2010-08-01,96.3,92.56,51.57
2010-09-01,91.95,80.5,91.67
2010-10-01,85.75,71.03,175.43
2010-11-01,105.44,105.2,60.93
2010-12-01,102.88,101.55,101.73
2011-01-01,104.25,87.25,114.01
2011-02-01,132.47,89.49,234.67
2011-03-01,143.18,124.51,359.18
2011-04-01,123.0,94.69,162.37
2011-05-01,125.6,116.35,224.23
2011-06-01,117.71,99.01,206.79
2011-07-01,100.63,86.27,96.63
2011-08-01,101.45,92.12,148.31
2011-09-01,111.15,95.41,136.48
2011-10-01,99.51,87.3,123.04
2011-11-01,100.94,89.33,114.2
2011-12-01,107.82,95.35,194.19
2012-01-01,96.3,85.2,201.84
2012-02-01,105.68,100.53,276.62
2012-03-01,104.79,94.73,155.25
2012-04-01,91.57,97.81,161.08
2012-05-01,104.46,84.68,162.49
2012-06-01,91.42,76.69,95.27
2012-07-01,90.63,86.01,188.98
2012-08-01,87.34,85.97,121.54
2012-09-01,101.94,74.39,166.71
2012-10-01,92.63,88.47,77.25
2012-11-01,79.74,80.35,27.61
2012-12-01,84.33,80.47,147.2
2013-01-01,89.21,88.29,112.8
2013-02-01,86.96,91.98,107.48
2013-03-01,83.03,67.79,117.68
2013-04-01,109.99,92.51,97.43
2013-05-01,93.34,92.31,30.52
2013-06-01,88.76,87.57,90.52
2013-07-01,81.37,73.78,128.56
2013-08-01,106.65,92.57,195.02
2013-09-01,118.48,103.6,87.75
2013-10-01,88.12,84.08,157.65
2013-11-01,89.34,90.0,119.56
2013-12-01,92.9,86.93,153.13
2014-01-01,99.21,86.61,117.33
2014-02-01,98.96,79.35,76.84
2014-03-01,127.36,117.85,238.77
2014-04-01,100.67,97.37,187.73
2014-05-01,105.86,90.29,302.55
2014-06-01,124.05,101.66,184.48
2014-07-01,143.14,124.84,201.56
2014-08-01,131.36,118.29,193.74
2014-09-01,138.7,127.2,229.61
2014-10-01,105.47,85.65,101.96
2014-11-01,94.14,84.13,135.14
2014-12-01,115.05,83.34,104.95
2015-01-01,127.56,115.04,174.27
2015-02-01,117.94,117.55,116.39
2015-03-01,112.11,110.33,255.27
2015-04-01,111.91,115.33,175.1
2015-05-01,103.42,85.84,94.29
2015-06-01,105.4,91.05,141.81
2015-07-01,119.21,114.5,67.55
2015-08-01,104.05,95.03,162.02
2015-09-01,114.93,115.62,17.83
2015-10-01,103.79,105.93,115.4
2015-11-01,154.83,146.88,157.31
2015-12-01,139.17,159.86,164.56
2016-01-01,117.86,116.2,357.19
2016-02-01,96.14,94.25,171.45
2016-03-01,109.98,115.15,144.75
2016-04-01,88.85,100.52,90.41
2016-05-01,82.07,92.86,128.54
2016-06-01,102.62,84.58,18.57
2016-07-01,119.38,108.06,160.62
2016-08-01,94.89,94.69,55.59
2016-09-01,106.37,112.4,130.3
2016-10-01,90.12,92.99,55.07
2016-11-01,91.33,91.22,84.17
2016-12-01,133.27,101.78,178.64
2017-01-01,114.25,107.21,91.2
2017-02-01,126.44,125.88,55.61
2017-03-01,109.7,98.87,24.65
2017-04-01,133.37,116.58,108.01
2017-05-01,121.85,98.39,86.95
2017-06-01,120.42,135.6,46.74
2017-07-01,110.93,107.93,175.22
2017-08-01,127.5,142.45,179.63
2017-09-01,98.62,117.71,139.4
2017-10-01,107.23,95.2,99.23
2017-11-01,98.14,76.01,138.7
2017-12-01,96.78,81.61,87.56
2018-01-01,98.07,87.62,19.7
2018-02-01,91.56,74.97,73.0
2018-03-01,121.87,96.12,111.67
2018-04-01,115.59,94.01,121.24
2018-05-01,117.29,103.17,104.29
2018-06-01,107.09,97.13,34.38
2018-07-01,120.03,87.54,101.0
2018-08-01,97.8,93.64,107.64
2018-09-01,82.77,64.15,67.5
2018-10-01,114.17,74.35,79.96
2018-11-01,94.73,64.78,156.53
2018-12-01,105.94,76.18,180.27
2019-01-01,107.0,83.53,185.29
2019-02-01,98.23,94.83,146.36
2019-03-01,99.74,81.71,59.52
2019-04-01,96.67,73.39,179.05
2019-05-01,108.75,94.34,278.32
2019-06-01,113.23,93.91,266.8
2019-07-01,101.63,87.84,104.72
2019-08-01,139.81,121.52,150.34
2019-09-01,105.07,86.3,252.32
2019-10-01,124.81,90.59,105.63
2019-11-01,98.24,80.63,117.25
2019-12-01,96.49,64.8,80.21
2020-01-01,146.39,127.37,354.61
2020-02-01,87.73,79.9,138.38
2020-03-01,61.93,101.26,23.44
2020-04-01,42.36,83.85,16.09
2020-05-01,63.57,89.14,92.18
2020-06-01,63.83,66.68,38.02
2020-07-01,73.02,66.61,28.2
2020-08-01,79.64,60.37,137.87
2020-09-01,78.64,70.23,39.15
2020-10-01,68.29,68.61,106.35
2020-11-01,65.07,62.54,121.63
2020-12-01,72.59,70.67,38.25
2021-01-01,80.75,78.22,28.04
2021-02-01,74.85,67.36,45.65
2021-03-01,79.37,69.35,62.65
2021-04-01,78.84,78.42,18.89
2021-05-01,91.65,94.32,47.03
2021-06-01,75.52,75.15,0.0
2021-07-01,81.83,60.73,0.0
2021-08-01,131.44,76.01,22.59
2021-09-01,96.74,81.23,19.81
2021-10-01,78.64,66.86,37.77
2021-11-01,80.22,65.86,70.84
2021-12-01,82.46,87.32,25.83
2022-01-01,99.78,113.37,190.43
2022-02-01,187.43,158.66,668.35
2022-03-01,318.93,218.38,982.81
2022-04-01,211.9,164.0,551.86
2022-05-01,153.44,127.43,356.11
2022-06-01,142.16,122.37,262.09
2022-07-01,144.37,122.4,275.12
2022-08-01,162.19,148.07,94.96
2022-09-01,141.02,142.1,215.89
2022-10-01,153.47,154.69,320.43
2022-11-01,137.04,120.0,197.64
2022-12-01,144.59,119.95,190.33
2023-01-01,119.94,102.66,28.62
2023-02-01,157.36,122.7,301.52
2023-03-01,132.63,120.66,153.12
2023-04-01,134.28,112.46,95.74
2023-05-01,119.75,109.13,234.68
2023-06-01,123.59,122.81,160.79
2023-07-01,124.44,119.48,110.4
2023-08-01,112.79,96.07,274.98
2023-09-01,117.35,88.54,213.12
2023-10-01,242.19,184.25,428.42
2023-11-01,193.7,179.63,149.02
2023-12-01,173.86,163.99,296.37
2024-01-01,161.94,169.48,420.39
2024-02-01,174.52,155.1,388.18
2024-03-01,142.41,139.35,211.64
2024-04-01,172.93,158.51,471.37
2024-05-01,174.4,151.02,220.75
2024-06-01,128.28,123.71,112.85
2024-07-01,138.87,99.2,277.64
2024-08-01,163.36,153.68,464.57
2024-09-01,163.06,135.44,244.83
2024-10-01,163.78,128.45,505.41
2024-11-01,141.74,141.1,212.63
2024-12-01,170.84,167.07,124.79
2025-01-01,168.78,133.97,141.63
2025-02-01,181.79,124.49,414.9
2025-03-01,187.92,163.34,224.55
2025-04-01,179.63,158.22,116.92
2025-05-01,172.98,184.58,203.02
2025-06-01,212.69,205.37,958.63
2025-07-01,151.5,139.66,240.08
2025-08-01,154.08,151.32,330.34
2025-09-01,164.41,145.21,170.82
2025-10-01,174.93,173.66,193.2
2025-11-01,132.3,112.8,283.85
2025-12-01,163.92,152.8,431.56
