Date,GPR_AI,military_conflict,diplomatic_tension,terrorism,civil_war,nuclear_threat,coup,sanctions,other
1960-01-01,116.35,20.5764,36.2892,8.6047,26.001,22.634,1.1223,0.0,1.1223
1960-02-01,129.76,30.8754,44.6441,8.3447,5.0068,37.1339,0.6259,0.6259,2.5034
1960-03-01,112.5,19.1713,53.3006,6.9522,8.8483,21.6994,1.264,0.0,1.264
1960-04-01,120.21,16.846,55.7375,10.6068,16.846,17.6779,2.4957,0.0,0.0
1960-05-01,153.26,21.9583,103.5177,3.585,5.3775,15.6845,2.2406,0.0,0.8963
1960-06-01,140.76,28.8105,77.3768,12.3474,4.3216,11.1126,4.9389,0.6174,1.2347
1960-07-01,159.29,32.9425,85.8133,2.8469,18.437,14.37,1.6268,1.6268,1.6268
1960-08-01,166.46,26.3525,93.5514,4.6849,16.3971,9.2234,9.2234,4.8313,2.196
1960-09-01,156.08,21.0445,82.4243,5.2611,28.8109,5.3864,9.7707,1.879,1.5032
1960-10-01,155.37,33.2623,69.5883,12.2545,13.5675,17.5065,4.3766,4.3766,0.4377
1960-11-01,133.09,38.7143,43.3786,5.5972,19.1239,11.8164,11.1945,0.0,3.2651
1960-12-01,141.75,29.0805,45.2364,4.636,36.8072,15.3129,10.2555,0.0,0.4215
1961-01-01,140.79,44.335,53.0437,3.5626,21.5078,7.6531,7.5211,0.0,3.1668
1961-02-01,141.19,22.4501,73.3136,2.1047,29.6411,6.8403,4.7356,0.0,2.1047
1961-03-01,147.89,49.5589,52.2335,7.2372,26.5887,8.9678,1.416,0.944,0.944
1961-04-01,193.68,77.2955,61.7859,12.7355,19.7967,7.1873,13.3659,0.7566,0.7566
1961-05-01,167.2,48.6478,70.3324,10.6997,14.5515,9.9863,10.8423,0.428,1.7119
1961-06-01,164.5,29.3574,92.5005,5.9043,11.4806,15.9088,7.3804,0.0,1.9681
1961-07-01,199.85,68.8862,100.1253,6.408,5.607,15.0855,2.0025,0.0,1.7355
1961-08-01,218.98,46.9696,127.5797,7.7754,7.6167,21.898,5.7125,0.0,1.4281
1961-09-01,224.58,45.6578,72.7711,11.894,11.1267,75.8405,6.5225,0.0,0.7674
1961-10-01,191.88,49.7231,64.2575,4.9723,9.6896,59.7952,1.9124,0.3825,1.1475
1961-11-01,187.59,46.0448,68.8347,10.6973,14.7281,39.3784,6.5114,0.0,1.3953
1961-12-01,197.93,93.0271,63.6204,10.7448,10.6034,18.2378,0.4241,0.4241,0.8483
1962-01-01,148.04,49.3467,38.218,17.7179,20.9394,10.25,5.8572,4.3929,1.3179
1962-02-01,151.53,43.4169,44.7897,18.1905,21.9658,18.0189,1.0296,3.6038,0.5148
1962-03-01,152.66,49.1378,41.2041,12.9243,17.275,24.8248,6.5261,0.0,0.7678
1962-04-01,145.71,40.5336,28.1776,20.1915,7.2328,42.1911,5.4246,0.452,1.5068
1962-05-01,150.51,61.9372,31.3509,25.8709,11.0875,16.8225,0.7647,0.3823,2.294
1962-06-01,133.79,43.4967,35.5473,23.8482,9.8993,16.7987,1.7999,0.45,1.9499
1962-07-01,134.1,39.1605,40.4768,6.4171,15.9604,21.7193,7.8979,1.4809,0.9872
1962-08-01,134.9,35.1913,56.5342,10.7529,9.4495,15.9664,4.0731,2.4438,0.4888
1962-09-01,160.02,49.1709,53.8305,10.668,14.224,20.8455,7.9703,1.1036,2.2072
1962-10-01,245.7,69.2548,82.3779,7.2784,7.7195,69.0342,4.9625,2.9775,2.0953
1962-11-01,190.24,86.287,55.4015,6.4896,6.8501,31.967,1.0816,1.0816,1.0816
1962-12-01,176.45,71.8001,47.3975,2.0336,14.2349,33.4754,3.285,3.285,0.9386
1963-01-01,167.09,58.8012,53.9359,9.5917,15.8471,20.1564,7.5065,0.0,1.2511
1963-02-01,178.58,41.1615,67.9084,17.4576,5.7658,31.8721,10.0902,1.9219,2.4024
1963-03-01,157.65,28.1464,59.5866,19.3132,8.9829,30.8413,9.4321,0.4491,0.8983
1963-04-01,142.06,40.2974,44.3742,7.5264,27.5966,12.3871,7.9968,1.4112,0.4704
1963-05-01,134.02,33.8138,51.4155,5.0952,18.5281,16.3665,6.4848,0.9264,1.3896
1963-06-01,123.63,33.0898,39.383,14.4133,20.7065,12.3833,2.4361,0.0,1.218
1963-07-01,146.33,41.9742,60.7583,4.1742,14.8417,14.8417,6.9571,2.0871,0.6957
1963-08-01,147.65,52.2425,57.2445,6.6693,14.4501,11.4859,2.2231,0.5558,2.7789
1963-09-01,149.26,34.8989,71.7665,13.0647,10.2012,8.0536,8.0536,0.0,3.2214
1963-10-01,136.06,47.705,39.3062,8.7347,10.0785,10.9184,14.7818,2.0157,2.5196
1963-11-01,125.88,35.3743,41.2074,15.8056,4.5159,7.5265,19.757,1.129,0.5645
1963-12-01,110.09,30.2017,36.242,15.0034,15.1983,7.0146,2.9227,0.5845,2.9227
1964-01-01,140.23,43.3731,56.854,4.5425,14.2135,7.0335,14.2135,0.0,0.0
1964-02-01,152.74,51.004,64.4691,10.2008,12.921,4.6244,7.8886,0.8161,0.8161
1964-03-01,133.47,77.0682,33.5828,4.0185,11.0507,2.1527,4.3055,0.0,1.2916
1964-04-01,126.81,50.724,34.5041,5.3083,11.059,3.6863,20.6435,0.4424,0.4424
1964-05-01,150.98,86.4813,31.2831,9.0588,15.3396,3.7443,3.6235,0.3624,1.0871
1964-06-01,145.47,76.2047,41.3793,8.0959,13.2362,2.3131,1.5421,1.1566,1.5421
1964-07-01,157.08,72.7109,41.571,8.2835,19.4816,6.2893,1.8408,5.9825,0.9204
1964-08-01,174.69,119.5715,22.6697,4.0005,19.0025,2.667,6.1119,0.3334,0.3334
1964-09-01,141.54,65.3767,34.8588,5.9194,13.0227,12.4966,9.4711,0.0,0.3946
1964-10-01,123.57,38.4365,25.4558,10.452,10.1149,36.0764,1.5172,0.0,1.5172
1964-11-01,141.73,74.379,28.8438,3.0747,12.5917,12.2989,7.9064,0.4392,2.1962
1964-12-01,131.18,61.8721,29.1823,8.6986,15.5732,8.6986,4.209,0.0,2.9463
1965-01-01,115.87,57.5162,29.3165,5.0257,10.0514,9.7722,2.9317,0.4188,0.8376
1965-02-01,174.19,122.2052,25.5842,5.4434,5.9878,6.6682,6.5321,0.0,1.7691
1965-03-01,152.36,102.7198,31.2974,9.4007,3.0953,2.4075,1.7196,0.0,1.7196
1965-04-01,155.92,110.103,28.0585,6.0379,3.5517,3.3149,3.3149,0.0,1.5391
1965-05-01,182.81,116.6671,20.7066,8.1643,26.7411,8.046,1.7749,0.0,0.7099
1965-06-01,156.48,104.9839,20.4847,10.5268,9.3888,6.4015,2.9873,0.0,1.7071
1965-07-01,153.71,112.2919,14.6635,8.4894,8.4894,5.531,2.7012,0.3859,1.1576
1965-08-01,162.4,115.7562,27.3037,4.4084,11.0921,2.5597,0.4266,0.0,0.8532
1965-09-01,201.89,154.9216,30.3602,3.1735,5.395,3.5967,2.5388,0.6347,1.2694
1965-10-01,156.77,76.2094,34.6858,6.4647,9.6971,8.0809,18.6483,1.1189,1.8648
1965-11-01,158.13,94.4038,33.0487,4.1496,7.41,10.2258,4.8906,3.5568,0.4446
1965-12-01,167.51,104.7606,31.843,8.429,7.3587,5.0842,1.6055,6.0207,2.4083
1966-01-01,149.85,91.1129,33.0156,3.967,4.3509,6.1424,9.3416,0.3839,1.5356
1966-02-01,162.65,103.0541,29.3025,5.3792,6.087,8.2104,8.0688,0.4247,2.1234
1966-03-01,143.65,92.1078,26.0893,1.909,7.1586,4.9315,10.0221,0.9545,0.4772
1966-04-01,140.5,72.1449,27.0894,5.6144,17.4046,8.983,1.6843,6.3162,1.2632
1966-05-01,137.8,68.6345,26.02,5.5757,16.8599,13.8066,4.5137,0.7965,1.5931
1966-06-01,137.17,87.1374,23.1695,5.0368,11.2489,5.0368,4.5332,0.0,1.0074
1966-07-01,161.14,114.221,29.6128,3.8458,5.3842,4.615,2.6921,0.0,0.7692
1966-08-01,137.46,89.1477,20.2739,7.3331,6.9018,4.745,6.3266,0.8627,1.8692
1966-09-01,138.21,80.5462,27.9166,7.78,7.78,6.4071,4.5765,0.9153,2.2882
1966-10-01,144.02,79.1849,32.8741,7.5663,8.2185,11.0885,2.3482,0.0,2.7395
1966-11-01,127.71,91.3386,17.0918,5.3326,3.2816,8.6143,1.6408,0.4102,0.0
1966-12-01,143.09,92.6904,19.2117,4.8653,2.994,10.1049,2.2455,7.6098,3.3683
1967-01-01,141.37,86.5908,22.5717,5.5439,15.8398,5.6759,3.168,0.396,1.584
1967-02-01,142.72,82.4909,37.6622,3.6595,7.014,6.8615,2.7446,0.4574,1.8297
1967-03-01,143.16,99.2074,22.1856,5.4418,8.2324,3.3488,2.9302,0.0,1.8139
1967-04-01,127.06,82.9234,17.7884,6.1524,6.0186,4.9487,8.4261,0.0,0.8025
1967-05-01,186.12,116.7767,49.0146,5.0822,6.5503,5.1951,3.0493,0.4517,0.0
1967-06-01,249.66,176.8782,43.0575,2.2018,13.4555,7.8286,1.4679,3.3027,1.4679
1967-07-01,192.02,125.0598,24.6829,8.4808,24.5563,4.3037,0.7595,0.7595,3.4176
1967-08-01,175.18,102.9252,30.8085,8.2893,24.7297,3.3157,2.9012,0.8289,1.3815
1967-09-01,146.68,85.5984,22.6955,7.8453,14.0096,12.3284,0.8406,2.1014,1.2609
1967-10-01,142.08,101.4857,15.1552,10.2839,9.2014,2.9769,0.4059,0.8119,1.7591
1967-11-01,156.65,89.8242,27.4825,9.5465,10.8483,13.7412,3.9054,0.4339,0.8679
1967-12-01,144.2,95.8863,23.2676,5.3353,8.2993,8.2993,2.6676,0.0,0.4446
1968-01-01,185.51,114.0752,48.6443,6.6166,7.2293,6.3715,0.3676,0.0,2.2055
1968-02-01,206.11,157.8579,25.6705,4.7933,6.7106,9.48,0.6391,0.0,0.9587
1968-03-01,158.68,123.9529,17.4903,4.9429,5.7034,3.5488,1.5209,0.0,1.5209
1968-04-01,162.17,98.1197,41.0346,2.2713,10.1451,5.6025,2.2713,0.0,2.7255
1968-05-01,137.1,79.4743,38.5082,4.2332,12.8361,0.4097,0.0,0.8193,0.8193
1968-06-01,121.37,81.2923,23.4497,3.8372,5.1163,5.969,0.4264,0.4264,0.8527
1968-07-01,165.85,63.1877,50.6922,18.6013,23.9971,7.5257,1.4199,0.0,0.426
1968-08-01,192.83,127.9763,20.5408,12.9246,21.6948,5.5391,2.0772,0.0,2.0772
1968-09-01,162.2,102.0049,37.0432,7.3542,11.3036,2.8599,0.8171,0.0,0.8171
1968-10-01,143.49,78.2796,35.396,3.6757,9.802,8.1683,6.9431,0.0,1.2252
1968-11-01,149.02,83.6473,35.2121,13.3717,8.7659,5.3487,1.3372,0.0,1.3372
1968-12-01,129.1,79.6346,22.0527,9.8012,9.1886,4.7474,2.2972,0.9189,0.4594
1969-01-01,135.21,72.9135,33.256,12.6467,6.0891,5.6207,0.4684,1.4052,2.8104
1969-02-01,141.34,65.3739,36.2453,25.8185,6.4546,4.9651,0.4965,0.0,1.986
1969-03-01,162.82,105.1048,26.8468,4.8911,9.9996,12.3908,2.2825,0.3261,0.9782
1969-04-01,148.92,93.304,27.8734,5.4962,13.3478,6.9356,1.5703,0.0,0.3926
1969-05-01,128.05,75.8408,23.6315,5.6331,12.7775,7.694,0.8244,0.4122,1.2365
1969-06-01,130.32,73.3811,32.58,6.8509,7.4599,7.3077,0.4567,0.0,2.2836
1969-07-01,140.74,88.9583,25.4925,7.5681,11.2858,6.6387,0.3983,0.0,0.3983
1969-08-01,149.44,79.6924,29.6999,11.0199,19.2176,6.9882,0.8063,0.0,2.0158
1969-09-01,144.19,73.5432,21.2822,16.245,17.7561,8.1855,5.2891,0.0,1.889
1969-10-01,133.87,72.876,23.4471,5.8618,10.9314,12.1988,5.7033,0.4753,2.3764
1969-11-01,129.55,72.0736,25.5451,16.1177,6.8424,5.7781,0.4562,0.0,2.737
1969-12-01,139.33,87.0602,24.7063,14.1179,2.0168,4.3698,5.0421,0.0,2.0168
1970-01-01,110.3,69.0917,15.9158,5.9221,9.6235,7.1559,1.8507,0.0,0.7403
1970-02-01,122.52,69.6309,24.7323,17.8834,3.805,4.9465,0.3805,0.0,1.1415
1970-03-01,139.82,74.147,25.0873,26.5368,3.6795,3.0105,5.6865,0.0,1.6725
1970-04-01,137.39,89.5325,16.8303,15.6854,5.1521,6.4115,3.0913,0.0,0.6869
1970-05-01,179.03,143.7433,21.7149,6.8449,2.8324,2.4783,0.7081,0.0,0.7081
1970-06-01,148.31,97.2951,17.0444,18.8199,6.8651,4.7346,2.4856,0.0,1.0653
1970-07-01,141.0,77.7983,28.4408,17.1547,9.6307,5.7182,0.9029,0.4514,0.9029
1970-08-01,140.37,69.3486,28.1348,28.1348,5.9311,5.1707,0.4562,0.0,3.1937
1970-09-01,192.96,69.4705,41.9743,50.0041,26.8879,3.5283,0.365,0.0,0.73
1970-10-01,150.0,41.5828,39.5242,46.7978,9.8811,6.4501,4.1171,0.0,1.6468
1970-11-01,118.86,63.9355,21.0258,21.4549,3.0037,6.8656,1.2873,0.0,1.2873
1970-12-01,123.67,58.5805,31.6149,22.0064,6.5089,2.6346,0.4649,0.0,1.8597
1971-01-01,123.09,68.4169,27.6386,13.7438,6.9474,2.2655,3.1716,0.0,0.9062
1971-02-01,136.39,101.1119,18.0557,5.1389,6.2501,2.9167,1.6667,0.4167,0.8333
1971-03-01,141.05,79.6473,17.7413,15.099,17.8672,6.1654,3.0198,0.0,1.5099
1971-04-01,136.4,69.4076,21.3562,7.2459,30.7631,5.7204,0.0,0.3814,1.5254
1971-05-01,123.76,55.4522,28.2058,15.9257,14.1988,7.675,1.7269,0.0,0.5756
1971-06-01,112.12,68.6416,18.7928,10.989,9.2372,0.9556,0.4778,0.0,3.026
1971-07-01,131.83,61.2391,34.3904,8.5976,6.4859,4.0726,15.6869,0.4525,0.905
1971-08-01,125.96,58.7915,25.7403,10.5094,17.9725,4.2647,7.3109,0.4569,0.9139
1971-09-01,125.49,50.1305,25.5567,28.8332,11.6316,7.3721,1.4744,0.0,0.4915
1971-10-01,125.86,64.0798,28.514,11.191,8.1249,9.8113,1.8396,0.0,2.2995
1971-11-01,127.81,79.4458,16.4786,14.2011,10.4499,4.4211,0.8038,0.8038,1.2058
1971-12-01,167.93,124.793,18.3673,13.2245,5.4577,2.9388,0.6297,1.2595,1.2595
1972-01-01,143.61,77.2321,27.1356,22.6826,7.6536,4.5922,1.2524,0.4175,2.644
1972-02-01,130.32,63.8906,28.4899,17.7709,14.2449,3.667,0.4231,0.0,1.8335
1972-03-01,127.17,58.7371,28.6659,21.7805,9.6958,3.513,2.9509,0.0,1.8268
1972-04-01,155.44,116.9806,15.109,11.1029,8.3558,1.488,0.6868,0.0,1.7169
1972-05-01,180.27,133.205,13.4828,22.0968,6.8662,0.749,1.8726,1.1236,0.8739
1972-06-01,149.16,78.7699,20.1115,31.7035,12.7093,5.0279,0.0,0.0,0.838
1972-07-01,127.16,72.4958,14.0314,22.3626,13.3006,3.654,0.4385,0.0,0.877
1972-08-01,127.69,62.7496,21.1252,21.9076,7.5112,7.3547,4.6945,0.0,2.3472
1972-09-01,150.45,61.9219,19.0896,56.0757,6.4427,1.0738,5.011,0.0,0.8352
1972-10-01,120.51,65.7571,20.5323,19.7271,8.3203,1.6104,3.2208,0.0,1.342
1972-11-01,115.51,60.7659,24.2243,20.9396,0.8212,3.8321,2.4635,0.4106,2.0529
1972-12-01,126.01,80.3857,20.174,18.8291,3.8279,1.2415,0.6207,0.0,0.9311
1973-01-01,114.1,68.7459,18.3236,14.8148,5.0682,3.6387,1.1696,0.3899,1.9493
1973-02-01,100.72,56.0866,17.1797,9.0951,13.8111,1.5159,2.0211,0.0,1.0106
1973-03-01,101.45,38.9077,16.3881,29.6546,12.7091,2.4526,0.3345,0.0,1.0034
1973-04-01,96.51,54.8244,14.4526,13.6165,10.0332,0.7167,1.075,0.0,1.7916
1973-05-01,86.21,42.9859,14.289,16.7895,6.43,1.7861,1.0717,0.3572,2.5006
1973-06-01,78.69,33.101,14.4441,15.6477,6.3193,5.567,2.2569,0.0,1.3541
1973-07-01,94.11,34.9896,13.2719,20.9133,6.4349,9.2501,8.8479,0.0,0.4022
1973-08-01,99.43,37.3581,14.4834,25.7483,10.3453,4.9428,5.8623,0.0,0.6897
1973-09-01,97.82,27.6245,18.016,21.6192,5.2046,4.6708,19.4839,0.4004,0.8007
1973-10-01,181.21,132.6552,18.5058,12.1845,2.4735,2.0155,6.4129,4.3974,2.5652
1973-11-01,120.37,54.4565,25.6016,13.4373,7.2137,5.6578,2.9704,9.3354,1.6973
1973-12-01,112.98,39.0434,30.128,32.5874,2.7669,3.228,0.9223,3.8429,0.4611
1974-01-01,98.96,42.6552,17.6825,19.0785,7.7555,8.531,0.4653,0.4653,2.3266
1974-02-01,95.57,38.5508,14.5238,28.3303,7.1722,4.3033,1.6138,0.5379,0.5379
1974-03-01,91.39,32.6962,18.1823,23.6051,10.0481,1.5949,4.3063,0.0,0.957
1974-04-01,93.32,46.0505,13.0025,15.8468,5.0114,4.3342,8.262,0.0,0.8127
1974-05-01,90.82,31.3015,10.2815,21.9339,10.2815,13.2517,2.0563,0.0,1.7136
1974-06-01,94.88,30.1418,15.1452,22.4208,6.2362,16.9269,1.7818,0.4454,1.7818
1974-07-01,104.23,51.5365,16.1972,8.309,4.7329,5.364,17.4593,0.0,0.6311
1974-08-01,103.97,62.05,10.5838,18.4697,5.7069,3.4242,1.8677,0.0,1.8677
1974-09-01,82.77,23.7713,15.0361,24.9169,7.7328,6.1576,3.4368,0.0,1.7184
1974-10-01,78.06,17.3637,22.5882,23.2029,6.4538,5.2245,1.8439,0.922,0.461
1974-11-01,92.29,23.3566,30.3004,24.4928,7.7014,1.8938,3.03,0.3788,1.1363
1974-12-01,89.26,28.4426,21.3647,24.6415,4.7186,6.5536,2.3593,0.0,1.1796
1975-01-01,100.52,47.1979,22.3847,22.1735,4.7515,2.3229,0.0,0.3168,1.3726
1975-02-01,98.58,44.361,21.581,7.3269,16.7852,2.5311,2.7975,1.5986,1.5986
1975-03-01,122.88,69.5731,19.8022,14.2329,11.0504,2.6521,3.9781,0.2652,1.326
1975-04-01,154.04,102.256,15.7451,5.9482,17.8445,2.4492,6.1231,0.2624,3.4114
1975-05-01,107.39,38.8432,27.7995,9.7743,19.4216,5.3314,3.9351,0.0,2.2849
1975-06-01,96.8,17.6526,31.2538,9.9839,17.5079,17.3632,1.3022,0.0,1.7363
1975-07-01,101.38,19.7288,29.5212,14.4006,25.201,7.3443,3.8882,0.0,1.2961
1975-08-01,104.7,11.0073,22.4076,18.0834,30.6631,3.9312,16.2488,0.7862,1.5725
1975-09-01,103.48,15.6376,28.1476,20.3968,30.0514,2.7196,2.8556,0.0,3.6714
1975-10-01,107.24,13.3094,22.9472,26.0068,33.6559,6.2722,4.1305,0.0,0.9179
1975-11-01,101.57,25.4895,15.1385,20.1846,30.4063,4.5286,4.658,0.0,1.1645
1975-12-01,125.12,29.1173,12.1322,40.6165,34.3922,2.4264,4.1144,0.0,2.3209
1976-01-01,113.47,29.8137,21.0253,17.5767,37.3784,5.5623,0.3337,0.0,1.7799
1976-02-01,85.2,25.3907,18.1967,11.5669,19.043,5.5013,4.2318,0.0,1.2695
1976-03-01,98.97,19.2278,25.1259,10.2627,27.3672,4.7185,9.7908,1.0617,1.4155
1976-04-01,86.44,16.6858,18.8186,16.9367,26.2206,5.3947,1.1291,0.0,1.2546
1976-05-01,80.14,15.0691,18.8363,13.585,24.5443,5.023,2.0549,0.0,1.0274
1976-06-01,95.55,37.6137,13.1367,17.1788,23.1296,3.8175,0.0,0.0,0.6737
1976-07-01,98.02,22.7843,14.5962,28.2431,23.3777,3.56,4.7467,0.356,0.356
1976-08-01,101.7,27.7781,22.0388,13.2003,26.4007,7.1167,2.7549,0.6887,1.7218
1976-09-01,97.67,15.5475,27.5071,30.2976,15.2817,6.2456,0.7973,0.0,1.9933
1976-10-01,84.12,24.1808,16.2671,12.0171,16.7068,9.0861,3.0776,0.4397,2.3448
1976-11-01,82.21,37.3832,14.8871,9.5939,11.4135,6.4511,1.9849,0.0,0.4962
1976-12-01,73.97,19.9288,15.6199,16.5176,12.3882,7.8997,0.0,0.5386,1.0772
1977-01-01,71.52,14.2082,23.1482,15.0064,7.1839,8.1418,0.4789,0.0,3.3525
1977-02-01,85.0,14.99,27.4248,13.7976,7.1543,12.6052,5.2806,0.0,3.7475
1977-03-01,90.71,23.3118,23.7876,16.4927,15.6998,2.8545,4.7575,0.9515,2.8545
1977-04-01,91.78,37.3706,27.0615,9.45,8.591,7.4455,0.4295,0.0,1.4318
1977-05-01,84.77,18.6494,29.8108,18.3668,7.2054,9.466,0.8477,0.0,0.4238
1977-06-01,84.78,24.8251,21.7024,18.892,6.5576,7.6505,4.684,0.4684,0.0
1977-07-01,98.31,33.0931,27.8314,15.6465,5.8155,11.7695,1.6616,0.0,2.4924
1977-08-01,91.11,24.1946,25.4389,21.153,9.9544,8.7101,0.4148,0.4148,0.8295
1977-09-01,84.07,29.1176,16.6998,25.8348,4.282,6.8512,0.4282,0.0,0.8564
1977-10-01,85.38,12.5705,18.2957,36.9648,4.1072,7.4676,1.8669,2.9871,1.1201
1977-11-01,89.81,32.0523,27.6094,16.3435,3.4908,5.0776,1.9041,2.8561,0.476
1977-12-01,85.61,18.2983,35.2896,16.1199,5.8816,8.06,0.0,0.0,1.9605
1978-01-01,85.83,34.6236,28.4278,10.3871,4.3735,5.8313,0.0,0.0,2.1868
1978-02-01,100.91,46.5967,21.3692,15.5817,8.4586,6.6779,0.0,0.4452,1.7808
1978-03-01,105.61,56.7863,15.4015,24.5166,3.7718,3.8766,0.3143,0.0,0.9429
1978-04-01,94.91,26.9681,25.0312,22.9453,5.3638,9.5357,3.7249,0.0,1.341
1978-05-01,113.33,49.6041,30.1422,19.1059,6.7642,4.0348,3.3228,0.356,0.0
1978-06-01,100.97,38.8454,28.7484,15.5662,7.152,5.6094,2.5242,0.8414,1.6828
1978-07-01,91.81,26.9866,30.186,10.433,11.2676,3.7559,4.5905,2.5039,2.0866
1978-08-01,76.75,16.9244,17.7115,19.4171,14.4316,4.3295,0.7872,0.0,3.1487
1978-09-01,94.53,22.3651,25.9436,8.9461,30.2675,2.5347,0.4473,1.3419,2.6838
1978-10-01,85.56,30.8656,23.509,7.6764,17.2719,5.2775,0.4798,0.0,0.4798
1978-11-01,100.64,24.8895,24.5803,10.5123,25.6624,7.1113,3.7102,0.9276,3.2465
1978-12-01,111.05,18.8629,34.322,16.8773,27.5143,8.7932,0.851,0.4255,3.4038
1979-01-01,115.52,36.8739,29.3902,11.5656,22.4509,2.5853,9.7967,0.4082,2.4492
1979-02-01,140.66,65.1412,33.0082,10.7527,21.3803,3.5009,3.7509,0.0,3.1258
1979-03-01,119.26,54.7749,33.8609,9.5856,12.0754,4.8551,1.4939,1.4939,1.1204
1979-04-01,106.04,47.9611,14.9796,16.425,13.9284,6.8328,1.5768,2.7594,1.5768
1979-05-01,94.35,21.5125,19.3104,19.988,14.9063,13.043,0.0,0.5082,5.0817
1979-06-01,108.92,20.7112,23.6912,11.1751,27.7143,12.0691,4.917,2.235,6.4071
1979-07-01,96.51,22.3447,19.9676,13.9456,24.8802,9.6668,2.8525,0.4754,2.3771
1979-08-01,101.3,32.6981,24.0427,15.8682,14.7462,8.6554,1.4426,0.0,3.8468
1979-09-01,103.39,23.9887,35.4921,16.9745,9.9602,10.2408,6.3128,0.0,0.4209
1979-10-01,100.89,20.6466,34.2645,12.3001,7.4679,15.2287,8.3465,0.4393,2.1964
1979-11-01,147.54,18.8296,91.7944,12.7595,2.6015,4.5835,8.0521,5.2029,3.7164
1979-12-01,147.01,28.9334,64.7781,19.5623,11.5968,5.5056,8.5512,5.2713,2.8113
1980-01-01,188.77,85.2944,61.7262,8.0805,8.8661,5.2748,2.469,14.5898,2.469
1980-02-01,135.28,48.1137,50.1557,11.9965,14.2937,4.5944,3.0629,1.1486,1.9143
1980-03-01,112.48,27.5757,41.799,16.6906,14.2233,7.4019,1.3062,2.6124,0.8708
1980-04-01,145.48,46.2368,42.5328,16.4767,11.3676,4.9813,6.8972,16.6044,0.3832
1980-05-01,121.04,37.5936,37.736,15.2368,11.2496,6.8352,9.8256,1.2816,1.2816
1980-06-01,116.04,39.281,30.1369,16.7427,13.1366,12.1063,3.4773,0.7727,0.3864
1980-07-01,102.3,26.6805,28.302,15.0354,11.4977,4.8644,13.2666,0.4422,2.2111
1980-08-01,109.81,23.9403,31.3948,20.9298,6.881,18.0627,6.881,1.2902,0.4301
1980-09-01,134.04,60.1915,27.8196,18.3357,5.6904,10.8749,8.3459,0.0,2.782
1980-10-01,137.24,84.3096,20.0117,17.4066,3.9076,7.5784,1.4209,0.3552,2.2498
1980-11-01,107.14,49.4918,26.1283,11.4743,9.9537,4.7003,2.4884,0.8295,2.0737
1980-12-01,132.1,55.1039,47.3918,12.0656,10.6974,3.1097,1.4927,0.7463,1.4927
1981-01-01,107.46,34.3473,26.0811,24.941,14.6795,2.1378,0.4276,2.5654,2.2803
1981-02-01,108.61,33.3569,32.9566,15.3442,17.2121,3.2023,3.736,1.2008,1.6011
1981-03-01,104.68,37.8681,30.7528,19.6576,7.2359,4.4622,3.2562,0.3618,1.0854
1981-04-01,110.28,42.9964,35.9078,11.7369,9.9938,5.1131,1.0459,2.4403,1.0459
1981-05-01,115.52,43.6459,28.3415,23.5801,9.7495,6.0084,2.154,1.0203,1.0203
1981-06-01,118.82,44.8377,35.4965,12.3304,6.7257,10.3376,7.5975,0.7473,0.7473
1981-07-01,104.81,46.1895,22.912,10.6029,12.1872,8.1654,1.4625,0.7312,2.5593
1981-08-01,113.29,40.5276,28.891,12.9742,14.5792,9.8978,5.6177,0.0,0.8025
1981-09-01,114.4,25.7529,37.2706,27.4353,9.4471,11.3882,1.5529,0.3882,1.1647
1981-10-01,114.87,19.4067,30.4002,31.0732,7.2916,19.9676,3.3653,0.3365,3.0288
1981-11-01,108.24,21.7602,38.4729,11.2166,12.3382,21.4237,2.019,0.0,1.0095
1981-12-01,142.09,20.8331,55.0156,23.4625,14.2596,8.0905,7.9894,9.1019,3.3373
1982-01-01,110.47,16.2911,38.5278,19.5017,11.7724,2.9728,7.8482,11.7724,1.7837
1982-02-01,110.46,32.381,33.6426,12.7562,21.1668,3.6446,1.6821,4.2053,0.9812
1982-03-01,117.66,30.4851,34.0347,9.7093,19.001,15.347,4.3848,2.5056,2.1924
1982-04-01,156.56,91.2239,24.181,8.0603,7.3965,19.7241,1.1379,2.5603,2.2759
1982-05-01,153.07,116.1531,13.7517,6.9577,4.6658,8.5948,0.4911,1.2278,1.2278
1982-06-01,179.45,137.4045,15.3886,8.4091,3.7841,10.7636,0.7568,1.2614,1.6818
1982-07-01,138.43,98.7012,18.9333,9.208,1.5519,6.0007,0.9311,1.5519,1.5519
1982-08-01,146.66,74.861,25.9743,16.7883,8.5525,10.2419,5.1738,4.1179,0.9503
1982-09-01,123.0,62.4094,22.5083,19.098,7.8438,4.7745,1.9325,2.7283,1.7052
1982-10-01,111.43,47.7709,26.8712,14.2886,10.8764,7.2509,1.5995,1.2796,1.4928
1982-11-01,103.74,38.9388,26.4435,12.7859,8.7176,14.2388,0.8718,0.4359,1.3076
1982-12-01,105.11,37.1545,29.4198,14.9171,8.7016,10.7734,1.6575,0.4144,2.0718
1983-01-01,88.89,27.8253,23.9222,12.087,10.9539,12.2129,0.7554,0.3777,0.7554
1983-02-01,97.19,32.3154,23.4134,9.2678,22.194,6.3411,0.7317,0.0,2.9267
1983-03-01,94.13,31.1664,24.605,7.1922,17.7913,12.2394,0.0,0.0,1.1356
1983-04-01,113.05,42.5881,28.3522,14.4752,9.3311,15.0733,0.3589,0.3589,2.5122
1983-05-01,99.26,39.2349,29.4262,7.3565,8.9558,11.6212,0.3198,0.3198,2.0257
1983-06-01,100.14,41.4028,21.6991,8.6048,14.2166,10.8495,2.2447,0.3741,0.7482
1983-07-01,108.67,43.0719,25.3728,16.3376,15.4712,5.3221,0.7426,0.0,2.3516
1983-08-01,101.8,52.4807,16.4398,11.0652,14.4375,3.8992,2.5292,0.0,0.9484
1983-09-01,137.83,78.6261,32.7112,6.1333,11.926,4.8556,0.5111,1.5333,1.5333
1983-10-01,131.94,70.0105,19.027,20.7166,10.3583,7.2729,2.057,0.0,2.4978
1983-11-01,129.9,59.5537,26.5546,18.1689,7.2986,15.0631,1.1647,0.6988,1.3976
1983-12-01,112.76,57.4037,17.0619,24.6449,3.9432,7.4314,0.6825,0.6825,0.91
1984-01-01,96.8,46.2789,22.3681,12.8231,6.3633,6.3633,2.3139,0.0,0.2892
1984-02-01,100.07,51.9214,16.4388,12.127,15.0015,2.9644,0.2695,0.2695,1.078
1984-03-01,91.28,35.8416,19.0811,13.5803,16.6745,2.6645,0.6017,0.7736,2.0628
1984-04-01,100.35,43.3901,22.6164,14.9939,10.0518,4.5233,1.7591,1.0052,2.0104
1984-05-01,94.08,42.0818,19.7493,12.4996,9.9163,6.5831,0.75,0.25,2.2499
1984-06-01,86.66,47.9089,12.2104,11.5321,9.073,4.9181,0.5088,0.2544,0.2544
1984-07-01,69.93,25.8609,19.7915,10.1596,5.9375,5.0138,2.375,0.3958,0.3958
1984-08-01,90.49,30.5362,17.4492,18.6796,18.4559,4.0267,0.3356,0.0,1.0067
1984-09-01,102.97,32.537,20.2878,30.2403,12.632,5.359,0.7656,0.3828,0.7656
1984-10-01,101.92,23.2542,23.9186,30.1641,11.9593,7.0427,0.3986,0.0,5.1824
1984-11-01,112.49,23.0907,32.2282,27.4125,23.8316,2.5931,2.5931,0.0,0.7409
1984-12-01,101.68,32.9927,17.4918,28.7264,12.0878,5.5462,1.4221,0.0,3.413
1985-01-01,97.78,36.5925,22.6454,19.0461,10.9478,4.0492,0.0,0.4499,4.0492
1985-02-01,98.26,33.7713,29.1008,15.4486,9.7003,7.0057,1.0778,0.0,2.1556
1985-03-01,112.17,46.5411,26.1573,12.2539,13.7856,9.1904,0.707,0.0,3.5348
1985-04-01,102.68,30.8836,23.4015,17.0337,17.8297,4.4574,2.8655,0.9552,5.2534
1985-05-01,109.76,39.77,16.4836,25.772,15.8295,5.6254,0.0,3.9247,2.3548
1985-06-01,145.08,38.4969,28.8727,62.6598,7.4741,3.8906,0.0,0.6143,3.0716
1985-07-01,120.03,23.8316,26.1567,38.9444,16.4206,4.5048,4.7954,1.7438,3.6329
1985-08-01,112.95,27.8857,24.5599,19.4433,25.5832,5.8841,3.8375,1.1512,4.605
1985-09-01,118.92,33.458,25.1875,28.1949,20.3004,4.3859,4.6365,1.5037,1.2531
1985-10-01,134.72,29.3253,36.0503,45.4211,14.6627,6.9455,0.0,1.3229,0.9922
1985-11-01,123.56,27.0203,32.9946,36.3891,12.356,6.2459,4.4807,0.4073,3.6661
1985-12-01,124.31,32.6654,26.0545,41.8687,11.7958,5.185,0.7777,0.7777,5.185
1986-01-01,117.77,22.9824,20.4817,26.9121,28.9364,1.7862,5.1204,8.6928,2.8579
1986-02-01,119.61,41.1159,23.324,23.1744,15.8483,1.7942,10.7649,0.4485,3.1398
1986-03-01,119.87,52.16,21.6721,21.7945,14.0807,6.3669,1.4693,0.0,2.3264
1986-04-01,160.5,70.0264,23.1955,43.6428,8.9045,9.3442,1.3192,0.9894,3.0781
1986-05-01,124.66,37.1541,29.8381,29.4077,12.3369,10.7589,0.4304,2.5821,2.1518
1986-06-01,126.33,22.6128,29.2458,28.6428,27.8891,8.2913,0.4523,5.1256,4.0703
1986-07-01,121.84,20.4536,31.3857,42.1415,12.3427,7.4056,0.529,2.6449,4.9371
1986-08-01,110.98,33.537,25.7603,25.1123,14.5813,5.6705,0.486,4.3744,1.4581
1986-09-01,128.31,25.1456,27.6153,56.3531,11.6748,3.1432,2.3574,1.0103,1.0103
1986-10-01,110.25,32.3957,35.0083,21.1617,7.0539,5.0945,0.7838,3.6576,5.0945
1986-11-01,114.84,29.8748,38.2343,16.856,12.0596,7.1261,6.1668,1.6445,2.8779
1986-12-01,114.98,46.8437,23.8477,13.6273,15.0468,7.5234,0.0,1.2776,6.8136
1987-01-01,111.39,49.1426,15.4988,28.0995,7.9384,3.4022,4.5362,0.378,2.3941
1987-02-01,104.77,39.0772,20.3078,18.4617,13.8463,9.3847,0.4615,0.4615,2.7693
1987-03-01,95.62,36.7422,18.6723,20.7804,8.1315,7.228,0.4517,0.9035,2.7105
1987-04-01,102.13,45.8615,21.696,16.2279,8.114,5.2917,1.5875,0.0,3.3514
1987-05-01,101.83,51.8841,17.4438,9.8401,8.9455,5.0691,5.5164,1.3418,1.7891
1987-06-01,107.32,42.3359,30.4937,18.3554,8.4376,4.4408,0.4441,0.4441,2.3684
1987-07-01,108.53,43.8598,22.2592,16.7273,15.2785,8.4295,1.1854,0.3951,0.3951
1987-08-01,114.95,50.8795,26.6512,12.518,11.4412,5.6533,4.5765,1.6152,1.6152
1987-09-01,105.72,58.5311,18.4835,5.8811,7.1414,4.2008,7.5614,1.6803,2.2404
1987-10-01,107.61,55.6603,20.2997,7.7488,11.1321,6.2209,2.9467,0.9822,2.6193
1987-11-01,100.44,29.8162,18.9509,23.8782,18.5719,3.5375,0.758,1.5161,3.4112
1987-12-01,116.81,42.2393,33.7654,13.5583,16.296,5.4755,0.7822,1.5644,3.1288
1988-01-01,105.0,39.0973,30.2116,14.3653,14.2172,3.5543,1.3329,0.8886,1.3329
1988-02-01,97.55,35.9395,28.3733,14.1866,12.16,1.6213,1.6213,0.8107,2.8373
1988-03-01,115.39,45.3498,25.0935,14.6127,17.7368,4.4342,2.721,3.628,1.814
1988-04-01,116.31,48.0691,24.1418,25.644,9.4421,2.897,1.9313,2.5751,1.6095
1988-05-01,98.36,42.5939,15.8804,15.388,17.4808,3.6931,0.7386,0.3693,2.2159
1988-06-01,80.44,26.6375,22.5496,13.055,10.6814,3.1649,2.7692,0.0,1.5824
1988-07-01,96.2,46.969,18.761,16.499,8.7817,1.5967,1.1975,0.3992,1.9959
1988-08-01,95.76,36.2994,19.0978,12.5964,20.7232,0.8127,1.219,0.8127,4.1988
1988-09-01,84.26,28.4009,15.9092,10.0169,15.2022,2.8283,8.7206,1.4142,1.7677
1988-10-01,69.4,15.4704,17.2054,10.2654,19.8079,3.1808,0.8675,0.4338,2.1688
1988-11-01,73.04,18.8966,18.0925,10.0514,16.3502,3.6185,5.2267,0.0,0.8041
1988-12-01,89.26,20.9299,22.6228,19.391,17.0825,2.3084,2.3084,0.9234,3.6935
1989-01-01,84.99,27.0476,24.9491,12.1248,12.1248,3.0312,0.0,2.0985,3.6141
1989-02-01,83.12,16.358,25.9334,10.5064,18.7519,4.2557,3.5908,0.798,2.9258
1989-03-01,82.99,19.2792,21.1944,11.4909,22.3435,2.1705,0.7661,0.383,5.3624
1989-04-01,83.82,32.7102,13.3487,13.95,17.5577,3.0065,2.1646,0.3608,0.7215
1989-05-01,95.87,23.9029,27.133,10.4656,21.0604,5.1682,4.2638,0.3876,3.4885
1989-06-01,98.69,28.1971,30.2667,7.6313,23.9288,2.3282,0.0,2.7162,3.6217
1989-07-01,71.44,18.6158,20.0478,11.4559,12.2514,3.3413,2.864,0.0,2.864
1989-08-01,91.44,24.5781,26.6749,18.521,15.0264,0.3495,0.0,0.0,6.2901
1989-09-01,82.62,13.9604,19.0369,26.6516,18.783,0.3807,0.0,0.7615,3.0459
1989-10-01,70.46,10.2649,18.2486,9.8847,19.3892,2.2811,6.0829,1.1405,3.1682
1989-11-01,79.55,15.0273,17.6544,15.3425,24.5901,1.261,0.9458,0.6305,4.0983
1989-12-01,109.23,39.4528,15.549,17.1736,21.9698,0.2321,12.5321,0.4642,1.8566
1990-01-01,105.44,28.6816,21.8638,12.2249,36.5572,0.4702,3.8791,0.0,1.7632
1990-02-01,96.62,14.6655,28.8997,8.6268,38.1016,1.5816,1.7254,0.0,3.0194
1990-03-01,93.28,11.8784,35.6351,9.4328,21.4276,5.8227,5.5898,0.0,3.4936
1990-04-01,97.01,15.7696,33.0617,12.7244,15.8783,6.5253,0.9788,9.1355,2.9364
1990-05-01,98.76,15.2124,32.598,20.5247,24.8711,2.6561,1.0866,1.0866,0.7244
1990-06-01,89.86,5.0768,22.2112,20.6881,30.9687,4.823,0.7615,0.7615,4.5692
1990-07-01,86.86,13.2455,15.6654,12.6087,33.6232,3.184,4.585,1.1462,2.8019
1990-08-01,204.1,131.3125,23.2789,5.5738,23.9346,0.8197,2.7049,14.0985,2.3771
1990-09-01,150.69,87.8625,23.0208,6.1389,19.9513,1.247,1.151,9.3042,2.0143
1990-10-01,111.25,51.0218,26.5864,12.3038,12.82,3.0114,1.8068,2.4091,1.2906
1990-11-01,124.26,74.5925,19.447,6.7562,15.4298,3.2868,0.0,1.9173,2.8303
1990-12-01,137.67,66.3816,37.5884,7.4992,13.0541,3.981,3.333,2.222,3.6107
1991-01-01,259.57,212.8529,21.3544,9.606,11.3337,1.0366,1.935,0.2073,1.2439
1991-02-01,207.53,167.838,14.8172,11.2251,9.4291,0.898,1.347,0.5388,1.4368
1991-03-01,116.74,56.2652,16.9412,8.6246,27.8246,0.616,1.8481,0.616,4.0043
1991-04-01,94.08,38.663,16.6368,6.3267,22.2605,2.1089,0.3515,1.4059,6.3267
1991-05-01,88.52,24.066,19.3005,7.744,29.189,3.9316,1.0722,0.7148,2.5019
1991-06-01,78.55,23.378,13.2086,11.3383,18.5855,8.533,0.7013,0.7013,2.104
1991-07-01,93.95,30.2999,11.8963,4.5755,26.9445,16.2684,0.305,1.8302,1.8302
1991-08-01,110.44,18.4406,18.135,6.4186,27.8138,9.3731,27.1006,0.3056,2.8527
1991-09-01,103.19,26.6889,20.0977,3.5657,35.117,10.265,4.5382,0.9725,1.9449
1991-10-01,88.74,24.3227,15.3917,5.2256,18.052,12.3514,9.9761,2.2803,1.1401
1991-11-01,93.67,27.4475,13.397,7.6243,23.5264,11.7632,4.2478,3.5943,2.0695
1991-12-01,98.14,14.4945,22.3457,7.2473,29.4923,16.105,3.9256,1.2079,3.3217
1992-01-01,98.34,14.3964,21.5946,9.527,26.9932,9.9504,11.1149,2.5405,2.223
1992-02-01,87.25,26.2567,18.3899,4.8018,18.7986,6.743,6.4365,3.678,2.1455
1992-03-01,83.72,22.5183,22.7596,7.4793,18.7385,6.4338,1.2063,2.8952,1.6889
1992-04-01,81.9,27.6808,7.3815,5.1847,25.3082,3.4271,6.5907,4.218,2.109
1992-05-01,88.84,31.5726,7.0535,3.6107,28.3818,4.0305,4.5344,7.6412,2.0153
1992-06-01,93.72,41.2528,14.7188,2.7035,24.6315,4.4056,1.2015,3.3042,1.5019
1992-07-01,95.97,36.0219,19.9533,6.9748,24.5443,1.0595,3.973,1.8541,1.5892
1992-08-01,102.93,59.1076,9.3367,3.0119,24.9231,1.5812,0.6777,0.6777,3.6142
1992-09-01,87.87,32.6647,16.3324,3.4384,22.7316,4.3935,2.0057,1.7192,4.5845
1992-10-01,79.55,34.3818,11.1235,4.2977,22.5841,4.0449,0.2528,0.7584,2.1067
1992-11-01,99.22,36.0726,10.7972,11.1244,22.2488,5.8894,2.9447,6.462,3.6809
1992-12-01,131.65,65.0143,22.2377,10.9644,22.0832,1.8531,1.6215,1.6215,6.2543
1993-01-01,110.43,58.7797,17.8235,4.7024,21.5399,3.9439,0.6826,1.3652,1.5927
1993-02-01,93.84,33.549,19.7728,10.0485,18.8815,5.9156,0.9724,1.9449,2.7552
1993-03-01,116.68,38.9154,10.9388,36.3962,14.8502,7.8892,0.1989,2.9833,4.5081
1993-04-01,101.58,48.2505,10.0129,15.89,14.3663,5.3692,0.653,5.2967,1.7414
1993-05-01,103.53,43.035,12.5416,15.2467,23.4234,3.1969,1.1066,3.3198,1.6599
1993-06-01,99.56,41.1832,10.8055,14.4073,18.213,5.9804,4.0775,3.4659,1.4271
1993-07-01,110.0,43.0236,14.6463,19.5284,19.681,7.2469,1.3731,1.8308,2.6699
1993-08-01,103.52,53.2474,8.0317,12.122,21.5667,1.413,0.4462,3.1234,3.5697
1993-09-01,101.28,37.2572,18.0916,10.9871,26.9309,3.8001,1.7348,1.2392,1.2392
1993-10-01,107.65,36.1525,16.3991,9.8767,25.5304,6.0254,5.28,8.0132,0.3727
1993-11-01,86.08,21.0195,17.8628,11.7802,17.0158,9.6243,2.7718,4.6197,1.3859
1993-12-01,90.48,19.4623,21.9249,16.6026,14.3783,11.4391,0.4766,3.813,2.3831
1994-01-01,91.45,29.9836,18.5193,10.2297,22.3113,8.2896,0.7937,0.5291,0.7937
1994-02-01,107.13,49.4243,13.4794,12.0697,17.2677,11.1887,0.2643,1.3215,2.1144
1994-03-01,106.68,28.6525,22.9669,17.9546,22.5928,9.875,0.8977,1.1222,2.6184
1994-04-01,113.75,50.1165,10.8135,9.7738,31.7474,6.3772,0.6239,1.9409,2.3568
1994-05-01,101.08,26.0006,16.1848,4.4958,36.6406,9.6659,1.1239,5.3949,1.5735
1994-06-01,92.59,24.0912,11.8054,4.3241,27.8662,13.5899,0.2059,8.0304,2.6768
1994-07-01,109.62,28.2842,19.9785,15.3393,30.3793,6.1357,1.5713,2.3196,5.6119
1994-08-01,102.6,27.8605,18.2678,11.678,22.2717,14.0137,1.2512,4.2541,3.0029
1994-09-01,102.69,49.878,21.2715,8.8835,13.6105,1.956,2.6895,3.1785,1.2225
1994-10-01,89.16,36.2189,16.4222,15.3724,8.3986,5.5491,1.7997,3.1495,2.2496
1994-11-01,78.38,39.9051,9.4399,9.4399,15.3041,3.0036,0.0,0.6436,0.6436
1994-12-01,101.61,55.3744,15.7991,13.3983,11.617,3.7949,0.0,0.4647,1.1617
1995-01-01,86.91,49.3707,10.5899,14.3876,5.1854,4.6742,0.2191,0.4382,2.0449
1995-02-01,86.42,31.8347,19.7761,13.7468,11.6567,4.2607,0.2412,1.9294,2.9745
1995-03-01,79.63,27.972,11.5046,20.6782,10.3015,3.0829,1.3535,2.0302,2.707
1995-04-01,100.37,24.9281,15.9171,35.0571,9.0109,8.2874,0.0,3.9464,3.2229
1995-05-01,87.93,41.0726,16.115,12.0656,5.9502,6.6939,0.0,3.7188,2.3139
1995-06-01,93.55,54.8475,13.3535,13.8062,4.3757,3.5458,0.4527,0.9053,2.2633
1995-07-01,88.17,53.8371,11.422,11.2216,7.6815,2.0039,0.6012,0.6012,0.8015
1995-08-01,95.02,46.1036,18.8668,16.3283,4.2536,5.5571,1.6466,0.6175,1.6466
1995-09-01,79.09,36.7735,10.5453,14.0604,6.8274,6.6246,1.014,0.6084,2.6363
1995-10-01,60.97,25.6504,9.6693,13.1162,6.2223,3.3126,1.2534,0.5372,1.2087
1995-11-01,80.19,27.5653,21.1866,20.4272,7.5938,1.1391,0.0,1.8225,0.4556
1995-12-01,81.64,40.3448,17.1919,10.7126,6.5658,3.3693,0.2592,1.6414,1.555
1996-01-01,72.13,28.5992,12.4035,11.5345,12.7985,4.1872,0.948,0.711,0.948
1996-02-01,80.54,17.2638,24.2132,22.0918,9.0708,3.2918,1.0973,1.7556,1.7556
1996-03-01,82.53,22.6282,24.5139,20.4282,7.7313,3.0799,0.1886,2.4514,1.5085
1996-04-01,93.98,43.4751,18.7687,12.012,15.6292,2.457,0.2047,0.6142,0.819
1996-05-01,74.66,17.1175,17.8817,9.2465,19.945,2.6746,1.834,3.8973,2.0633
1996-06-01,79.42,9.3107,28.77,23.8353,8.3796,2.3277,0.2793,4.7484,1.769
1996-07-01,95.28,14.9619,12.6496,44.4776,12.1055,1.2242,3.8765,3.2644,2.7203
1996-08-01,80.41,23.4889,14.0501,22.7684,9.727,1.0808,1.7292,5.6201,1.9454
1996-09-01,91.72,51.1761,14.6724,7.4425,13.113,0.6379,1.2759,0.0,3.4023
1996-10-01,68.06,22.928,19.0665,6.5968,14.6417,0.724,0.9654,0.9654,2.1721
1996-11-01,76.27,28.6595,17.7083,8.5435,10.2522,1.7087,0.699,0.699,7.9998
1996-12-01,86.75,16.0348,21.6199,26.3043,14.2331,2.5223,0.5405,0.8107,4.6843
1997-01-01,77.43,11.9561,15.7991,34.3026,9.8211,3.843,0.427,0.0,1.281
1997-02-01,75.25,13.5353,24.6536,16.2746,15.469,0.9668,1.9336,0.4834,1.9336
1997-03-01,90.82,9.9802,24.2852,21.1802,29.7189,0.6653,0.998,0.3327,3.6594
1997-04-01,83.08,14.1102,22.625,18.6109,22.0168,2.1895,0.8515,1.5813,1.0948
1997-05-01,76.53,12.4067,20.112,7.0523,23.3769,1.1754,7.3134,2.3508,2.7425
1997-06-01,69.02,14.0471,17.0186,12.5614,14.7225,2.5663,6.0781,0.8104,1.2156
1997-07-01,74.38,14.7981,13.2404,17.1347,12.7212,3.375,12.3318,0.0,0.7788
1997-08-01,71.46,13.2414,19.3697,16.7433,13.898,0.9849,2.2981,2.2981,2.6264
1997-09-01,60.29,10.2469,21.447,13.1065,9.2937,2.6213,0.7149,0.7149,2.1447
1997-10-01,61.78,11.3929,18.2051,11.158,9.7486,2.8189,2.1141,4.2283,2.1141
1997-11-01,72.42,10.1243,32.8524,17.0461,2.4794,1.5496,0.9298,4.339,3.0993
1997-12-01,70.33,9.1735,25.2271,12.9958,11.8491,3.0578,0.5733,0.5733,6.8801
1998-01-01,75.52,15.2854,27.7209,15.933,10.4925,2.2021,0.7772,1.5544,1.5544
1998-02-01,95.13,48.2515,26.7737,11.1802,3.2364,1.5692,0.0,0.2942,3.8248
1998-03-01,67.63,20.4595,24.5514,8.2975,6.0242,2.3869,1.364,2.3869,2.1596
1998-04-01,64.91,8.5563,23.4561,7.5237,6.9336,8.2613,0.8851,4.4257,4.8682
1998-05-01,90.54,11.1261,15.0049,6.839,13.5759,36.5426,0.3062,4.5933,2.5519
1998-06-01,91.11,34.6028,16.1903,6.5608,8.4655,14.7088,2.5397,4.8677,3.1746
1998-07-01,73.24,21.2109,15.3467,9.8568,13.5999,8.3596,0.0,0.7486,4.1174
1998-08-01,120.18,37.5943,18.8842,44.9914,11.4001,3.2199,0.0,1.0443,3.0458
1998-09-01,75.95,23.2409,17.7921,17.2361,8.7848,4.5592,0.6672,0.6672,3.0024
1998-10-01,78.44,34.8622,21.6386,14.4257,3.0054,2.1038,0.6011,0.0,1.8032
1998-11-01,81.35,27.9438,30.4253,6.6893,7.8761,3.8841,1.2947,1.942,1.2947
1998-12-01,93.24,51.083,17.8522,9.4638,6.0224,4.8394,0.0,0.9679,3.0112
1999-01-01,76.8,33.9609,14.4808,11.6364,10.0848,2.4135,1.0343,1.1205,2.0687
1999-02-01,78.43,37.6185,24.8461,5.089,6.2864,3.3926,0.0,0.0,1.1974
1999-03-01,112.96,75.008,13.9266,14.008,3.9092,3.9092,1.2216,0.4887,0.4887
1999-04-01,162.66,135.4878,9.4058,4.255,1.5676,5.0015,1.6423,1.5676,3.7324
1999-05-01,124.43,91.9132,17.4022,4.4935,2.9412,4.4935,0.9804,0.4902,1.7157
1999-06-01,111.86,90.5697,11.847,3.4339,3.1764,1.0302,0.0,0.2575,1.5453
1999-07-01,90.36,38.4088,24.633,7.9386,10.6237,4.2028,0.3502,1.7512,2.4516
1999-08-01,79.68,41.7751,13.8871,10.0169,8.7648,2.3904,0.0,1.7074,1.1383
1999-09-01,83.14,45.8601,13.4129,11.2431,5.3257,4.0436,0.0,0.8876,2.367
1999-10-01,72.53,32.2356,8.7915,10.1521,4.7097,5.0237,8.4775,0.628,2.5119
1999-11-01,71.17,29.9451,14.9054,9.5341,7.7884,1.6114,0.8057,3.6256,2.9542
1999-12-01,90.5,33.2835,11.0203,28.2743,6.5677,3.3395,1.0018,1.6697,5.3432
2000-01-01,71.79,27.3747,11.5436,18.7995,7.6957,3.4081,1.3193,0.0,1.6491
2000-02-01,79.49,39.4401,20.6349,6.7089,7.4204,1.9313,0.6099,1.5247,1.2198
2000-03-01,64.15,25.66,18.5322,6.9085,5.2636,4.496,0.6579,1.3159,1.3159
2000-04-01,65.3,18.4435,21.4344,4.9847,9.9695,2.9908,0.4985,0.9969,5.9817
2000-05-01,76.38,41.1122,12.3941,4.3329,11.588,3.023,1.8138,0.3023,1.8138
2000-06-01,71.29,17.1926,20.4533,9.782,11.4123,5.3356,4.0017,0.0,3.1125
2000-07-01,61.16,8.6099,23.603,10.8366,8.1646,2.672,4.4534,1.4845,1.336
2000-08-01,54.74,16.9403,13.7798,11.7571,6.0682,2.402,0.3793,1.517,1.8963
2000-09-01,56.8,15.4539,15.0473,11.7938,6.778,1.22,1.6267,0.8134,4.0668
2000-10-01,85.32,33.8075,14.4998,23.1997,5.7236,0.9921,3.4342,0.6868,2.9763
2000-11-01,50.65,24.0696,8.1386,12.0348,4.3291,0.2597,0.2597,0.5195,1.039
2000-12-01,55.69,18.1759,10.5674,16.0624,4.4383,0.317,0.317,3.2759,2.5362
2001-01-01,53.15,10.2689,14.3313,10.7203,4.8523,3.3854,5.078,3.4982,1.0156
2001-02-01,61.07,18.4234,16.3763,12.396,8.0744,1.7059,0.0,1.3647,2.7294
2001-03-01,61.54,29.2701,15.8168,9.8173,3.2724,1.0908,0.2727,0.2727,1.7271
2001-04-01,74.66,27.2066,30.6865,7.2762,5.6944,1.5818,0.3164,0.9491,0.9491
2001-05-01,70.8,25.451,18.4173,12.1239,8.0518,1.9435,1.1106,1.9435,1.7584
2001-06-01,76.1,22.7147,17.6414,17.7567,13.1445,1.3836,0.6918,0.6918,2.0755
2001-07-01,77.52,19.7324,26.139,10.5068,14.4789,2.4345,0.0,0.7688,3.4596
2001-08-01,70.26,31.9986,11.7426,11.5469,9.2962,1.2721,0.2936,1.1743,2.9357
2001-09-01,262.59,48.7678,16.1348,185.2593,5.0149,1.5989,0.0,2.7618,3.0525
2001-10-01,243.16,115.5381,14.2038,99.6384,2.968,1.3426,0.0,1.696,7.7732
2001-11-01,187.45,89.0971,17.1433,53.1202,8.5314,7.8875,0.2415,2.7365,8.6924
2001-12-01,156.47,78.3169,18.1866,42.5992,4.178,3.0311,0.0,3.9322,6.226
2002-01-01,112.13,44.7525,21.7961,29.4207,6.4643,3.7294,0.0,0.9945,4.9725
2002-02-01,110.92,41.4737,19.8544,31.3259,8.6477,1.9413,0.5295,1.5884,5.5592
2002-03-01,122.56,56.4273,21.4424,26.9346,7.5989,6.5456,0.2257,1.1285,2.2571
2002-04-01,134.07,71.0414,19.5777,26.2688,5.3694,1.2391,3.7173,1.7347,5.1216
2002-05-01,117.75,40.1304,15.6773,43.6237,8.1795,5.1974,0.5112,0.7668,3.6637
2002-06-01,116.33,36.9402,17.0702,47.2365,2.4386,8.3093,1.0838,0.0,3.2515
2002-07-01,97.58,38.9638,13.6317,32.6024,3.7487,3.1807,0.6816,0.0,4.7711
2002-08-01,106.32,47.5239,18.9374,28.0454,3.2464,3.8777,0.0,0.5411,4.1482
2002-09-01,135.03,55.8856,25.3585,39.4914,4.6033,6.2992,1.4537,0.4846,1.4537
2002-10-01,142.94,46.599,23.1628,51.5185,5.5345,11.8206,0.6149,0.6149,3.0747
2002-11-01,121.9,35.2472,25.954,42.9497,6.3629,6.1117,0.2512,2.0093,3.014
2002-12-01,126.92,45.3572,26.0904,24.9666,7.3856,17.2598,0.2408,1.445,4.1745
2003-01-01,138.18,63.9352,23.8507,17.234,9.6941,19.5422,0.2308,0.0,3.693
2003-02-01,166.03,78.5732,35.2278,29.7904,6.4329,12.1,0.0,0.2297,3.6759
2003-03-01,245.09,189.5898,15.3721,24.9411,3.3955,6.8526,0.3704,0.3704,4.198
2003-04-01,199.99,147.0321,18.9958,17.3511,4.8517,6.2497,0.4934,0.9868,4.0294
2003-05-01,111.87,34.5072,15.8622,43.2267,4.4525,8.4413,0.0,0.8349,4.5453
2003-06-01,108.87,48.1135,14.7501,20.896,7.3751,10.3602,1.4926,1.5804,4.3021
2003-07-01,109.48,53.7572,11.2035,19.3605,12.3828,7.7638,0.5897,0.8845,3.538
2003-08-01,105.33,35.416,9.638,38.7816,11.1679,6.7313,0.2295,1.1474,2.2183
2003-09-01,102.33,41.9495,17.279,26.2065,4.8957,5.8557,0.0,1.4399,4.7037
2003-10-01,89.2,35.8347,11.3434,24.4054,6.7029,6.7888,1.0312,1.289,1.8046
2003-11-01,101.71,40.0244,12.3015,34.8542,3.2982,6.4182,2.4068,0.2674,2.1394
2003-12-01,109.31,37.0275,18.7107,42.0499,1.7726,6.4995,0.0,0.5909,2.6589
2004-01-01,85.5,26.5309,17.2036,27.8782,4.0418,7.3582,0.3109,0.3109,1.8655
2004-02-01,92.3,19.4413,12.498,27.0327,17.2195,13.0535,1.1109,0.2777,1.6664
2004-03-01,103.7,29.9089,12.4817,40.8991,5.3381,6.1231,5.1811,0.2355,3.5326
2004-04-01,116.01,63.9223,11.056,33.4794,3.2701,2.4136,0.0,0.2336,1.635
2004-05-01,120.21,61.119,12.1685,30.1447,6.3608,6.2686,0.2766,0.5531,3.3187
2004-06-01,110.56,43.86,10.9195,35.1244,4.0038,8.3716,0.819,0.0,7.4617
2004-07-01,97.74,26.842,11.6704,43.2779,5.9325,3.8901,0.0,1.7506,4.3764
2004-08-01,110.78,36.3121,5.2905,51.4622,5.7715,5.4508,0.2405,0.481,5.7715
2004-09-01,107.09,39.1538,8.2006,36.7418,5.0651,14.0696,0.2412,1.4472,2.1707
2004-10-01,91.02,36.9487,6.8818,28.3465,7.1276,7.2095,0.0,0.2458,4.2602
2004-11-01,101.95,49.4222,10.3813,20.7627,8.3406,9.0504,0.2662,0.2662,3.4604
2004-12-01,90.35,39.938,12.0401,25.5486,4.1113,3.9155,0.0,0.0,4.7965
2005-01-01,82.01,32.2414,7.4653,21.5303,7.5735,4.0031,0.3246,0.9737,7.8981
2005-02-01,77.8,16.8096,15.8426,21.2723,4.0908,11.7518,3.1239,1.1157,3.7933
2005-03-01,75.08,18.1664,21.3857,19.6036,3.6218,6.6112,0.8623,0.3449,4.4841
2005-04-01,62.75,13.7242,14.2579,18.5276,4.8035,6.5571,0.2287,0.9149,3.736
2005-05-01,78.13,20.7379,15.6841,20.157,6.1575,11.3855,0.3485,0.0,3.6596
2005-06-01,72.47,25.4199,11.8937,22.2716,3.1483,4.431,0.1749,0.1749,4.9557
2005-07-01,99.25,17.245,9.6906,62.9886,2.7092,3.3865,0.0,0.0,3.2302
2005-08-01,87.08,24.0872,11.3352,29.8138,7.6748,8.9737,0.5313,0.0,4.6639
2005-09-01,59.23,15.9117,9.2597,17.2422,5.1088,7.5567,0.0,0.3193,3.8316
2005-10-01,64.8,20.5312,16.0875,20.25,3.0375,1.35,0.0,1.0125,2.5312
2005-11-01,71.81,19.63,12.4204,26.6968,3.7832,5.7819,0.0,0.6424,2.8553
2005-12-01,81.18,31.4907,12.5784,22.8375,5.0849,2.4978,0.0,0.5353,6.1554
2006-01-01,73.17,18.4336,18.9979,16.051,3.9501,13.2922,0.0,0.7524,1.6929
2006-02-01,81.69,14.8765,25.6423,13.8977,12.397,10.7006,0.1957,1.7617,2.2184
2006-03-01,75.78,17.2026,17.2026,16.8154,10.5096,9.6799,0.3319,1.4935,2.5444
2006-04-01,76.69,20.3022,12.0286,18.011,9.992,12.5377,0.1909,1.1456,2.4821
2006-05-01,79.25,23.7385,12.5997,13.7561,15.3387,8.8867,0.5478,1.6434,2.7391
2006-06-01,85.79,38.3751,9.9729,17.9045,8.1066,8.8065,0.0,0.175,2.4495
2006-07-01,118.35,80.2373,7.9259,14.4329,6.4092,6.2624,0.1468,0.7339,2.2016
2006-08-01,122.28,65.0288,8.2636,31.9743,6.9674,4.5909,0.0,1.1342,4.3208
2006-09-01,97.05,38.4313,15.4227,21.6921,8.4637,5.4544,0.5642,2.4451,4.5766
2006-10-01,90.43,29.8255,10.2244,13.0851,10.8071,19.3892,0.3179,5.0857,1.6952
2006-11-01,90.63,32.1431,19.8658,14.9919,12.6475,5.6142,1.6658,0.3702,3.3315
2006-12-01,99.78,40.2558,19.1251,14.4692,11.8905,5.3722,1.934,1.934,4.7992
2007-01-01,93.93,45.54,15.0385,15.4023,8.4895,5.2756,0.1819,0.5458,3.4564
2007-02-01,88.82,32.4704,22.391,16.4381,5.6823,7.1705,0.4059,1.2176,3.0441
2007-03-01,78.28,27.437,20.0251,14.6287,7.1518,3.1208,0.0,2.7307,3.1858
2007-04-01,85.3,36.0643,13.8769,22.8146,4.4688,3.7632,0.0,1.96,2.352
2007-05-01,98.17,44.5667,15.6086,21.9753,8.0097,2.3961,0.4108,1.7115,3.4914
2007-06-01,91.0,39.2561,13.7242,16.4443,11.8077,2.8438,1.6692,0.7418,4.5129
2007-07-01,95.08,35.1887,12.8791,34.2738,2.7447,2.7447,0.4223,1.4779,5.3487
2007-08-01,73.13,27.6861,13.0762,17.5157,6.296,2.2601,0.0,2.4215,3.8744
2007-09-01,83.58,28.7463,13.942,23.2845,7.7615,3.0184,0.0,3.4496,3.3777
2007-10-01,77.13,32.1058,18.0477,12.4117,4.0528,3.9895,0.19,3.6729,2.6597
2007-11-01,77.63,24.098,20.3972,14.3727,6.4548,4.8196,3.6147,1.8074,2.0655
2007-12-01,80.53,20.3842,11.8278,29.276,4.8654,9.1435,0.2517,1.0066,3.7748
2008-01-01,81.59,21.8163,16.2148,21.153,13.7826,1.7689,0.2211,2.2111,4.4222
2008-02-01,87.03,26.7392,17.4571,23.5032,7.7492,4.6836,1.2773,0.7664,4.8539
2008-03-01,84.04,29.6568,19.7958,17.3673,7.9477,5.5193,0.0,0.6623,3.0908
2008-04-01,80.14,31.6676,17.4769,15.0869,4.556,5.4522,0.4481,0.2241,5.2281
2008-05-01,75.71,23.2532,14.3277,15.2673,9.1604,5.4023,1.4876,0.0,6.8116
2008-06-01,80.42,27.9765,19.6538,15.8433,4.5123,6.1167,0.0,2.4066,3.9107
2008-07-01,88.09,28.0828,17.8829,27.6854,3.1792,5.2986,0.0,1.5896,4.3714
2008-08-01,98.92,58.3974,8.9842,20.4953,5.0536,4.0242,0.0,0.5615,1.4038
2008-09-01,80.21,34.0312,10.7185,21.9729,2.501,5.6272,0.5359,1.0718,3.7515
2008-10-01,64.95,27.7747,13.6737,13.4173,3.8457,1.7947,0.0,0.5128,3.9312
2008-11-01,76.68,27.7031,11.0623,26.1903,3.782,2.8365,0.2836,0.5673,4.2547
2008-12-01,92.53,27.3938,16.7406,35.0031,5.0729,3.9569,0.3044,0.6088,3.4496
2009-01-01,85.32,51.6857,11.8029,12.96,2.5457,2.7771,0.0,0.2314,3.3171
2009-02-01,77.27,27.7435,16.256,14.8471,4.8768,7.8029,0.9754,0.0,4.7684
2009-03-01,80.42,23.8399,21.297,20.3434,5.5097,3.9203,1.5893,0.3179,3.6025
2009-04-01,81.18,25.4996,13.6737,20.0794,8.3767,8.0071,0.0,0.3696,5.1738
2009-05-01,84.84,42.3658,9.7517,11.7021,6.2844,11.8104,0.6501,0.3251,1.9503
2009-06-01,96.27,27.9225,14.5864,21.5323,7.6405,14.1696,2.9173,3.7508,3.7508
2009-07-01,88.88,31.0168,14.8568,19.4181,11.0774,1.9548,3.5187,2.3458,4.6916
2009-08-01,86.3,27.578,12.6003,26.0326,6.7756,4.3982,1.0698,1.0698,6.7756
2009-09-01,91.3,34.3109,13.7479,26.2032,1.7625,11.0453,1.41,1.0575,1.7625
2009-10-01,88.44,31.6599,14.9476,23.8746,1.2456,9.5499,0.9342,0.9342,5.2939
2009-11-01,86.8,24.3352,16.0066,27.5886,2.863,8.5889,0.7808,1.5616,5.0753
2009-12-01,100.79,31.132,11.6745,37.7476,4.4104,6.7453,1.1675,2.3349,5.5778
2010-01-01,104.68,21.7855,17.264,46.9964,3.6994,3.6994,0.411,2.4663,8.358
2010-02-01,95.17,27.7129,22.711,24.3332,3.7852,10.1388,0.8111,1.6222,4.0555
2010-03-01,93.46,24.6541,19.0143,27.3934,4.9953,5.3176,0.0,3.3839,8.7014
2010-04-01,91.49,22.3544,14.212,25.1672,5.3295,8.8825,5.7736,3.553,6.2178
2010-05-01,109.31,29.0273,15.2982,41.5796,10.4603,4.9686,1.1768,2.3536,4.4456
2010-06-01,106.34,38.3366,18.6942,23.9773,10.2953,2.032,0.0,6.5023,6.5023
2010-07-01,97.73,29.2152,18.241,31.2914,5.0422,2.8177,0.0,3.1143,8.0082
2010-08-01,96.3,33.9431,17.6627,25.6493,2.7646,4.1469,0.0,2.3038,9.8297
2010-09-01,91.95,25.7291,21.5112,28.2599,3.7961,4.6397,0.0,2.1089,5.905
2010-10-01,85.75,16.1123,29.2205,25.5338,2.5943,4.9156,2.0482,1.2289,4.0963
2010-11-01,105.44,23.5808,21.2227,40.2558,4.0424,8.7586,0.0,1.0106,6.5689
2010-12-01,102.88,36.4638,20.8365,26.9138,5.9326,3.9068,0.0,1.7364,7.0902
2011-01-01,104.25,12.8937,35.379,29.8756,13.3654,3.7738,0.9434,1.8869,6.1324
2011-02-01,132.47,21.589,24.0069,25.0432,45.9414,2.418,2.0725,4.1451,7.2539
2011-03-01,143.18,65.7239,8.2604,13.1687,42.7385,5.3872,0.0,2.8732,5.0281
2011-04-01,123.0,42.6291,14.255,19.0066,40.457,2.4437,0.0,0.4073,3.8013
2011-05-01,125.6,47.7026,21.6945,23.217,23.8513,2.6642,0.3806,1.903,4.1867
2011-06-01,117.71,45.5838,19.4741,21.3494,21.3494,2.1638,0.4328,1.731,5.6258
2011-07-01,100.63,25.8104,18.8969,22.5841,24.1205,1.9972,0.4609,2.4581,4.3017
2011-08-01,101.45,36.0317,10.6323,17.2775,28.6482,0.886,0.443,2.6581,4.8731
2011-09-01,111.15,20.6501,28.2726,27.3024,24.1148,4.4349,0.4158,1.2473,4.7121
2011-10-01,99.51,29.5919,20.1631,24.0797,16.9718,1.7407,0.4352,1.3055,5.2221
2011-11-01,100.94,24.0466,21.3903,12.1631,20.4117,9.5068,0.4194,4.6136,8.3884
2011-12-01,107.82,14.5884,36.2195,14.5884,19.6189,11.0671,0.503,5.5335,5.7012
2012-01-01,96.3,12.6584,26.4384,17.3052,19.228,8.1719,0.4807,6.7298,5.2877
2012-02-01,105.68,16.9487,28.6276,17.6608,24.9245,9.2577,0.4273,3.4182,4.4152
2012-03-01,104.79,26.4105,16.613,19.8789,22.7187,12.3533,2.5559,2.1299,2.1299
2012-04-01,91.57,23.9826,16.2791,12.3547,19.7675,9.593,4.3605,2.1802,3.0523
2012-05-01,104.46,25.8709,17.0846,21.4778,16.9219,8.7864,1.9525,3.4169,8.9491
2012-06-01,91.42,19.835,18.3437,16.7032,21.3264,6.2637,1.7896,1.7896,5.3689
2012-07-01,90.63,20.208,15.156,16.9931,26.791,3.2149,1.3778,2.7556,4.1335
2012-08-01,87.34,21.326,14.253,18.8612,20.1471,7.2873,0.0,1.929,3.5365
2012-09-01,101.94,18.4844,27.4507,26.3471,15.4496,9.2422,0.4138,1.2415,3.3106
2012-10-01,92.63,26.4465,13.4246,26.0438,15.3041,2.8192,0.0,1.611,6.9808
2012-11-01,79.74,38.163,9.8761,12.4365,13.8996,2.0728,0.0,0.7316,2.5605
2012-12-01,84.33,22.0964,15.943,17.3415,22.0964,4.3354,0.4196,0.0,2.0978
2013-01-01,89.21,35.9016,9.4287,17.5277,18.6156,2.6594,0.7253,0.3626,3.9891
2013-02-01,86.96,20.0788,14.8785,19.3565,14.3007,14.0118,0.4334,1.3001,2.6001
2013-03-01,83.03,16.9865,16.7147,12.0944,17.3942,10.4637,0.8154,3.6691,4.8921
2013-04-01,109.99,17.9252,13.9012,42.0693,13.9012,16.218,0.7316,1.8291,3.4143
2013-05-01,93.34,29.7529,18.9576,25.2768,12.6384,1.5798,0.0,1.1849,3.9495
2013-06-01,88.76,22.8161,15.0252,18.7815,23.0943,3.3389,0.0,2.5042,3.1998
2013-07-01,81.37,15.9034,14.3594,15.2858,15.4402,1.8528,13.433,0.4632,4.6321
2013-08-01,106.65,39.4081,7.0273,24.5267,20.2552,1.6535,10.4721,0.8267,2.4802
2013-09-01,118.48,49.0017,22.7254,25.8028,10.5342,4.261,2.1305,1.0653,2.959
2013-10-01,88.12,14.5156,21.9933,20.0873,16.8616,9.3838,0.8797,0.4399,3.9588
2013-11-01,89.34,12.7024,27.5218,16.7954,16.2308,10.5853,1.2702,1.2702,2.9639
2013-12-01,92.9,15.4145,23.5347,18.7176,25.7367,1.6516,4.1289,0.8258,2.8902
2014-01-01,99.21,16.5796,19.6548,21.5267,33.2928,2.0056,1.7382,1.6045,2.8078
2014-02-01,98.96,14.6077,23.7733,17.0423,29.7882,5.1557,4.726,0.4296,3.4371
2014-03-01,127.36,63.8977,25.7986,15.0219,11.1032,0.3266,0.0,7.6198,3.5922
2014-04-01,100.67,28.1604,26.3919,14.0122,21.0863,3.6731,0.4081,4.4893,2.4487
2014-05-01,105.86,24.3273,22.8821,22.8821,25.6521,2.1678,1.8065,3.613,2.5291
2014-06-01,124.05,60.6006,21.3656,22.9195,13.3373,1.5539,0.0,1.1654,3.1077
2014-07-01,143.14,82.9294,14.6609,19.6971,11.863,2.3502,0.3357,6.7149,4.5885
2014-08-01,131.36,87.0922,15.1569,12.8714,6.6161,1.0826,0.7218,2.5262,5.2929
2014-09-01,138.7,87.1335,14.1578,18.877,5.6401,2.7625,0.0,4.8344,5.2948
2014-10-01,105.47,49.0468,15.9176,21.8705,6.2117,3.4941,0.3882,1.9412,6.6
2014-11-01,94.14,36.4367,18.1475,19.1399,5.3875,6.9471,0.0,2.1267,5.9546
2014-12-01,115.05,35.2321,25.2549,32.1142,7.9506,0.0,0.0,5.1445,9.3537
2015-01-01,127.56,29.8923,18.2017,58.0087,8.4349,2.2197,3.2556,1.7758,5.7713
2015-02-01,117.94,50.4359,9.6874,34.5978,8.3035,2.4603,4.613,1.8452,5.9969
2015-03-01,112.11,38.7973,17.6469,29.9739,6.4878,11.4186,0.0,1.9464,5.8391
2015-04-01,111.91,43.0306,19.6147,25.8488,4.5615,12.4682,0.0,0.4562,5.93
2015-05-01,103.42,39.8135,24.2688,18.0826,8.7241,3.331,3.331,0.0,5.8689
2015-06-01,105.4,41.7773,21.6859,18.4968,9.2484,6.3782,0.0,2.8702,4.9431
2015-07-01,119.21,32.5411,24.1642,33.8299,8.3769,14.3374,0.4833,0.4833,4.9939
2015-08-01,104.05,33.9114,15.8804,29.7758,6.4514,6.9477,0.4963,1.4888,9.0982
2015-09-01,114.93,40.4249,28.2793,14.3209,16.1337,7.0698,3.263,1.0877,4.3507
2015-10-01,103.79,50.8952,17.2876,20.1258,3.8704,3.4833,0.387,0.7741,6.9666
2015-11-01,154.83,31.5659,13.4262,90.984,6.9988,1.4283,0.0,1.2855,9.1413
2015-12-01,139.17,38.1545,15.9498,64.7375,7.0367,3.9093,0.0,2.8147,6.5676
2016-01-01,117.86,20.3101,24.4644,36.0042,10.7705,12.463,0.9232,4.6159,8.3087
2016-02-01,96.14,39.2169,13.1699,18.7305,10.8286,4.8289,0.439,2.634,6.2923
2016-03-01,109.98,24.5789,12.6366,48.1857,5.5545,8.4707,0.4166,2.4995,7.6375
2016-04-01,88.85,28.9877,14.9227,24.5281,5.8319,9.9485,0.0,1.0292,3.602
2016-05-01,82.07,29.552,19.9265,17.5623,7.7679,3.7151,0.0,0.0,3.5462
2016-06-01,102.62,19.1133,15.7002,51.8788,3.4131,3.6406,0.0,2.0478,6.8262
2016-07-01,119.38,17.0753,20.9025,59.322,6.0352,0.4416,11.1873,0.4416,3.9744
2016-08-01,94.89,38.8109,11.7971,23.5943,10.9423,2.5646,3.5904,0.0,3.5904
2016-09-01,106.37,30.9198,14.7942,31.6595,11.6874,13.1668,0.0,1.3315,2.8109
2016-10-01,90.12,46.1329,20.3843,13.3341,4.598,1.3794,0.0,0.0,4.2914
2016-11-01,91.33,32.6441,31.9105,12.8376,5.135,1.6505,1.1004,3.3011,2.7509
2016-12-01,133.27,28.7848,38.8782,33.6446,9.3457,8.0373,1.1215,7.2897,6.1682
2017-01-01,114.25,29.0401,42.2228,26.7475,4.5853,5.9227,1.7195,0.0,4.0121
2017-02-01,126.44,25.5721,54.7974,22.1219,4.6679,10.7565,0.0,1.8266,6.6975
2017-03-01,109.7,39.6683,22.2012,20.8952,4.8973,13.5493,0.9795,0.4897,7.0195
2017-04-01,133.37,51.604,20.5844,20.7274,7.2903,25.8735,0.4288,2.1442,4.7173
2017-05-01,121.85,30.9735,35.8475,27.9862,5.6601,9.1191,1.415,2.3584,8.4902
2017-06-01,120.42,29.4285,30.7815,39.238,3.0443,2.1987,2.5369,4.5665,8.6256
2017-07-01,110.93,25.8779,39.507,7.9359,3.1053,16.2168,1.2076,9.8336,7.2458
2017-08-01,127.5,29.1513,24.2927,16.7841,4.5641,37.6905,1.7667,8.8337,4.4169
2017-09-01,98.62,27.7459,27.7459,7.0443,0.8626,25.7332,0.0,5.4629,4.0253
2017-10-01,107.23,23.0768,35.2305,17.6922,3.6923,17.0768,0.0,4.1538,6.3076
2017-11-01,98.14,18.3032,31.0283,23.8813,2.6147,11.8535,2.6147,3.6606,4.1836
2017-12-01,96.78,24.2856,34.0724,12.8678,7.6119,9.7867,0.0,2.7185,5.4371
2018-01-01,98.07,27.4735,29.2123,12.5196,3.1299,15.3017,0.0,5.2165,5.2165
2018-02-01,91.56,33.9334,27.7089,8.6339,2.4095,8.0316,0.6024,4.8189,5.4213
2018-03-01,121.87,28.3339,49.499,16.2152,3.7551,7.5102,0.0,10.7532,5.8033
2018-04-01,115.59,57.3237,33.0747,7.0262,5.1411,2.2278,0.5141,7.7117,2.5706
2018-05-01,117.29,23.693,56.7848,10.9653,1.7623,8.224,0.0,11.7486,4.112
2018-06-01,107.09,22.6622,42.4361,8.665,8.665,7.9984,0.0,8.665,7.9984
2018-07-01,120.03,11.7208,57.3018,18.4495,5.8604,7.8139,1.3023,9.7674,7.8139
2018-08-01,97.8,26.2883,27.759,13.9714,4.5959,3.309,0.5515,11.7654,9.5594
2018-09-01,82.77,20.5584,26.8153,13.944,4.8268,2.6815,0.5363,8.0446,5.3631
2018-10-01,114.17,10.9002,61.6424,23.8676,3.0069,2.3492,0.5638,5.0742,6.7656
2018-11-01,94.73,32.1683,32.612,14.6421,1.9967,2.6622,0.6656,5.3244,4.6589
2018-12-01,105.94,31.3818,51.3904,11.5839,3.1592,1.2637,0.0,1.8955,5.2654
2019-01-01,107.0,17.6697,59.2917,10.9945,2.945,2.356,6.4789,4.1229,3.1413
2019-02-01,98.23,16.8801,50.0302,7.3215,1.8304,7.5249,4.881,3.6607,6.1012
2019-03-01,99.74,28.6196,36.16,23.4783,1.0282,1.7137,1.5424,3.5989,3.5989
2019-04-01,96.67,14.8557,23.8984,36.8164,4.306,0.0,1.2918,8.3967,7.1049
2019-05-01,108.75,23.6529,38.5916,12.4489,4.9796,2.7565,6.4023,13.8716,6.0466
2019-06-01,113.23,34.8723,44.9559,7.5627,3.7813,5.0418,1.8907,10.7138,4.4116
2019-07-01,101.63,19.7507,39.6932,14.7651,6.1362,7.4784,1.1505,9.7795,2.8763
2019-08-01,139.81,21.5645,63.7951,18.1501,14.0169,3.9535,1.6173,11.8605,4.852
2019-09-01,105.07,30.5298,36.4771,13.0842,8.921,2.7754,0.0,5.9474,7.3351
2019-10-01,124.81,68.1255,25.1353,8.6674,11.961,2.0802,0.52,3.1202,5.2004
2019-11-01,98.24,19.1246,34.8269,11.6761,16.9102,3.6236,6.0393,2.4157,3.6236
2019-12-01,96.49,12.9782,31.0348,29.7182,5.8308,4.5142,1.1285,5.6427,5.6427
2020-01-01,146.39,95.9907,26.0286,6.1341,3.9789,3.6473,0.9947,2.4868,7.1288
2020-02-01,87.73,33.6183,27.6315,8.2894,5.0658,2.7631,0.0,3.4539,6.9079
2020-03-01,61.93,20.8381,22.7856,4.8687,2.337,1.1685,0.5842,2.337,7.0109
2020-04-01,42.36,12.8469,10.4164,5.2082,3.4721,0.0,0.0,0.0,10.4164
2020-05-01,63.57,12.3039,35.4919,3.9435,2.3661,0.4732,1.8929,4.7323,2.3661
2020-06-01,63.83,12.0234,33.5947,4.774,3.1827,1.5913,1.2377,4.2435,3.1827
2020-07-01,73.02,9.1657,36.8155,8.5546,4.5828,2.2914,0.4583,7.9436,3.208
2020-08-01,79.64,7.1973,37.7077,5.1633,4.6939,2.8163,0.9388,9.3878,11.7348
2020-09-01,78.64,13.5994,38.4331,9.4605,5.3215,0.0,0.0,5.3215,6.5041
2020-10-01,68.29,20.1057,16.6392,10.0528,4.1598,3.2932,2.5999,4.6798,6.7597
2020-11-01,65.07,18.6172,11.568,17.352,8.8568,2.169,1.0845,2.169,3.2535
2020-12-01,72.59,14.9914,20.7118,16.1749,3.1561,2.9588,0.0,3.5506,11.0463
2021-01-01,80.75,7.1826,22.4185,14.3652,5.8767,5.4414,0.653,3.9178,20.8949
2021-02-01,74.85,13.2478,16.5597,10.5982,4.6367,1.3248,21.1965,0.6624,6.6239
2021-03-01,79.37,14.9441,32.545,1.9926,4.6493,0.4981,12.7855,6.4758,5.4795
2021-04-01,78.84,24.8262,22.8133,3.5226,7.884,5.0323,6.7098,4.5291,3.5226
2021-05-01,91.65,53.8773,15.9582,4.5386,5.2706,1.3177,3.5137,1.7569,5.417
2021-06-01,75.52,18.424,27.3623,3.8307,10.5801,1.6417,3.2835,2.189,8.2087
2021-07-01,81.83,24.0994,22.3009,7.014,8.9923,1.6186,10.2512,0.0,7.5535
2021-08-01,131.44,61.8966,16.1595,18.0351,10.0997,2.5971,1.7314,0.8657,20.0551
2021-09-01,96.74,22.7227,37.1212,8.3241,6.2993,6.7493,4.0496,2.6997,8.7741
2021-10-01,78.64,9.7568,19.9039,19.9039,6.4395,5.8541,5.8541,0.5854,10.3422
2021-11-01,80.22,12.606,33.234,6.4176,8.4804,3.438,5.5008,4.8132,5.73
2021-12-01,82.46,21.4501,31.9994,4.7472,6.6812,3.6922,4.2197,3.1648,6.5054
2022-01-01,99.78,37.0035,37.5795,6.9112,5.7593,1.7278,6.0473,0.8639,3.8875
2022-02-01,187.43,134.9163,30.6032,2.2625,1.0717,2.6197,1.548,12.2651,2.1434
2022-03-01,318.93,257.3079,12.9615,2.4166,2.9658,9.117,0.3295,28.7789,5.0528
2022-04-01,211.9,166.2298,12.6452,10.8037,1.8415,3.6831,1.1049,11.5403,4.0514
2022-05-01,153.44,110.9413,16.6783,7.4126,1.1119,2.7179,0.3706,10.7482,3.4592
2022-06-01,142.16,105.1529,12.695,5.7487,2.2755,4.072,0.3593,8.9823,2.8743
2022-07-01,144.37,85.4057,32.5229,3.3052,1.9831,2.1153,0.0,5.9493,13.0885
2022-08-01,162.19,92.2138,25.8634,12.2065,3.9883,18.8537,0.3626,2.1754,6.5263
2022-09-01,141.02,93.7565,11.8159,5.0089,2.4402,13.9993,1.1559,6.1648,6.6785
2022-10-01,153.47,98.3227,16.8117,6.8775,6.4954,10.1889,2.6746,5.8586,6.2407
2022-11-01,137.04,90.2426,16.0908,9.7886,4.0227,8.8499,0.0,2.0114,6.0341
2022-12-01,144.59,102.0547,14.8798,8.2666,4.509,2.2545,2.7054,4.3587,5.5612
2023-01-01,119.94,87.4503,10.3051,10.162,3.8644,2.4332,1.4313,1.7175,2.5763
2023-02-01,157.36,99.9546,30.4335,5.3367,2.5962,4.6155,1.4423,5.3367,7.6444
2023-03-01,132.63,85.0073,29.1631,6.9805,2.482,5.2742,0.0,1.3961,2.3268
2023-04-01,134.28,59.6039,33.0562,5.6521,18.4978,6.851,0.5138,2.5691,7.5361
2023-05-01,119.75,70.8571,21.6633,3.1592,14.4422,2.8584,0.4513,2.7079,3.6106
2023-06-01,123.59,62.6436,24.6871,7.0976,9.7206,3.8574,10.0292,0.9258,4.6288
2023-07-01,124.44,71.5324,27.5251,2.9668,3.2964,5.1095,7.417,1.4834,5.1095
2023-08-01,112.79,57.3598,18.0674,8.4198,2.6312,2.6312,8.946,3.1574,11.5772
2023-09-01,117.35,72.1145,30.6253,1.6858,2.997,2.6223,1.6858,1.6858,3.9335
2023-10-01,242.19,206.457,11.0602,15.5977,0.4254,0.8508,0.0,2.9777,4.8211
2023-11-01,193.7,162.0755,12.7118,8.5262,2.0153,1.0852,0.9301,0.9301,5.4258
2023-12-01,173.86,128.1158,22.5522,7.8373,2.7191,2.7191,0.9597,3.3588,5.5981
2024-01-01,161.94,117.2241,28.1027,7.6079,2.7947,1.0868,0.4658,0.0,4.6579
2024-02-01,174.52,115.5805,36.1189,3.6119,1.9701,3.2835,0.0,6.0745,7.8805
2024-03-01,142.41,84.7601,22.0474,13.5551,6.6959,4.7361,0.4899,4.4095,5.716
2024-04-01,172.93,127.6463,18.6184,8.2047,6.6269,2.8401,0.9467,1.42,6.6269
2024-05-01,174.4,118.7368,26.5391,7.4103,4.3083,4.9976,1.034,4.136,7.2379
2024-06-01,128.28,80.9777,22.7114,6.2652,6.4218,4.8555,0.0,2.3495,4.6989
2024-07-01,138.87,73.7798,24.1014,20.6583,8.3617,0.4919,0.4919,1.4756,9.5094
2024-08-01,163.36,106.0609,25.1197,16.2539,5.2538,2.7911,2.4627,2.9553,2.4627
2024-09-01,163.06,109.0989,15.8017,16.1379,6.0517,3.8664,0.0,5.2112,6.8922
2024-10-01,163.78,132.5634,12.8287,8.1249,1.7105,4.7039,0.0,0.8552,2.9934
2024-11-01,141.74,93.9977,26.7621,7.5991,3.6344,3.6344,1.9824,1.4868,2.6432
2024-12-01,170.84,74.7316,21.3767,15.4677,27.8071,3.3021,16.5105,4.1711,7.4732
2025-01-01,168.78,87.2669,31.6462,23.9744,10.1652,1.1508,2.3015,9.2062,3.0687
2025-02-01,181.79,72.5048,78.6642,9.5031,3.5197,2.2878,2.1118,8.4472,4.7515
2025-03-01,187.92,90.1879,60.3539,5.1438,13.7168,3.0863,0.5144,9.2588,5.6582
2025-04-01,179.63,74.8291,38.018,9.2531,10.6611,7.4427,1.8104,32.1845,5.4311
2025-05-01,172.98,101.5595,30.8697,16.9875,3.4706,3.2879,0.0,10.4117,6.3931
2025-06-01,212.69,165.9342,15.6943,11.2803,4.9045,5.0679,0.0,6.3758,3.4331
2025-07-01,151.5,93.1628,22.451,5.8337,6.0105,2.1214,0.0,9.0158,12.9049
2025-08-01,154.08,89.9403,39.7055,4.3403,3.5365,3.5365,0.4823,7.2338,5.3048
2025-09-01,164.41,104.722,30.3801,9.2927,6.9696,2.3232,2.6806,6.4334,1.6084
2025-10-01,174.93,97.6045,29.3761,9.2866,5.1171,5.1171,3.0324,18.0047,7.3914
2025-11-01,132.3,56.387,39.7186,16.1922,9.9058,6.6674,0.0,0.0,3.4289
2025-12-01,163.92,71.8185,37.2545,33.5291,4.7603,2.4836,0.0,7.6579,6.4161
2026-01-01,198.68,0.0,0.0,0.0,0.0,0.0,0.0,0.0,0.0
2026-02-01,145.92,0.0,0.0,0.0,0.0,0.0,0.0,0.0,0.0
2026-03-01,334.05,0.0,0.0,0.0,0.0,0.0,0.0,0.0,0.0
